class_name,relative_path,filename,format,width,height,aspect_ratio,mean_r,mean_g,mean_b,md5
Kematangan,Master_Dataset\Kematangan\DS1_C4_1074_jpg.rf.19deecb6b2e522b7164921e26ef2c657.jpg,DS1_C4_1074_jpg.rf.19deecb6b2e522b7164921e26ef2c657.jpg,JPEG,224,224,1.0,0.4636225998401642,0.4256717562675476,0.3515510857105255,a4d92b5e21c51dbb08ba802aa7c506f5
Kematangan,Master_Dataset\Kematangan\DS1_C4_1075_jpg.rf.b5d3480d2640b2c013ac0d20cb25beca.jpg,DS1_C4_1075_jpg.rf.b5d3480d2640b2c013ac0d20cb25beca.jpg,JPEG,224,224,1.0,0.49447959661483765,0.4915409982204437,0.2309132218360901,39c5b6698fda612982fc94e3e563dc6f
Kematangan,Master_Dataset\Kematangan\DS1_C4_1076_jpg.rf.93e2223047e4f21b24c31c45a5de85b9.jpg,DS1_C4_1076_jpg.rf.93e2223047e4f21b24c31c45a5de85b9.jpg,JPEG,224,224,1.0,0.47595563530921936,0.4057391881942749,0.28714117407798767,1a37f4468e36964a8ab3742dfe4dd121
Kematangan,Master_Dataset\Kematangan\DS1_C4_1077_jpg.rf.0a4cd1ee5bd4d63f58a9467877ab31e2.jpg,DS1_C4_1077_jpg.rf.0a4cd1ee5bd4d63f58a9467877ab31e2.jpg,JPEG,224,224,1.0,0.5558988451957703,0.569145679473877,0.27657613158226013,4490c01ed1bc1c51225d53ae894710c0
Kematangan,Master_Dataset\Kematangan\DS1_C4_1078_jpg.rf.dcda01c9b237a1ca41899d2d2acd7797.jpg,DS1_C4_1078_jpg.rf.dcda01c9b237a1ca41899d2d2acd7797.jpg,JPEG,224,224,1.0,0.4021533727645874,0.5020319223403931,0.21173635125160217,ec7c4baa8754fb44fd52b872a3e05f4d
Kematangan,Master_Dataset\Kematangan\DS1_C4_1079_jpg.rf.346ce1cea5db7aac1602429666ef9051.jpg,DS1_C4_1079_jpg.rf.346ce1cea5db7aac1602429666ef9051.jpg,JPEG,224,224,1.0,0.4498862028121948,0.39099180698394775,0.1849481761455536,aa67409de3cb577ac96146d176ce55e5
Kematangan,Master_Dataset\Kematangan\DS1_C4_1080_jpg.rf.35db77e509022ceffabc0cc4c66fff76.jpg,DS1_C4_1080_jpg.rf.35db77e509022ceffabc0cc4c66fff76.jpg,JPEG,224,224,1.0,0.46694913506507874,0.39489448070526123,0.20425906777381897,4556ef1f098a68ef274566b0d5905004
Kematangan,Master_Dataset\Kematangan\DS1_C4_1081_jpg.rf.5903861c20cbeb2358e42607049eb3a1.jpg,DS1_C4_1081_jpg.rf.5903861c20cbeb2358e42607049eb3a1.jpg,JPEG,224,224,1.0,0.5317426919937134,0.4247742295265198,0.21224342286586761,c17451a961bcb7846b281f6445666aed
Kematangan,Master_Dataset\Kematangan\DS1_C4_1082_jpg.rf.6d4d36316924d8cd7f70d633b88d8ecd.jpg,DS1_C4_1082_jpg.rf.6d4d36316924d8cd7f70d633b88d8ecd.jpg,JPEG,224,224,1.0,0.536152184009552,0.468822181224823,0.24005553126335144,f5122e4e2e27738964063727b5373d8b
Kematangan,Master_Dataset\Kematangan\DS1_C4_1083_jpg.rf.4b45f2c5090d1906bc9e6320b7300e77.jpg,DS1_C4_1083_jpg.rf.4b45f2c5090d1906bc9e6320b7300e77.jpg,JPEG,224,224,1.0,0.4735480844974518,0.49829304218292236,0.2201702743768692,6178ab556bf3c5853a7692ad08a937b8
Kematangan,Master_Dataset\Kematangan\DS1_C4_1084_jpg.rf.cabdcac4c1d8610c77e5e449f0d2e64b.jpg,DS1_C4_1084_jpg.rf.cabdcac4c1d8610c77e5e449f0d2e64b.jpg,JPEG,224,224,1.0,0.4912741184234619,0.4586103856563568,0.23879025876522064,3b069449a7c49c8094df2cc177e681b3
Kematangan,Master_Dataset\Kematangan\DS1_C4_1085_jpg.rf.1b1d5c0a1e1bb0c6a2a13fa9b152f100.jpg,DS1_C4_1085_jpg.rf.1b1d5c0a1e1bb0c6a2a13fa9b152f100.jpg,JPEG,224,224,1.0,0.5020855069160461,0.4744953513145447,0.26473283767700195,4f9c49698e044f1f5b25ff42c6a7f55d
Kematangan,Master_Dataset\Kematangan\DS1_C4_1086_jpg.rf.d44a457a5d0c8a5cba65d34d7dea31bf.jpg,DS1_C4_1086_jpg.rf.d44a457a5d0c8a5cba65d34d7dea31bf.jpg,JPEG,224,224,1.0,0.4059574604034424,0.4466449022293091,0.1754724234342575,059f17b745c847b6314bcb67ea9d365c
Kematangan,Master_Dataset\Kematangan\DS1_C4_1087_jpg.rf.ffa12673c1c8025205bfb548755cf355.jpg,DS1_C4_1087_jpg.rf.ffa12673c1c8025205bfb548755cf355.jpg,JPEG,224,224,1.0,0.5254583954811096,0.48770689964294434,0.38382914662361145,bfcd868860459717d09c57c9aaf2dbad
Kematangan,Master_Dataset\Kematangan\DS1_C4_1088_jpg.rf.b0f6daecbe632cbb14216c71021d8319.jpg,DS1_C4_1088_jpg.rf.b0f6daecbe632cbb14216c71021d8319.jpg,JPEG,224,224,1.0,0.44568467140197754,0.42359527945518494,0.22645306587219238,7c42c9eb65b4294351378aaa30d9b757
Kematangan,Master_Dataset\Kematangan\DS1_C4_1089_jpg.rf.95a9398380e26298fd7f7fb7444df897.jpg,DS1_C4_1089_jpg.rf.95a9398380e26298fd7f7fb7444df897.jpg,JPEG,224,224,1.0,0.4449758529663086,0.45807161927223206,0.2234915792942047,3977897e112b0df8109cc184904a228e
Kematangan,Master_Dataset\Kematangan\DS1_C4_1090_jpg.rf.a40fb64a4bfff2c6eb8172ec50ecda48.jpg,DS1_C4_1090_jpg.rf.a40fb64a4bfff2c6eb8172ec50ecda48.jpg,JPEG,224,224,1.0,0.47291404008865356,0.4166161119937897,0.22969071567058563,ca19d152a32809745be8b7e27f350a69
Kematangan,Master_Dataset\Kematangan\DS1_C4_1091_jpg.rf.2cd1adbc054d0b9e9c4a388e92e19187.jpg,DS1_C4_1091_jpg.rf.2cd1adbc054d0b9e9c4a388e92e19187.jpg,JPEG,224,224,1.0,0.5231568813323975,0.43014684319496155,0.2331857681274414,d9c81f103e9699f68c899acc8dd64b9e
Kematangan,Master_Dataset\Kematangan\DS1_C4_1092_jpg.rf.1faac9efacc0bbc5b726da1b5ede16e1.jpg,DS1_C4_1092_jpg.rf.1faac9efacc0bbc5b726da1b5ede16e1.jpg,JPEG,224,224,1.0,0.49317410588264465,0.48566606640815735,0.27279114723205566,9c839dd9c2b4adb7dc8085fc0be20a2a
Kematangan,Master_Dataset\Kematangan\DS1_C4_1093_jpg.rf.d4a135a066a3e57b13461cd1923d9817.jpg,DS1_C4_1093_jpg.rf.d4a135a066a3e57b13461cd1923d9817.jpg,JPEG,224,224,1.0,0.4329383671283722,0.4555947482585907,0.18877534568309784,43097cbcecdf1ca7b7a65f599fa97d70
Kematangan,Master_Dataset\Kematangan\DS1_C4_1094_jpg.rf.fedddbea58d50bf5ab648d1ca75e7138.jpg,DS1_C4_1094_jpg.rf.fedddbea58d50bf5ab648d1ca75e7138.jpg,JPEG,224,224,1.0,0.5802208185195923,0.4720873236656189,0.32007893919944763,a4a3c8f5f734709885dbc73783f6f66c
Kematangan,Master_Dataset\Kematangan\DS1_C4_1095_jpg.rf.afc9430fbf56975629e188d883cd89b3.jpg,DS1_C4_1095_jpg.rf.afc9430fbf56975629e188d883cd89b3.jpg,JPEG,224,224,1.0,0.4284781515598297,0.43433940410614014,0.18482941389083862,ac028bbff123688cfdb688da64c2768d
Kematangan,Master_Dataset\Kematangan\DS1_C4_1096_jpg.rf.e8cf1cc1242acd396377f36c7e9c7554.jpg,DS1_C4_1096_jpg.rf.e8cf1cc1242acd396377f36c7e9c7554.jpg,JPEG,224,224,1.0,0.45142099261283875,0.45765915513038635,0.26776665449142456,ec56bc1408beafe6f8c928a7724cb398
Kematangan,Master_Dataset\Kematangan\DS1_C4_1097_jpg.rf.6aea147b0a5a83383bc84f28062f088d.jpg,DS1_C4_1097_jpg.rf.6aea147b0a5a83383bc84f28062f088d.jpg,JPEG,224,224,1.0,0.5061928033828735,0.5041202306747437,0.23611289262771606,85922ccb89392e7c7f6fcf1a40379097
Kematangan,Master_Dataset\Kematangan\DS1_C4_1098_jpg.rf.f9b2be70f274219ded55ee7871430423.jpg,DS1_C4_1098_jpg.rf.f9b2be70f274219ded55ee7871430423.jpg,JPEG,224,224,1.0,0.45119017362594604,0.47959375381469727,0.18406881392002106,4edf09ceb9a16628bac4b01e686165f7
Kematangan,Master_Dataset\Kematangan\DS1_C4_1099_jpg.rf.b20c143296773b4525be0f184e8a2945.jpg,DS1_C4_1099_jpg.rf.b20c143296773b4525be0f184e8a2945.jpg,JPEG,224,224,1.0,0.5131928324699402,0.4616377353668213,0.35384833812713623,ae41d05bfec12d76c0be79b511dee5ac
Kematangan,Master_Dataset\Kematangan\DS1_C4_1100_jpg.rf.35e63c6084a0d9e4ff5b3957e6f40835.jpg,DS1_C4_1100_jpg.rf.35e63c6084a0d9e4ff5b3957e6f40835.jpg,JPEG,224,224,1.0,0.6126113533973694,0.467603474855423,0.2740066945552826,d62489f0e6b8ac16382268e4fcbfd9d6
Kematangan,Master_Dataset\Kematangan\DS1_C4_1101_jpg.rf.468efd41809f18584691bf6320243c44.jpg,DS1_C4_1101_jpg.rf.468efd41809f18584691bf6320243c44.jpg,JPEG,224,224,1.0,0.6025974154472351,0.5056849718093872,0.314808189868927,a7b359d5b698d09d3ac8ed05a0166152
Kematangan,Master_Dataset\Kematangan\DS1_C4_1102_jpg.rf.713ff64dad0bdb5ee0c8f1980a4e4f33.jpg,DS1_C4_1102_jpg.rf.713ff64dad0bdb5ee0c8f1980a4e4f33.jpg,JPEG,224,224,1.0,0.47769781947135925,0.45541349053382874,0.19292543828487396,9373f8bd0f822c4a8ede3d04fc2bbfb3
Kematangan,Master_Dataset\Kematangan\DS1_C4_1103_jpg.rf.a1546f1e06f67354b9dc0c738e7f7ba4.jpg,DS1_C4_1103_jpg.rf.a1546f1e06f67354b9dc0c738e7f7ba4.jpg,JPEG,224,224,1.0,0.37594735622406006,0.4135040044784546,0.201578751206398,b93524c5188d61923d86857c11809b00
Kematangan,Master_Dataset\Kematangan\DS1_C4_1104_jpg.rf.0d9e68ffac7364ec886bc0b1727028d7.jpg,DS1_C4_1104_jpg.rf.0d9e68ffac7364ec886bc0b1727028d7.jpg,JPEG,224,224,1.0,0.4387790858745575,0.450706422328949,0.18375739455223083,e43c5c78b6ff8e2847d8e57fe4f3d228
Kematangan,Master_Dataset\Kematangan\DS1_C4_1105_jpg.rf.6e692e86821bf511284c105b01b1d37f.jpg,DS1_C4_1105_jpg.rf.6e692e86821bf511284c105b01b1d37f.jpg,JPEG,224,224,1.0,0.41396087408065796,0.41718989610671997,0.29087021946907043,8376c50bcdf78957819f9a0af0595649
Kematangan,Master_Dataset\Kematangan\DS1_C4_1106_jpg.rf.07f97e061b3b11974924b88485330a90.jpg,DS1_C4_1106_jpg.rf.07f97e061b3b11974924b88485330a90.jpg,JPEG,224,224,1.0,0.44951727986335754,0.44113829731941223,0.2655101418495178,d8499e0a8850fd527d77f201ffe91646
Kematangan,Master_Dataset\Kematangan\DS1_C4_1107_jpg.rf.004f30ff8efcda3cb8c81f460f78b640.jpg,DS1_C4_1107_jpg.rf.004f30ff8efcda3cb8c81f460f78b640.jpg,JPEG,224,224,1.0,0.4552922546863556,0.45782309770584106,0.23944619297981262,5f84319eff4f6f83b45a37c064315c77
Kematangan,Master_Dataset\Kematangan\DS1_C4_1108_jpg.rf.b78816ae32857c4ae020df650913f7f4.jpg,DS1_C4_1108_jpg.rf.b78816ae32857c4ae020df650913f7f4.jpg,JPEG,224,224,1.0,0.49041980504989624,0.49811607599258423,0.3095669746398926,148d67b091e6ea780d58f3fd8b2f9afd
Kematangan,Master_Dataset\Kematangan\DS1_C4_1109_jpg.rf.eff30e5141ee99d399a69f76677cd986.jpg,DS1_C4_1109_jpg.rf.eff30e5141ee99d399a69f76677cd986.jpg,JPEG,224,224,1.0,0.5121262669563293,0.45991769433021545,0.3212476670742035,190efda89030234bfc23700794dd432d
Kematangan,Master_Dataset\Kematangan\DS1_C4_1110_jpg.rf.6075f47643905014fc5035db0f28079b.jpg,DS1_C4_1110_jpg.rf.6075f47643905014fc5035db0f28079b.jpg,JPEG,224,224,1.0,0.5064271092414856,0.4867364764213562,0.2829172611236572,f4118383929081716f88e010b1c1c84b
Kematangan,Master_Dataset\Kematangan\DS1_C4_1111_jpg.rf.3053cbc577971ec2f20b75bad2410c47.jpg,DS1_C4_1111_jpg.rf.3053cbc577971ec2f20b75bad2410c47.jpg,JPEG,224,224,1.0,0.47018659114837646,0.43483465909957886,0.17067725956439972,b33b8255de30702ae1df7e8ad5dd3627
Kematangan,Master_Dataset\Kematangan\DS1_C4_1112_jpg.rf.b0d1d20f9480a577bb0291630cd8d749.jpg,DS1_C4_1112_jpg.rf.b0d1d20f9480a577bb0291630cd8d749.jpg,JPEG,224,224,1.0,0.36995866894721985,0.4381820857524872,0.22830386459827423,fb1a422cdf7d8ca2c03f5a747f66fb95
Kematangan,Master_Dataset\Kematangan\DS1_C4_1113_jpg.rf.3af28e160d01670420e4a1dd111972cc.jpg,DS1_C4_1113_jpg.rf.3af28e160d01670420e4a1dd111972cc.jpg,JPEG,224,224,1.0,0.47076115012168884,0.4442799985408783,0.22769291698932648,71ed7efdd2421caf3a36614f9d858309
Kematangan,Master_Dataset\Kematangan\DS1_C4_1114_jpg.rf.76632576468e4ec2cec510962cea5401.jpg,DS1_C4_1114_jpg.rf.76632576468e4ec2cec510962cea5401.jpg,JPEG,224,224,1.0,0.4361468553543091,0.4747200012207031,0.26696261763572693,3241eedbaf402e972207b1b099e97bb7
Kematangan,Master_Dataset\Kematangan\DS1_C4_1115_jpg.rf.495f6cced6ea25b8816c3709f12f365b.jpg,DS1_C4_1115_jpg.rf.495f6cced6ea25b8816c3709f12f365b.jpg,JPEG,224,224,1.0,0.5808493494987488,0.4923073649406433,0.2801419794559479,54c6c09da0bac1afff209473a7a70f58
Kematangan,Master_Dataset\Kematangan\DS1_C4_1116_jpg.rf.d56e4b52f0859876e59715dac19525d7.jpg,DS1_C4_1116_jpg.rf.d56e4b52f0859876e59715dac19525d7.jpg,JPEG,224,224,1.0,0.5526548624038696,0.5377509593963623,0.3805997967720032,02b3a0d8fba4b844bba6bf7a76f85e80
Kematangan,Master_Dataset\Kematangan\DS1_C4_1117_jpg.rf.9f7741bbd499e9c69821032590a2c99f.jpg,DS1_C4_1117_jpg.rf.9f7741bbd499e9c69821032590a2c99f.jpg,JPEG,224,224,1.0,0.4792213439941406,0.4380611181259155,0.2687360942363739,07d6422fba2d7400f74c2332f586df2a
Kematangan,Master_Dataset\Kematangan\DS1_C4_1118_jpg.rf.84466b750eeada0558164b5e05855843.jpg,DS1_C4_1118_jpg.rf.84466b750eeada0558164b5e05855843.jpg,JPEG,224,224,1.0,0.44221070408821106,0.45904937386512756,0.29428061842918396,fbe29f8f548eabc03a9b0b4ac1e5068d
Kematangan,Master_Dataset\Kematangan\DS1_C4_1119_jpg.rf.3fb834c6557325972e1de243f3d8a5c9.jpg,DS1_C4_1119_jpg.rf.3fb834c6557325972e1de243f3d8a5c9.jpg,JPEG,224,224,1.0,0.3962741792201996,0.40808308124542236,0.297647088766098,07053ec89c23d115f922f9f454e54771
Kematangan,Master_Dataset\Kematangan\DS1_C4_1120_jpg.rf.b564d37eebcb84f37e7ed206f1496ef3.jpg,DS1_C4_1120_jpg.rf.b564d37eebcb84f37e7ed206f1496ef3.jpg,JPEG,224,224,1.0,0.4219359755516052,0.4669362008571625,0.20851026475429535,34f9b656e5ed86a47a74ca7556bcc8ae
Kematangan,Master_Dataset\Kematangan\DS1_C4_1121_jpg.rf.6635235588544c21472c883e960fb547.jpg,DS1_C4_1121_jpg.rf.6635235588544c21472c883e960fb547.jpg,JPEG,224,224,1.0,0.5552990436553955,0.5489293932914734,0.5159742832183838,a66a9ce19a2ea7a450df5c259f59639a
Kematangan,Master_Dataset\Kematangan\DS1_C4_1122_jpg.rf.b3b66d892cb11853e52595a9fff8872e.jpg,DS1_C4_1122_jpg.rf.b3b66d892cb11853e52595a9fff8872e.jpg,JPEG,224,224,1.0,0.537918746471405,0.5172838568687439,0.31076616048812866,189c6b2626d2b1d51b66bcb1d002f3fc
Kematangan,Master_Dataset\Kematangan\DS1_C4_1123_jpg.rf.65e88a60829dfbdbecfb6b16dd304961.jpg,DS1_C4_1123_jpg.rf.65e88a60829dfbdbecfb6b16dd304961.jpg,JPEG,224,224,1.0,0.46210357546806335,0.46749430894851685,0.17423352599143982,69270d2b37154f12f158e1e7aad89f2f
Kematangan,Master_Dataset\Kematangan\DS1_C4_1124_jpg.rf.33efd93efecf455391d8e2f9ed655fea.jpg,DS1_C4_1124_jpg.rf.33efd93efecf455391d8e2f9ed655fea.jpg,JPEG,224,224,1.0,0.40283283591270447,0.43612903356552124,0.18589089810848236,09724eeb3b4b25cab86488df089dd6fc
Kematangan,Master_Dataset\Kematangan\DS1_C4_1125_jpg.rf.128917c11712fa1839298d80bb1917b2.jpg,DS1_C4_1125_jpg.rf.128917c11712fa1839298d80bb1917b2.jpg,JPEG,224,224,1.0,0.3415775001049042,0.33274632692337036,0.22391608357429504,3e5c2ecd3515b85da1b5cb20413b53f8
Kematangan,Master_Dataset\Kematangan\DS1_C4_1126_jpg.rf.75f8d4596f089d81728d33e96c65bd42.jpg,DS1_C4_1126_jpg.rf.75f8d4596f089d81728d33e96c65bd42.jpg,JPEG,224,224,1.0,0.4163755774497986,0.410427063703537,0.1839050054550171,e3677d8a1af4d2fc91c8a5611ef0a72f
Kematangan,Master_Dataset\Kematangan\DS1_C4_1127_jpg.rf.17f19342404f7df18473c97cf58783bb.jpg,DS1_C4_1127_jpg.rf.17f19342404f7df18473c97cf58783bb.jpg,JPEG,224,224,1.0,0.486031174659729,0.436551958322525,0.26757046580314636,aa8adf8c824f4e2fbd7a88c3e5eb6b34
Kematangan,Master_Dataset\Kematangan\DS1_C4_1128_jpg.rf.ecf42cf0713fbdf1803f3711f291e6f5.jpg,DS1_C4_1128_jpg.rf.ecf42cf0713fbdf1803f3711f291e6f5.jpg,JPEG,224,224,1.0,0.44312340021133423,0.44599854946136475,0.31054866313934326,252fd0a189cdcde15f1aac41d602ce35
Kematangan,Master_Dataset\Kematangan\DS1_C4_1129_jpg.rf.1db9fd3906fa01bf25de4bbe81ed114a.jpg,DS1_C4_1129_jpg.rf.1db9fd3906fa01bf25de4bbe81ed114a.jpg,JPEG,224,224,1.0,0.42915329337120056,0.42829468846321106,0.39030396938323975,97d050b370c4321dfe2c5fabf6e9f73b
Kematangan,Master_Dataset\Kematangan\DS1_C4_1130_jpg.rf.0775ca6ff24ad86da0f4137bf8009720.jpg,DS1_C4_1130_jpg.rf.0775ca6ff24ad86da0f4137bf8009720.jpg,JPEG,224,224,1.0,0.4957282245159149,0.42408522963523865,0.312569797039032,21ce9f1c7159bd3e5b2640c9ed1cb17d
Kematangan,Master_Dataset\Kematangan\DS1_C4_1131_jpg.rf.3373d41981a86f68c72cf16d12e8a8fd.jpg,DS1_C4_1131_jpg.rf.3373d41981a86f68c72cf16d12e8a8fd.jpg,JPEG,224,224,1.0,0.5638035535812378,0.4751119315624237,0.29579421877861023,68099e234b53190b7da10cf313dec5f9
Kematangan,Master_Dataset\Kematangan\DS1_C4_1132_jpg.rf.98804655c3a0ef71932d89dc401d5ed0.jpg,DS1_C4_1132_jpg.rf.98804655c3a0ef71932d89dc401d5ed0.jpg,JPEG,224,224,1.0,0.4198436737060547,0.34485146403312683,0.2733787000179291,3417fe4fb7d23725a2adf097c4b42b55
Kematangan,Master_Dataset\Kematangan\DS1_C4_1133_jpg.rf.bf1ae7e22ab5315235e200be7f4ba57f.jpg,DS1_C4_1133_jpg.rf.bf1ae7e22ab5315235e200be7f4ba57f.jpg,JPEG,224,224,1.0,0.5399370193481445,0.47990676760673523,0.3587363362312317,abfa5153099f1ab79d14dd6b0d8bd373
Kematangan,Master_Dataset\Kematangan\DS1_C4_1134_jpg.rf.611f8eb677823dc76b6086eecb3eb52a.jpg,DS1_C4_1134_jpg.rf.611f8eb677823dc76b6086eecb3eb52a.jpg,JPEG,224,224,1.0,0.427913635969162,0.4121513068675995,0.37059611082077026,6926d8530a03632c1bf2e9b16ea51208
Kematangan,Master_Dataset\Kematangan\DS1_C4_1135_jpg.rf.cd7ebbe7cf683297ef55aec762500c98.jpg,DS1_C4_1135_jpg.rf.cd7ebbe7cf683297ef55aec762500c98.jpg,JPEG,224,224,1.0,0.5171339511871338,0.42216962575912476,0.2414969503879547,87b2ddc1c276c83673e00518550d4747
Kematangan,Master_Dataset\Kematangan\DS1_C4_1136_jpg.rf.f312898869d1b4e2c6bf9bd23f344f5e.jpg,DS1_C4_1136_jpg.rf.f312898869d1b4e2c6bf9bd23f344f5e.jpg,JPEG,224,224,1.0,0.47124114632606506,0.4630245566368103,0.20886172354221344,6d463b47be0fa59110be98087ec0137d
Kematangan,Master_Dataset\Kematangan\DS1_C4_1137_jpg.rf.e61ee8df8bbb99d48a58c87c0b1375b6.jpg,DS1_C4_1137_jpg.rf.e61ee8df8bbb99d48a58c87c0b1375b6.jpg,JPEG,224,224,1.0,0.4365110695362091,0.46722155809402466,0.20264531672000885,569db4f8298c21b9a2b992fcffef3200
Kematangan,Master_Dataset\Kematangan\DS1_C4_1138_jpg.rf.7bea65bef9808fd51e2c84ce6fdb9a27.jpg,DS1_C4_1138_jpg.rf.7bea65bef9808fd51e2c84ce6fdb9a27.jpg,JPEG,224,224,1.0,0.45012640953063965,0.4619089365005493,0.21430905163288116,d06dc55c7f5a60a5fc7e87c4f88735ef
Kematangan,Master_Dataset\Kematangan\DS1_C4_1139_jpg.rf.2a20d2565dc2ee08bece5cb2dd448b30.jpg,DS1_C4_1139_jpg.rf.2a20d2565dc2ee08bece5cb2dd448b30.jpg,JPEG,224,224,1.0,0.5157293081283569,0.5164408683776855,0.20778025686740875,43296608173447b9b8537dbaa8fe465d
Kematangan,Master_Dataset\Kematangan\DS1_C4_1140_jpg.rf.c9c0deba6efc77a448013b1c42b521a8.jpg,DS1_C4_1140_jpg.rf.c9c0deba6efc77a448013b1c42b521a8.jpg,JPEG,224,224,1.0,0.4812944233417511,0.43893754482269287,0.24057649075984955,c4a6113ac29e8b0a2a412f59000754a7
Kematangan,Master_Dataset\Kematangan\DS1_C4_1141_jpg.rf.545e1eb2d7ebaab93f00003264e7a07b.jpg,DS1_C4_1141_jpg.rf.545e1eb2d7ebaab93f00003264e7a07b.jpg,JPEG,224,224,1.0,0.4622577726840973,0.48340484499931335,0.285963237285614,ccb9821a6789537ff4874bf5b017e7e5
Kematangan,Master_Dataset\Kematangan\DS1_C4_1142_jpg.rf.549703b99cc66d899dfddea49a13fd01.jpg,DS1_C4_1142_jpg.rf.549703b99cc66d899dfddea49a13fd01.jpg,JPEG,224,224,1.0,0.5423686504364014,0.5222554802894592,0.18520966172218323,8ef32ab4727a18a6cbc66ceaeb8e2d88
Kematangan,Master_Dataset\Kematangan\DS1_C4_1143_jpg.rf.b39c3dcb38a217d71bc575c0ec3ad03a.jpg,DS1_C4_1143_jpg.rf.b39c3dcb38a217d71bc575c0ec3ad03a.jpg,JPEG,224,224,1.0,0.4660153388977051,0.46585777401924133,0.21010491251945496,ec071e75b65193167a01035d2d3b37a0
Kematangan,Master_Dataset\Kematangan\DS1_C4_1144_jpg.rf.112c0e061d389721a32a61037c2fce38.jpg,DS1_C4_1144_jpg.rf.112c0e061d389721a32a61037c2fce38.jpg,JPEG,224,224,1.0,0.35391977429389954,0.3346782326698303,0.22426266968250275,dbdb122f380057d316471ead2848c85a
Kematangan,Master_Dataset\Kematangan\DS1_C4_1145_jpg.rf.c9d3c48634c820babca7a8077b6ae214.jpg,DS1_C4_1145_jpg.rf.c9d3c48634c820babca7a8077b6ae214.jpg,JPEG,224,224,1.0,0.5353203415870667,0.47933557629585266,0.29177045822143555,cc00f9327dbaa33af1c09604679cad20
Kematangan,Master_Dataset\Kematangan\DS1_C4_1146_jpg.rf.6990a7be5e57314aaea84b149cdff333.jpg,DS1_C4_1146_jpg.rf.6990a7be5e57314aaea84b149cdff333.jpg,JPEG,224,224,1.0,0.4934138059616089,0.45024558901786804,0.25994089245796204,1b8910fe0631066f47ffcb773255bcf4
Kematangan,Master_Dataset\Kematangan\DS1_C4_1147_jpg.rf.30650e0d6b071824eade9ff6a8ba33d3.jpg,DS1_C4_1147_jpg.rf.30650e0d6b071824eade9ff6a8ba33d3.jpg,JPEG,224,224,1.0,0.4438765048980713,0.4687848687171936,0.1978391855955124,78aaa70ea2411d707277afca77a860f9
Kematangan,Master_Dataset\Kematangan\DS1_C4_1148_jpg.rf.05017158ec7fd90daa3a8f86ea7ea5a2.jpg,DS1_C4_1148_jpg.rf.05017158ec7fd90daa3a8f86ea7ea5a2.jpg,JPEG,224,224,1.0,0.5181971788406372,0.5046061277389526,0.3616693615913391,19e2041c6bbca38be4aa588c7afe4671
Kematangan,Master_Dataset\Kematangan\DS1_C4_1149_jpg.rf.aaa14e93ba525009d42a7a977720011e.jpg,DS1_C4_1149_jpg.rf.aaa14e93ba525009d42a7a977720011e.jpg,JPEG,224,224,1.0,0.5053122043609619,0.47760429978370667,0.4777405560016632,3e24d539b425f557556c5891978ff4d4
Kematangan,Master_Dataset\Kematangan\DS1_C4_1150_jpg.rf.dc9fcdffca7809ff5025dbe9b9dd2cce.jpg,DS1_C4_1150_jpg.rf.dc9fcdffca7809ff5025dbe9b9dd2cce.jpg,JPEG,224,224,1.0,0.5032240748405457,0.5274351239204407,0.2624971866607666,ea12465e71733e7b91fd24f551f9d3e1
Kematangan,Master_Dataset\Kematangan\DS1_C4_1151_jpg.rf.162943f3deb3df3987b1bc855b3f7419.jpg,DS1_C4_1151_jpg.rf.162943f3deb3df3987b1bc855b3f7419.jpg,JPEG,224,224,1.0,0.5620773434638977,0.4781859815120697,0.25296276807785034,85a3fd3935451c64fd8d80eebdcd3340
Kematangan,Master_Dataset\Kematangan\DS1_C4_1152_jpg.rf.7b5249c7337e307991e4a2a562a9c80b.jpg,DS1_C4_1152_jpg.rf.7b5249c7337e307991e4a2a562a9c80b.jpg,JPEG,224,224,1.0,0.48363643884658813,0.46808260679244995,0.2738909125328064,a785af8861fa7641cbc6b11d9b95d3bf
Kematangan,Master_Dataset\Kematangan\DS1_C4_1153_jpg.rf.b73d39b4372832b2b628bf3e016d55fd.jpg,DS1_C4_1153_jpg.rf.b73d39b4372832b2b628bf3e016d55fd.jpg,JPEG,224,224,1.0,0.41386133432388306,0.4138571321964264,0.26468634605407715,5115480ea603abe9eea8ac063157d549
Kematangan,Master_Dataset\Kematangan\DS1_C4_1154_jpg.rf.427685e9428e7eab3149a510ea3f3536.jpg,DS1_C4_1154_jpg.rf.427685e9428e7eab3149a510ea3f3536.jpg,JPEG,224,224,1.0,0.5419180989265442,0.45768481492996216,0.2530040442943573,3dbdc06d4878e1269c0182a3d3ea366c
Kematangan,Master_Dataset\Kematangan\DS1_C4_1155_jpg.rf.16160b7f07da2f5b810ae1ea70504afc.jpg,DS1_C4_1155_jpg.rf.16160b7f07da2f5b810ae1ea70504afc.jpg,JPEG,224,224,1.0,0.4668026566505432,0.44602155685424805,0.19162258505821228,462ac3f9482f1505a94e7d825c19ad45
Kematangan,Master_Dataset\Kematangan\DS1_C4_1156_jpg.rf.9421c2048ca2c26ae49ce4ff27d08590.jpg,DS1_C4_1156_jpg.rf.9421c2048ca2c26ae49ce4ff27d08590.jpg,JPEG,224,224,1.0,0.4419631063938141,0.4026189148426056,0.18268154561519623,db226424afb91a3ced4743ce698a88e9
Kematangan,Master_Dataset\Kematangan\DS1_C4_1157_jpg.rf.eb3930fea0cec6960db7232f6c3b18f2.jpg,DS1_C4_1157_jpg.rf.eb3930fea0cec6960db7232f6c3b18f2.jpg,JPEG,224,224,1.0,0.4578743875026703,0.46324536204338074,0.2224097102880478,08d5e39c13772bb7046444fdf8b1a796
Kematangan,Master_Dataset\Kematangan\DS1_C4_1158_jpg.rf.2e39084f0aaea7a3d2d20255537d7bdf.jpg,DS1_C4_1158_jpg.rf.2e39084f0aaea7a3d2d20255537d7bdf.jpg,JPEG,224,224,1.0,0.47122013568878174,0.4719565510749817,0.32366904616355896,19de51820f65b213cfcac1bccb76daec
Kematangan,Master_Dataset\Kematangan\DS1_C4_1159_jpg.rf.641d785f14c691e7339b70e1cfab7a27.jpg,DS1_C4_1159_jpg.rf.641d785f14c691e7339b70e1cfab7a27.jpg,JPEG,224,224,1.0,0.5166529417037964,0.3996136486530304,0.22320139408111572,e86b271650e147b46cba5f7b9691c409
Kematangan,Master_Dataset\Kematangan\DS1_C4_1160_jpg.rf.f257cb3b3ab0d07f78a1d94507dfb8e2.jpg,DS1_C4_1160_jpg.rf.f257cb3b3ab0d07f78a1d94507dfb8e2.jpg,JPEG,224,224,1.0,0.5112622380256653,0.4456966519355774,0.24635297060012817,037ea3139948dd7ec926a5ae63e3f15d
Kematangan,Master_Dataset\Kematangan\DS1_C4_1161_jpg.rf.2f14e63bdccf117caf43426a09b84421.jpg,DS1_C4_1161_jpg.rf.2f14e63bdccf117caf43426a09b84421.jpg,JPEG,224,224,1.0,0.47001639008522034,0.45388731360435486,0.3266165852546692,3a667c10f562e00277853bbb4cfafdb2
Kematangan,Master_Dataset\Kematangan\DS1_C4_1162_jpg.rf.36cb96a287244f5d368cb53bbcb2c9fb.jpg,DS1_C4_1162_jpg.rf.36cb96a287244f5d368cb53bbcb2c9fb.jpg,JPEG,224,224,1.0,0.4585174024105072,0.4269920289516449,0.27196288108825684,9031e9d3fe12cad9b21c7ff303412d49
Kematangan,Master_Dataset\Kematangan\DS1_C4_1163_jpg.rf.45c94e001f53b165575a004af35859c3.jpg,DS1_C4_1163_jpg.rf.45c94e001f53b165575a004af35859c3.jpg,JPEG,224,224,1.0,0.4609016180038452,0.49096328020095825,0.34953272342681885,2a56a4a1e1b49308bf12f632c310bfae
Kematangan,Master_Dataset\Kematangan\DS1_C4_1164_jpg.rf.a78ffc47f5932c17f5bc7b5026ee1c70.jpg,DS1_C4_1164_jpg.rf.a78ffc47f5932c17f5bc7b5026ee1c70.jpg,JPEG,224,224,1.0,0.47386878728866577,0.4460100829601288,0.4174683392047882,f49ce98632ea8cc54fb89ad411744ae8
Kematangan,Master_Dataset\Kematangan\DS1_C4_1165_jpg.rf.520482e9768f9a32d5ef3c58a868ff47.jpg,DS1_C4_1165_jpg.rf.520482e9768f9a32d5ef3c58a868ff47.jpg,JPEG,224,224,1.0,0.5101657509803772,0.4322790205478668,0.19634996354579926,eeb79172820c41114e25c893f8f8703e
Kematangan,Master_Dataset\Kematangan\DS1_C4_1166_jpg.rf.cfcb75f4ea1e9f72224b436af61a0e90.jpg,DS1_C4_1166_jpg.rf.cfcb75f4ea1e9f72224b436af61a0e90.jpg,JPEG,224,224,1.0,0.5421427488327026,0.4205344319343567,0.22524774074554443,c53c3d33f42fcbe7a577a36c758ad223
Kematangan,Master_Dataset\Kematangan\DS1_C4_1167_jpg.rf.a01375d4c7dc3cab3601cadc870ae54e.jpg,DS1_C4_1167_jpg.rf.a01375d4c7dc3cab3601cadc870ae54e.jpg,JPEG,224,224,1.0,0.42689377069473267,0.43907415866851807,0.18925243616104126,e8df950201d2133c4e171532c8e34625
Kematangan,Master_Dataset\Kematangan\DS1_C4_1168_jpg.rf.ae5a789c37ccbf8783ad448bf3c3fbd3.jpg,DS1_C4_1168_jpg.rf.ae5a789c37ccbf8783ad448bf3c3fbd3.jpg,JPEG,224,224,1.0,0.5376288294792175,0.4398590624332428,0.27377021312713623,09ecd501f3b7620ed07e5b92e539bb62
Kematangan,Master_Dataset\Kematangan\DS1_C4_1169_jpg.rf.830ea0d69226bd4ce0bbed939dd2cea2.jpg,DS1_C4_1169_jpg.rf.830ea0d69226bd4ce0bbed939dd2cea2.jpg,JPEG,224,224,1.0,0.4714857339859009,0.4792567491531372,0.24700841307640076,590a39cf5d763f98fd44058b1ad1cf60
Kematangan,Master_Dataset\Kematangan\DS1_C4_1170_jpg.rf.10e2b1dc14051d9163f07c8d7003009e.jpg,DS1_C4_1170_jpg.rf.10e2b1dc14051d9163f07c8d7003009e.jpg,JPEG,224,224,1.0,0.4622766673564911,0.49027127027511597,0.23363721370697021,2b0b3b26a54c1dd768eb7309c7445f4d
Kematangan,Master_Dataset\Kematangan\DS1_C4_1171_jpg.rf.4a0363eaba63e1bcb47fc9f1e3e1a333.jpg,DS1_C4_1171_jpg.rf.4a0363eaba63e1bcb47fc9f1e3e1a333.jpg,JPEG,224,224,1.0,0.44404804706573486,0.46042969822883606,0.17091502249240875,8d211abcc69c62b8ff6ade7080aee8ef
Kematangan,Master_Dataset\Kematangan\DS1_C4_1172_jpg.rf.594e73d3ff11ba497acbe7423448a8c7.jpg,DS1_C4_1172_jpg.rf.594e73d3ff11ba497acbe7423448a8c7.jpg,JPEG,224,224,1.0,0.418851375579834,0.4286803603172302,0.18871572613716125,fa4d8634c686863db1ae18cefffb50f5
Kematangan,Master_Dataset\Kematangan\DS1_C4_1173_jpg.rf.9e72407b05f83405ef573f4db064c653.jpg,DS1_C4_1173_jpg.rf.9e72407b05f83405ef573f4db064c653.jpg,JPEG,224,224,1.0,0.5181705951690674,0.5405107140541077,0.21850284934043884,bd02e7f1d783997e6185b60a5f7a0175
Kematangan,Master_Dataset\Kematangan\DS1_C4_1174_jpg.rf.d53147c8be17b9cab88773a4148ee355.jpg,DS1_C4_1174_jpg.rf.d53147c8be17b9cab88773a4148ee355.jpg,JPEG,224,224,1.0,0.5160215497016907,0.4468410015106201,0.2516512870788574,f01b64555e6c70dddceff5273732e300
Kematangan,Master_Dataset\Kematangan\DS1_C4_1175_jpg.rf.3c9bdffd643e02c8d057a6accae31e77.jpg,DS1_C4_1175_jpg.rf.3c9bdffd643e02c8d057a6accae31e77.jpg,JPEG,224,224,1.0,0.4537840485572815,0.4720449447631836,0.2091553509235382,ac7493f9e13419f18fd6f7d10d3ffca8
Kematangan,Master_Dataset\Kematangan\DS1_C4_1176_jpg.rf.44f81612fe9c670e9a0be8eb91d1410b.jpg,DS1_C4_1176_jpg.rf.44f81612fe9c670e9a0be8eb91d1410b.jpg,JPEG,224,224,1.0,0.46234747767448425,0.4610980153083801,0.3435254395008087,e9a7cfc512ce600ba091725c351996ba
Kematangan,Master_Dataset\Kematangan\DS1_C4_1177_jpg.rf.78527af8c9088f2d595011fed1eff48a.jpg,DS1_C4_1177_jpg.rf.78527af8c9088f2d595011fed1eff48a.jpg,JPEG,224,224,1.0,0.4481266438961029,0.4948612153530121,0.18728819489479065,04967bd86b3b07ac32c4d63301d5b1a3
Kematangan,Master_Dataset\Kematangan\DS1_C4_1178_jpg.rf.c1b1e920824d7aab1004f8399626584f.jpg,DS1_C4_1178_jpg.rf.c1b1e920824d7aab1004f8399626584f.jpg,JPEG,224,224,1.0,0.5508655905723572,0.5587888956069946,0.36323457956314087,aac1a7b759b86a464dc6f1afa65ccb99
Kematangan,Master_Dataset\Kematangan\DS1_C4_1179_jpg.rf.2388e8c33700d002c19b4e25228f6973.jpg,DS1_C4_1179_jpg.rf.2388e8c33700d002c19b4e25228f6973.jpg,JPEG,224,224,1.0,0.566798210144043,0.5130187273025513,0.277284175157547,c44be385231627a87e5aa9eddd894b63
Kematangan,Master_Dataset\Kematangan\DS1_C4_1180_jpg.rf.4c43bc571751f34348ef22da88e4d6f2.jpg,DS1_C4_1180_jpg.rf.4c43bc571751f34348ef22da88e4d6f2.jpg,JPEG,224,224,1.0,0.5090992450714111,0.4879087209701538,0.30717945098876953,64515df45b7fd30397e66e5c0eb222d6
Kematangan,Master_Dataset\Kematangan\DS1_C4_1181_jpg.rf.d571100a355bac769cf0b79f3b8d8862.jpg,DS1_C4_1181_jpg.rf.d571100a355bac769cf0b79f3b8d8862.jpg,JPEG,224,224,1.0,0.46928051114082336,0.4395955502986908,0.31395423412323,3650c9ea5a71e189053391c15e1a8914
Kematangan,Master_Dataset\Kematangan\DS1_C4_1182_jpg.rf.ad7796b5b6699e58024da26fc4988ccf.jpg,DS1_C4_1182_jpg.rf.ad7796b5b6699e58024da26fc4988ccf.jpg,JPEG,224,224,1.0,0.48138025403022766,0.48858946561813354,0.24063490331172943,e57c734d2e962f2a6db7c171b67f40a1
Kematangan,Master_Dataset\Kematangan\DS1_C4_1183_jpg.rf.3531088be13b1741ac492b9aa7bfe3e2.jpg,DS1_C4_1183_jpg.rf.3531088be13b1741ac492b9aa7bfe3e2.jpg,JPEG,224,224,1.0,0.6084301471710205,0.5017555356025696,0.3559427261352539,5b74e3041688cae67acd65911f0b2acd
Kematangan,Master_Dataset\Kematangan\DS1_C4_1184_jpg.rf.ab8813b4f04eb069eb429aea701db5d1.jpg,DS1_C4_1184_jpg.rf.ab8813b4f04eb069eb429aea701db5d1.jpg,JPEG,224,224,1.0,0.5196983814239502,0.46278271079063416,0.2639966607093811,24102d60107856160471666b699cb677
Kematangan,Master_Dataset\Kematangan\DS1_C4_1185_jpg.rf.41505d1dbc018d9f5214319610f98743.jpg,DS1_C4_1185_jpg.rf.41505d1dbc018d9f5214319610f98743.jpg,JPEG,224,224,1.0,0.4614681601524353,0.4259726107120514,0.15384602546691895,276b605d46662c18851a1c77d2f07a0b
Kematangan,Master_Dataset\Kematangan\DS1_C4_1186_jpg.rf.a6c3d088355732b352d1d438774237ea.jpg,DS1_C4_1186_jpg.rf.a6c3d088355732b352d1d438774237ea.jpg,JPEG,224,224,1.0,0.4895190894603729,0.5023254156112671,0.24066470563411713,67b6e6aac5b25a8920149eba1ce7428e
Kematangan,Master_Dataset\Kematangan\DS1_C4_1187_jpg.rf.8b10842c8fed500aa647492e29db4d1f.jpg,DS1_C4_1187_jpg.rf.8b10842c8fed500aa647492e29db4d1f.jpg,JPEG,224,224,1.0,0.47223490476608276,0.44225969910621643,0.2366674244403839,d423b010281c8ccc818360d94c43b372
Kematangan,Master_Dataset\Kematangan\DS1_C4_1188_jpg.rf.4e3733b4b1df64728c47c3e3cc9e820f.jpg,DS1_C4_1188_jpg.rf.4e3733b4b1df64728c47c3e3cc9e820f.jpg,JPEG,224,224,1.0,0.523971438407898,0.42000386118888855,0.2984289824962616,fc8f30b88109fdb0ea28d10c5bed5ac4
Kematangan,Master_Dataset\Kematangan\DS1_C4_1189_jpg.rf.8ec8aa8f91930bc2fb2d0b8e093518ab.jpg,DS1_C4_1189_jpg.rf.8ec8aa8f91930bc2fb2d0b8e093518ab.jpg,JPEG,224,224,1.0,0.5261418223381042,0.424198716878891,0.32181522250175476,ae9dfae59b7258da69952718a2504901
Kematangan,Master_Dataset\Kematangan\DS1_C4_1190_jpg.rf.6f4714c5c3b3f9831d67276399d3bf9a.jpg,DS1_C4_1190_jpg.rf.6f4714c5c3b3f9831d67276399d3bf9a.jpg,JPEG,224,224,1.0,0.4692215323448181,0.4614299237728119,0.3927239179611206,9ff881e8d911ef6eecf4276bca38acbd
Kematangan,Master_Dataset\Kematangan\DS1_C4_1191_jpg.rf.18076d62bac117eb06e3b4cd6c45acfb.jpg,DS1_C4_1191_jpg.rf.18076d62bac117eb06e3b4cd6c45acfb.jpg,JPEG,224,224,1.0,0.40211763978004456,0.42987674474716187,0.18441586196422577,0497146da67b6812468aba31964fb60e
Kematangan,Master_Dataset\Kematangan\DS1_C4_1192_jpg.rf.90618ce935e08cadf1e254dd20349744.jpg,DS1_C4_1192_jpg.rf.90618ce935e08cadf1e254dd20349744.jpg,JPEG,224,224,1.0,0.5079132914543152,0.5134680271148682,0.21162109076976776,2248e7d3f2591cb74d570d66a88a50d7
Kematangan,Master_Dataset\Kematangan\DS1_C4_1193_jpg.rf.425a63f749521f6927d4cde12ed109e3.jpg,DS1_C4_1193_jpg.rf.425a63f749521f6927d4cde12ed109e3.jpg,JPEG,224,224,1.0,0.44339144229888916,0.47244349122047424,0.20592235028743744,21b9ae95fcc3ba7edcfafd6c190b3900
Kematangan,Master_Dataset\Kematangan\DS1_C4_1194_jpg.rf.6a028e42303c7ba5db13d4ee149939bc.jpg,DS1_C4_1194_jpg.rf.6a028e42303c7ba5db13d4ee149939bc.jpg,JPEG,224,224,1.0,0.42571932077407837,0.4573991596698761,0.1627425253391266,3d6a5a6559f0247f69c8c7aaf3c35db3
Kematangan,Master_Dataset\Kematangan\DS1_C4_1195_jpg.rf.a12a707c182815b28f1d01b5818300ba.jpg,DS1_C4_1195_jpg.rf.a12a707c182815b28f1d01b5818300ba.jpg,JPEG,224,224,1.0,0.48999693989753723,0.5136950016021729,0.28544023633003235,9b6c8afa1fb1b1da81f082a045bbb8a0
Kematangan,Master_Dataset\Kematangan\DS1_C4_1196_jpg.rf.4f05ebc82fc33483912ab0d20cdcbaaf.jpg,DS1_C4_1196_jpg.rf.4f05ebc82fc33483912ab0d20cdcbaaf.jpg,JPEG,224,224,1.0,0.544991672039032,0.46526703238487244,0.23933517932891846,6f57e61d9072f5b5d8a39ca231cf8b05
Kematangan,Master_Dataset\Kematangan\DS1_C4_1197_jpg.rf.53a396bc34b90e8f4458095d71726c08.jpg,DS1_C4_1197_jpg.rf.53a396bc34b90e8f4458095d71726c08.jpg,JPEG,224,224,1.0,0.49469155073165894,0.41151848435401917,0.18183033168315887,8dddfc8ae79a18da8304e9ab6beb7a71
Kematangan,Master_Dataset\Kematangan\DS1_C4_1198_jpg.rf.4a470c5f4f7a5c08b5630615ce83a6ea.jpg,DS1_C4_1198_jpg.rf.4a470c5f4f7a5c08b5630615ce83a6ea.jpg,JPEG,224,224,1.0,0.4453390836715698,0.46555501222610474,0.2038518637418747,a3e22a85ffb7aac0d53e3950e58a10bc
Kematangan,Master_Dataset\Kematangan\DS1_C4_1199_jpg.rf.2bbcb02ea5b2d5653d00aae23f16a300.jpg,DS1_C4_1199_jpg.rf.2bbcb02ea5b2d5653d00aae23f16a300.jpg,JPEG,224,224,1.0,0.37436598539352417,0.40433427691459656,0.21885351836681366,ece3905ddb3dcfd5b9e313bf4f99df95
Kematangan,Master_Dataset\Kematangan\DS1_C4_1200_jpg.rf.0245befb21997bd3c9db3bb481f7e50a.jpg,DS1_C4_1200_jpg.rf.0245befb21997bd3c9db3bb481f7e50a.jpg,JPEG,224,224,1.0,0.4744139611721039,0.46824008226394653,0.14453737437725067,246dd95a6de921e1b73044b4f6a30a4a
Kematangan,Master_Dataset\Kematangan\DS1_C4_1201_jpg.rf.5cc27c0c03a1d213afa239b02200ff86.jpg,DS1_C4_1201_jpg.rf.5cc27c0c03a1d213afa239b02200ff86.jpg,JPEG,224,224,1.0,0.46862438321113586,0.4551457166671753,0.18842296302318573,c7ac42a62f9a2bb6f147139e77d383b4
Kematangan,Master_Dataset\Kematangan\DS1_C4_1202_jpg.rf.1a07acffe71442cab021450ff94c373d.jpg,DS1_C4_1202_jpg.rf.1a07acffe71442cab021450ff94c373d.jpg,JPEG,224,224,1.0,0.45753514766693115,0.46320822834968567,0.2103775441646576,271e1adf05d01d772e13aaa1f50a1bc6
Kematangan,Master_Dataset\Kematangan\DS1_C4_1203_jpg.rf.b84ab18e86b51914c16fadc8b040425a.jpg,DS1_C4_1203_jpg.rf.b84ab18e86b51914c16fadc8b040425a.jpg,JPEG,224,224,1.0,0.5497531294822693,0.4404369592666626,0.25316324830055237,b09dad2b221053a9c9ba6a582a49472f
Kematangan,Master_Dataset\Kematangan\DS1_C4_1204_jpg.rf.9c6a6e538d28c999c4de675bc5804444.jpg,DS1_C4_1204_jpg.rf.9c6a6e538d28c999c4de675bc5804444.jpg,JPEG,224,224,1.0,0.48192429542541504,0.47104156017303467,0.3134150207042694,3bf4be8d48bbbc4de5111f738a312e1d
Kematangan,Master_Dataset\Kematangan\DS1_C4_1205_jpg.rf.e41fd115ed8179b7d3a65e816b03489e.jpg,DS1_C4_1205_jpg.rf.e41fd115ed8179b7d3a65e816b03489e.jpg,JPEG,224,224,1.0,0.5208406448364258,0.5065742135047913,0.37016817927360535,7a4b6df1fbebbbd377bb432dd991f452
Kematangan,Master_Dataset\Kematangan\DS1_C4_1206_jpg.rf.3db6b04f4b95be701ee8a6616256dbb7.jpg,DS1_C4_1206_jpg.rf.3db6b04f4b95be701ee8a6616256dbb7.jpg,JPEG,224,224,1.0,0.43059831857681274,0.4409146010875702,0.1822775900363922,fd9707eb0135d5a0fee10996be0b83c1
Kematangan,Master_Dataset\Kematangan\DS1_C4_1207_jpg.rf.59e34c78caf33a3eeab0b5f0674a01ee.jpg,DS1_C4_1207_jpg.rf.59e34c78caf33a3eeab0b5f0674a01ee.jpg,JPEG,224,224,1.0,0.4431990087032318,0.4606182873249054,0.16741754114627838,f27cabb2c2c5db91353171e38ad00757
Kematangan,Master_Dataset\Kematangan\DS1_C4_1208_jpg.rf.e99fbf2983bc95e924e4ddfab6b1f2e9.jpg,DS1_C4_1208_jpg.rf.e99fbf2983bc95e924e4ddfab6b1f2e9.jpg,JPEG,224,224,1.0,0.45016753673553467,0.45692411065101624,0.2700277864933014,4d0d39761a8aa540d79433e6e8dbce58
Kematangan,Master_Dataset\Kematangan\DS1_C4_1209_jpg.rf.39543e62e56d15c91bf6ae64fea07ce2.jpg,DS1_C4_1209_jpg.rf.39543e62e56d15c91bf6ae64fea07ce2.jpg,JPEG,224,224,1.0,0.46959128975868225,0.44343265891075134,0.1862848848104477,2621aaf7d93e755f2cef41f0874b4cb2
Kematangan,Master_Dataset\Kematangan\DS1_C4_1210_jpg.rf.10c925ac3c338e21c908816fbf413df8.jpg,DS1_C4_1210_jpg.rf.10c925ac3c338e21c908816fbf413df8.jpg,JPEG,224,224,1.0,0.3925538659095764,0.37830400466918945,0.27182069420814514,4e70b16df9f6e46363c95a9ee423a839
Kematangan,Master_Dataset\Kematangan\DS1_C4_1211_jpg.rf.fdd24b1d4ddc4b70c534ad6edde2ed85.jpg,DS1_C4_1211_jpg.rf.fdd24b1d4ddc4b70c534ad6edde2ed85.jpg,JPEG,224,224,1.0,0.5741536617279053,0.5252983570098877,0.32013434171676636,2c784b991a3432be7fdd211625396126
Kematangan,Master_Dataset\Kematangan\DS1_C4_1212_jpg.rf.bd82711074f8c303df495c9b755d7fc4.jpg,DS1_C4_1212_jpg.rf.bd82711074f8c303df495c9b755d7fc4.jpg,JPEG,224,224,1.0,0.6101873517036438,0.46664831042289734,0.3552244305610657,c8117de09090a696ac57e42fab603a96
Kematangan,Master_Dataset\Kematangan\DS1_C4_1213_jpg.rf.7f83523d7eb5d99686aea1549bde07dc.jpg,DS1_C4_1213_jpg.rf.7f83523d7eb5d99686aea1549bde07dc.jpg,JPEG,224,224,1.0,0.49699667096138,0.5050944089889526,0.23187939822673798,7e4fcf251dc31d947ed3165618585835
Kematangan,Master_Dataset\Kematangan\DS1_C4_1214_jpg.rf.63d6714c6fbe1119ccb91e3170069a52.jpg,DS1_C4_1214_jpg.rf.63d6714c6fbe1119ccb91e3170069a52.jpg,JPEG,224,224,1.0,0.45948344469070435,0.4784645140171051,0.2743643522262573,ccd85940565dce428604f35288fd2801
Kematangan,Master_Dataset\Kematangan\DS1_C4_1215_jpg.rf.18c31b52a4c987ac681959de8c68a1fd.jpg,DS1_C4_1215_jpg.rf.18c31b52a4c987ac681959de8c68a1fd.jpg,JPEG,224,224,1.0,0.42478322982788086,0.47566288709640503,0.2180580198764801,c574e88a2cbab506a89f34cdc2f4af8a
Kematangan,Master_Dataset\Kematangan\DS1_C4_1216_jpg.rf.b5d551b95afc8ed052493edec1531872.jpg,DS1_C4_1216_jpg.rf.b5d551b95afc8ed052493edec1531872.jpg,JPEG,224,224,1.0,0.3244011402130127,0.3634835183620453,0.17407874763011932,477efec7c598d7a56dcef77e5a260723
Kematangan,Master_Dataset\Kematangan\DS1_C4_1217_jpg.rf.a7a5aab499fac588c94199d265121fa0.jpg,DS1_C4_1217_jpg.rf.a7a5aab499fac588c94199d265121fa0.jpg,JPEG,224,224,1.0,0.5475637316703796,0.5071603059768677,0.3206050992012024,edd46d04b559c981dd508773b0c252e6
Kematangan,Master_Dataset\Kematangan\DS1_C4_1218_jpg.rf.db44be41d1faefe2081f80d5b5a31871.jpg,DS1_C4_1218_jpg.rf.db44be41d1faefe2081f80d5b5a31871.jpg,JPEG,224,224,1.0,0.47406652569770813,0.4538078308105469,0.35949909687042236,ef42a1dcccf3b838ce4876f04abf3b9f
Kematangan,Master_Dataset\Kematangan\DS1_C4_1219_jpg.rf.691971f6e30e97e45a8abee6d5aba95f.jpg,DS1_C4_1219_jpg.rf.691971f6e30e97e45a8abee6d5aba95f.jpg,JPEG,224,224,1.0,0.5508439540863037,0.5018635988235474,0.37572145462036133,bd87e2db7f891cbedf406ccd092e33f1
Kematangan,Master_Dataset\Kematangan\DS1_C4_1220_jpg.rf.ba8d90eab2d6b19a158120599833215b.jpg,DS1_C4_1220_jpg.rf.ba8d90eab2d6b19a158120599833215b.jpg,JPEG,224,224,1.0,0.28346559405326843,0.3126415014266968,0.1143154576420784,0df8b736e900595007a08e538a7313e5
Kematangan,Master_Dataset\Kematangan\DS1_C4_1221_jpg.rf.b5f7c6b5dc5c0ec0b9dd3df66e5a7e1a.jpg,DS1_C4_1221_jpg.rf.b5f7c6b5dc5c0ec0b9dd3df66e5a7e1a.jpg,JPEG,224,224,1.0,0.5482898950576782,0.453148752450943,0.2686643898487091,edb9f11b0592752aa15a4e4ead64d8a2
Kematangan,Master_Dataset\Kematangan\DS1_C4_1222_jpg.rf.fd4d34f30daf1aee77494859c6fea207.jpg,DS1_C4_1222_jpg.rf.fd4d34f30daf1aee77494859c6fea207.jpg,JPEG,224,224,1.0,0.550879716873169,0.5026240348815918,0.44860443472862244,b51c7a3394b2bb5aa366c0ccac71224d
Kematangan,Master_Dataset\Kematangan\DS1_C4_1223_jpg.rf.4a2ab1543b48fe148703e15d804d6175.jpg,DS1_C4_1223_jpg.rf.4a2ab1543b48fe148703e15d804d6175.jpg,JPEG,224,224,1.0,0.6186187267303467,0.5081216096878052,0.36005401611328125,f14d14990dec007b80e34e500def654b
Kematangan,Master_Dataset\Kematangan\DS1_C4_1224_jpg.rf.275716f410e9697e9816c4734b814a71.jpg,DS1_C4_1224_jpg.rf.275716f410e9697e9816c4734b814a71.jpg,JPEG,224,224,1.0,0.46384885907173157,0.4368680417537689,0.253472238779068,3fc090a7b6bc897380b1fd59dc90b799
Kematangan,Master_Dataset\Kematangan\DS1_C4_1225_jpg.rf.c9373cf1d053955d17b9e27bd60f0a07.jpg,DS1_C4_1225_jpg.rf.c9373cf1d053955d17b9e27bd60f0a07.jpg,JPEG,224,224,1.0,0.5029674768447876,0.4452880024909973,0.3124096095561981,7156f57a57395bfc360c237aae7aad85
Kematangan,Master_Dataset\Kematangan\DS1_C4_1226_jpg.rf.a7abfad3c1e8d4b6ff84a8492438bc82.jpg,DS1_C4_1226_jpg.rf.a7abfad3c1e8d4b6ff84a8492438bc82.jpg,JPEG,224,224,1.0,0.49002960324287415,0.4701842665672302,0.29727110266685486,6bc5a837f92e30262ac559bf5d02cdee
Kematangan,Master_Dataset\Kematangan\DS1_C4_1227_jpg.rf.099975aaefb23451525e655cef411b5d.jpg,DS1_C4_1227_jpg.rf.099975aaefb23451525e655cef411b5d.jpg,JPEG,224,224,1.0,0.44685685634613037,0.37150126695632935,0.2851044237613678,cf24ca040dc2f201ea4014a62a8954e7
Kematangan,Master_Dataset\Kematangan\DS1_C4_1228_jpg.rf.4259aea08ea359fbdcb81050d78831a1.jpg,DS1_C4_1228_jpg.rf.4259aea08ea359fbdcb81050d78831a1.jpg,JPEG,224,224,1.0,0.518354594707489,0.41107460856437683,0.22525273263454437,1234435037e1c28914ca6802de138a8a
Kematangan,Master_Dataset\Kematangan\DS1_C4_1229_jpg.rf.1cb39d2453e96b5a831b31c7c4fee381.jpg,DS1_C4_1229_jpg.rf.1cb39d2453e96b5a831b31c7c4fee381.jpg,JPEG,224,224,1.0,0.47861865162849426,0.47730207443237305,0.23559404909610748,e35ca44d8bb2ac5452ff81b06ffc74a5
Kematangan,Master_Dataset\Kematangan\DS1_C4_1230_jpg.rf.4622f1cb18b5e5f8ddea75eeac10c94d.jpg,DS1_C4_1230_jpg.rf.4622f1cb18b5e5f8ddea75eeac10c94d.jpg,JPEG,224,224,1.0,0.4460441768169403,0.48808062076568604,0.19355881214141846,c75c9eb7d62dd2a7b2db3d9aa8fcad5e
Kematangan,Master_Dataset\Kematangan\DS1_C4_1231_jpg.rf.8ad421ab10f5c002c8b872d910ec2d19.jpg,DS1_C4_1231_jpg.rf.8ad421ab10f5c002c8b872d910ec2d19.jpg,JPEG,224,224,1.0,0.4950791001319885,0.5113606452941895,0.2802753746509552,2853b4dac3469e85fb8f2c624cda3552
Kematangan,Master_Dataset\Kematangan\DS1_C4_1232_jpg.rf.f48674eb13e890972175f18a89d65ba6.jpg,DS1_C4_1232_jpg.rf.f48674eb13e890972175f18a89d65ba6.jpg,JPEG,224,224,1.0,0.5578525066375732,0.4894966185092926,0.30630025267601013,f89998535480bcdc3787fd3f7dc04e33
Kematangan,Master_Dataset\Kematangan\DS1_C4_1233_jpg.rf.f31d80846cada57efd4bce9e99a02e45.jpg,DS1_C4_1233_jpg.rf.f31d80846cada57efd4bce9e99a02e45.jpg,JPEG,224,224,1.0,0.4204317331314087,0.5079120993614197,0.24055664241313934,b3931c9bad7041bacb9284468820d079
Kematangan,Master_Dataset\Kematangan\DS1_C4_1234_jpg.rf.f61364fd04411738b22fe79285818eb3.jpg,DS1_C4_1234_jpg.rf.f61364fd04411738b22fe79285818eb3.jpg,JPEG,224,224,1.0,0.4532952904701233,0.4378843605518341,0.17785480618476868,8827626a1b33204de11f67342f6d95cb
Kematangan,Master_Dataset\Kematangan\DS1_C4_1235_jpg.rf.6e47e02d26077f5d6384ff363573f208.jpg,DS1_C4_1235_jpg.rf.6e47e02d26077f5d6384ff363573f208.jpg,JPEG,224,224,1.0,0.4872133731842041,0.5402354001998901,0.21658043563365936,50e69e0586992121b8fcfb406cf5aa80
Kematangan,Master_Dataset\Kematangan\DS1_C4_1236_jpg.rf.6967b3d877df480f0d0abc61f122d33e.jpg,DS1_C4_1236_jpg.rf.6967b3d877df480f0d0abc61f122d33e.jpg,JPEG,224,224,1.0,0.5497315526008606,0.5174512267112732,0.46917104721069336,f79f7fbeae830310dbae3cfb8cacee13
Kematangan,Master_Dataset\Kematangan\DS1_C4_1237_jpg.rf.2b24ea4073be33bdcd3fc3fd8f38afb9.jpg,DS1_C4_1237_jpg.rf.2b24ea4073be33bdcd3fc3fd8f38afb9.jpg,JPEG,224,224,1.0,0.47696104645729065,0.4192728102207184,0.378312885761261,e95b2cf6354199b1521562d822d5de0c
Kematangan,Master_Dataset\Kematangan\DS1_C4_1238_jpg.rf.726c24129ee7272ce04324e79607392b.jpg,DS1_C4_1238_jpg.rf.726c24129ee7272ce04324e79607392b.jpg,JPEG,224,224,1.0,0.5499910712242126,0.4501117169857025,0.29645538330078125,a8142834b666d2da08266b2200d2da3c
Kematangan,Master_Dataset\Kematangan\DS1_C4_1239_jpg.rf.3e56488064f4bd840a96d48e9a3a8688.jpg,DS1_C4_1239_jpg.rf.3e56488064f4bd840a96d48e9a3a8688.jpg,JPEG,224,224,1.0,0.5897820591926575,0.48669952154159546,0.35557180643081665,e457dfdb2656bb8263c1e3abaf067fa5
Kematangan,Master_Dataset\Kematangan\DS1_C4_1240_jpg.rf.6c3cc998a817561b2e7e8c5fbb713aeb.jpg,DS1_C4_1240_jpg.rf.6c3cc998a817561b2e7e8c5fbb713aeb.jpg,JPEG,224,224,1.0,0.5032334923744202,0.4796372652053833,0.38168054819107056,1d33dea6935850d13b636119661ac299
Kematangan,Master_Dataset\Kematangan\DS1_C4_1241_jpg.rf.e98aaeae64c16b6fb6be8759040b1c04.jpg,DS1_C4_1241_jpg.rf.e98aaeae64c16b6fb6be8759040b1c04.jpg,JPEG,224,224,1.0,0.47742709517478943,0.46190956234931946,0.26479610800743103,57e0a1ee4f4a9a1c360c55f55c9faf72
Kematangan,Master_Dataset\Kematangan\DS1_C4_1242_jpg.rf.e4e3ca5cb14e2ef9134ea7c9013fb39f.jpg,DS1_C4_1242_jpg.rf.e4e3ca5cb14e2ef9134ea7c9013fb39f.jpg,JPEG,224,224,1.0,0.5856903195381165,0.45928576588630676,0.3428680896759033,16e014fba2d38fa50ea3d0d9ce981862
Kematangan,Master_Dataset\Kematangan\DS1_C4_1243_jpg.rf.1c111bd314e70d35eb96a1149fcd33ea.jpg,DS1_C4_1243_jpg.rf.1c111bd314e70d35eb96a1149fcd33ea.jpg,JPEG,224,224,1.0,0.5333218574523926,0.47995632886886597,0.23495879769325256,0fcd358b4e87d3217bf35a08a80d89aa
Kematangan,Master_Dataset\Kematangan\DS1_C4_1244_jpg.rf.731548736148e2defbd9328fc554e385.jpg,DS1_C4_1244_jpg.rf.731548736148e2defbd9328fc554e385.jpg,JPEG,224,224,1.0,0.5409319400787354,0.5140523910522461,0.2984711229801178,eeda5e510819b26724ff8843bb8865ff
Kematangan,Master_Dataset\Kematangan\DS1_C4_1245_jpg.rf.25773d8f1182ee3ef4b27532611c952d.jpg,DS1_C4_1245_jpg.rf.25773d8f1182ee3ef4b27532611c952d.jpg,JPEG,224,224,1.0,0.3808234930038452,0.383582204580307,0.2622925341129303,17debb8709e09788bda5d93614b84b59
Kematangan,Master_Dataset\Kematangan\DS1_C4_1246_jpg.rf.d8c10d13f92940582447618fafdb996d.jpg,DS1_C4_1246_jpg.rf.d8c10d13f92940582447618fafdb996d.jpg,JPEG,224,224,1.0,0.3504815995693207,0.36008769273757935,0.3248838782310486,d7858ab0c0a47b3ded4263e10b676cae
Kematangan,Master_Dataset\Kematangan\DS1_C4_1247_jpg.rf.ec7aaf807e59c09fa3f025dfc896e841.jpg,DS1_C4_1247_jpg.rf.ec7aaf807e59c09fa3f025dfc896e841.jpg,JPEG,224,224,1.0,0.4465576112270355,0.42409175634384155,0.3347398340702057,6eaa590a1d649e8465dd4d4323b14175
Kematangan,Master_Dataset\Kematangan\DS1_C4_1248_jpg.rf.e2c159a4c1b78c351e3f789d3d9457d1.jpg,DS1_C4_1248_jpg.rf.e2c159a4c1b78c351e3f789d3d9457d1.jpg,JPEG,224,224,1.0,0.47776028513908386,0.4446888864040375,0.2042565792798996,73514136a0642253990b0d1892504119
Kematangan,Master_Dataset\Kematangan\DS1_C4_1249_jpg.rf.5754e3d4b7aee222de83c9caff2c2f06.jpg,DS1_C4_1249_jpg.rf.5754e3d4b7aee222de83c9caff2c2f06.jpg,JPEG,224,224,1.0,0.45537424087524414,0.4643780291080475,0.2566831409931183,87921996b14c784372c3a7c5a3f6992d
Kematangan,Master_Dataset\Kematangan\DS1_C4_1250_jpg.rf.6dba742353ffbb44b7bb1813349bca7f.jpg,DS1_C4_1250_jpg.rf.6dba742353ffbb44b7bb1813349bca7f.jpg,JPEG,224,224,1.0,0.46892938017845154,0.45596063137054443,0.1882651448249817,22094287bdd54af322bd27c2623fc555
Kematangan,Master_Dataset\Kematangan\DS1_C4_1251_jpg.rf.a49fd39ccd68c3116a7f7ec05b157ca9.jpg,DS1_C4_1251_jpg.rf.a49fd39ccd68c3116a7f7ec05b157ca9.jpg,JPEG,224,224,1.0,0.43472838401794434,0.38259321451187134,0.2215660661458969,dba742c9557d0a7648844a8e86e003ce
Kematangan,Master_Dataset\Kematangan\DS1_C4_1252_jpg.rf.d97de9c8796cd7dbb32d498a643c9f9b.jpg,DS1_C4_1252_jpg.rf.d97de9c8796cd7dbb32d498a643c9f9b.jpg,JPEG,224,224,1.0,0.3791158199310303,0.40799087285995483,0.15267370641231537,2d6b7149b635339fc8360799b0c8632a
Kematangan,Master_Dataset\Kematangan\DS1_C4_1253_jpg.rf.373709f57517ce952f5d0aa8e9ff6368.jpg,DS1_C4_1253_jpg.rf.373709f57517ce952f5d0aa8e9ff6368.jpg,JPEG,224,224,1.0,0.49131453037261963,0.41493934392929077,0.17746759951114655,03c54dbbdec3c1d62d24be9cfcab4101
Kematangan,Master_Dataset\Kematangan\DS1_C4_1254_jpg.rf.aad14ee7cae965a44217246be189c019.jpg,DS1_C4_1254_jpg.rf.aad14ee7cae965a44217246be189c019.jpg,JPEG,224,224,1.0,0.5241811275482178,0.5147868394851685,0.21859896183013916,30c5de81cb4969dad04eb32952a2ea66
Kematangan,Master_Dataset\Kematangan\DS1_C4_1255_jpg.rf.26892c9a480ceac0bfe23687bfaeca20.jpg,DS1_C4_1255_jpg.rf.26892c9a480ceac0bfe23687bfaeca20.jpg,JPEG,224,224,1.0,0.47461414337158203,0.4759080410003662,0.2782882750034332,fb4d7a7498a31a385d82b82c93e542c7
Kematangan,Master_Dataset\Kematangan\DS1_C4_1256_jpg.rf.905ad6d3e49f985e2f6e82ed2325549d.jpg,DS1_C4_1256_jpg.rf.905ad6d3e49f985e2f6e82ed2325549d.jpg,JPEG,224,224,1.0,0.42034250497817993,0.48561257123947144,0.2091282159090042,ff8e85fbb4c349cc45921219b1f945cf
Kematangan,Master_Dataset\Kematangan\DS1_C4_1257_jpg.rf.13d7ce1f4c2d662fc19d8a8d7333e39c.jpg,DS1_C4_1257_jpg.rf.13d7ce1f4c2d662fc19d8a8d7333e39c.jpg,JPEG,224,224,1.0,0.44940969347953796,0.44428664445877075,0.20348840951919556,1ac48143161819d70a066302f300ab8e
Kematangan,Master_Dataset\Kematangan\DS1_C4_1258_jpg.rf.446ca375461ab9a96c0a04f09b09e27d.jpg,DS1_C4_1258_jpg.rf.446ca375461ab9a96c0a04f09b09e27d.jpg,JPEG,224,224,1.0,0.4742782711982727,0.4287518560886383,0.23034100234508514,cdfef54abf32b7792d6a51842557c71a
Kematangan,Master_Dataset\Kematangan\DS1_C4_1259_jpg.rf.1a616e9e7a4f007d4888fbecc9bda31c.jpg,DS1_C4_1259_jpg.rf.1a616e9e7a4f007d4888fbecc9bda31c.jpg,JPEG,224,224,1.0,0.3855699300765991,0.44043245911598206,0.2044719159603119,6d4a5b700efdd323a368b3ece712738c
Kematangan,Master_Dataset\Kematangan\DS1_C4_1260_jpg.rf.ac78f38c94f8726c49ce4a0513e0b71f.jpg,DS1_C4_1260_jpg.rf.ac78f38c94f8726c49ce4a0513e0b71f.jpg,JPEG,224,224,1.0,0.43113505840301514,0.42178240418434143,0.3124888837337494,ffffeec852e4c82b63047a7b2779881d
Kematangan,Master_Dataset\Kematangan\DS1_C4_1261_jpg.rf.7946f67c671fbd630d8d0885845cb052.jpg,DS1_C4_1261_jpg.rf.7946f67c671fbd630d8d0885845cb052.jpg,JPEG,224,224,1.0,0.4652276039123535,0.46140220761299133,0.2868502736091614,4046983c2b84403aa726e2d0684fcb6b
Kematangan,Master_Dataset\Kematangan\DS1_C4_1262_jpg.rf.c5575a7ae1c5fac0c254081df5b5a45f.jpg,DS1_C4_1262_jpg.rf.c5575a7ae1c5fac0c254081df5b5a45f.jpg,JPEG,224,224,1.0,0.48332709074020386,0.44771817326545715,0.24120381474494934,238bdda1cdb8b0e2ba30f4bfc1aa46d5
Kematangan,Master_Dataset\Kematangan\DS1_C4_1263_jpg.rf.54e74441af2e98d5720d2fca4de59cc9.jpg,DS1_C4_1263_jpg.rf.54e74441af2e98d5720d2fca4de59cc9.jpg,JPEG,224,224,1.0,0.5905384421348572,0.4813237488269806,0.34727907180786133,219e0f6033a0c4e5c1ca608fee7859b0
Kematangan,Master_Dataset\Kematangan\DS1_C4_1264_jpg.rf.153a32684196995745be7bf03bb5ead0.jpg,DS1_C4_1264_jpg.rf.153a32684196995745be7bf03bb5ead0.jpg,JPEG,224,224,1.0,0.5282469391822815,0.47079238295555115,0.23413240909576416,db826d57e4a665757fc696b89d0d3251
Kematangan,Master_Dataset\Kematangan\DS1_C4_1265_jpg.rf.5b6640d2db8083ee607bead17be0d5d5.jpg,DS1_C4_1265_jpg.rf.5b6640d2db8083ee607bead17be0d5d5.jpg,JPEG,224,224,1.0,0.5463594794273376,0.45903825759887695,0.20559044182300568,686d847ceff5a13bfcb1fc26d6ab5694
Kematangan,Master_Dataset\Kematangan\DS1_C4_1266_jpg.rf.ad268d6abf62916b32c373841e6cd811.jpg,DS1_C4_1266_jpg.rf.ad268d6abf62916b32c373841e6cd811.jpg,JPEG,224,224,1.0,0.5181593298912048,0.5343833565711975,0.3118690848350525,686198683fa5dd27b92a6106160c6af7
Kematangan,Master_Dataset\Kematangan\DS1_C4_1267_jpg.rf.a5cdee644c505d10bc2b681aebbd9100.jpg,DS1_C4_1267_jpg.rf.a5cdee644c505d10bc2b681aebbd9100.jpg,JPEG,224,224,1.0,0.4831080734729767,0.4828650653362274,0.3534195125102997,b28d9aea4059d3b7ab7b27fd679ea1cc
Kematangan,Master_Dataset\Kematangan\DS1_C4_1268_jpg.rf.3b470b0670252d0b9bf3b635adb05488.jpg,DS1_C4_1268_jpg.rf.3b470b0670252d0b9bf3b635adb05488.jpg,JPEG,224,224,1.0,0.43616098165512085,0.4207920730113983,0.3495243191719055,de3e6f6e982e63f4a1845e27c329d96c
Kematangan,Master_Dataset\Kematangan\DS1_C4_1269_jpg.rf.012c0ccdff5b553e1384b80e0228348a.jpg,DS1_C4_1269_jpg.rf.012c0ccdff5b553e1384b80e0228348a.jpg,JPEG,224,224,1.0,0.4898044764995575,0.4421655535697937,0.2921030521392822,b402ca17c888fd6680ec8083a10d6436
Kematangan,Master_Dataset\Kematangan\DS1_C4_1270_jpg.rf.2d3d9859c975c4654449a7d7e81ebf58.jpg,DS1_C4_1270_jpg.rf.2d3d9859c975c4654449a7d7e81ebf58.jpg,JPEG,224,224,1.0,0.43384456634521484,0.3898918926715851,0.21456366777420044,0356146c722602858b8ba27abdb3e8e2
Kematangan,Master_Dataset\Kematangan\DS1_C4_1271_jpg.rf.afc71ae02672b3b22d7d57ed8f61ebd0.jpg,DS1_C4_1271_jpg.rf.afc71ae02672b3b22d7d57ed8f61ebd0.jpg,JPEG,224,224,1.0,0.47877204418182373,0.44258734583854675,0.36534321308135986,094829946a079ab459572a4274b64e5d
Kematangan,Master_Dataset\Kematangan\DS1_C4_1272_jpg.rf.a729f73406a535fc8b0175d86e5508f4.jpg,DS1_C4_1272_jpg.rf.a729f73406a535fc8b0175d86e5508f4.jpg,JPEG,224,224,1.0,0.44188937544822693,0.46329328417778015,0.1847863644361496,1c505158c109da1191e944f770035402
Kematangan,Master_Dataset\Kematangan\DS1_C4_1273_jpg.rf.a98e9c113bd56ba48e7db8d292c321dc.jpg,DS1_C4_1273_jpg.rf.a98e9c113bd56ba48e7db8d292c321dc.jpg,JPEG,224,224,1.0,0.5050210952758789,0.5156179070472717,0.258120059967041,225eae149dd73cad0e3bf4aafee9bfeb
Kematangan,Master_Dataset\Kematangan\DS1_C4_1274_jpg.rf.edf1db3c2a61bad67859e6f0bc70ecb0.jpg,DS1_C4_1274_jpg.rf.edf1db3c2a61bad67859e6f0bc70ecb0.jpg,JPEG,224,224,1.0,0.5187859535217285,0.46997636556625366,0.3572387993335724,27bf4375cc44035d54e213e52fb4c544
Kematangan,Master_Dataset\Kematangan\DS1_C4_1275_jpg.rf.17d9f750a8b6d78dc4bebbd922f6da5b.jpg,DS1_C4_1275_jpg.rf.17d9f750a8b6d78dc4bebbd922f6da5b.jpg,JPEG,224,224,1.0,0.3813323378562927,0.44334089756011963,0.15224072337150574,6a7d9f273b9b95c6c5af7b055ace3d92
Kematangan,Master_Dataset\Kematangan\DS1_C4_1276_jpg.rf.87db92ff91f03298a289ec4e56da3391.jpg,DS1_C4_1276_jpg.rf.87db92ff91f03298a289ec4e56da3391.jpg,JPEG,224,224,1.0,0.35257288813591003,0.4294510781764984,0.22382956743240356,dae196a4c7eb6f9bf1841d26ff0abb07
Kematangan,Master_Dataset\Kematangan\DS1_C4_1277_jpg.rf.c189e6418ad526441cfc2613eacbc544.jpg,DS1_C4_1277_jpg.rf.c189e6418ad526441cfc2613eacbc544.jpg,JPEG,224,224,1.0,0.4321924149990082,0.4296634793281555,0.22921986877918243,46a93ebd4574591444b921291729f4dd
Kematangan,Master_Dataset\Kematangan\DS1_C4_1278_jpg.rf.f5c110ab9642d2036347d4dab19ce95b.jpg,DS1_C4_1278_jpg.rf.f5c110ab9642d2036347d4dab19ce95b.jpg,JPEG,224,224,1.0,0.4838612675666809,0.48055514693260193,0.23542283475399017,17564d5706c5649b6c786a397693026e
Kematangan,Master_Dataset\Kematangan\DS1_C4_1279_jpg.rf.ac0ae8169e90cbf67e114b61f4c3d368.jpg,DS1_C4_1279_jpg.rf.ac0ae8169e90cbf67e114b61f4c3d368.jpg,JPEG,224,224,1.0,0.4702282249927521,0.4452226758003235,0.2193525731563568,548a171fdce448edfa098806860f8040
Kematangan,Master_Dataset\Kematangan\DS1_C4_1280_jpg.rf.e6ce8aa55375ee13cd3e2998272407b9.jpg,DS1_C4_1280_jpg.rf.e6ce8aa55375ee13cd3e2998272407b9.jpg,JPEG,224,224,1.0,0.5317549109458923,0.48284128308296204,0.16562986373901367,f24c386eabc55b2c581453e874e9cbe6
Kematangan,Master_Dataset\Kematangan\DS1_C4_1281_jpg.rf.0e0422b999069aba62fda85b6636518b.jpg,DS1_C4_1281_jpg.rf.0e0422b999069aba62fda85b6636518b.jpg,JPEG,224,224,1.0,0.5364143252372742,0.5125977993011475,0.3439749479293823,aa2c23930f8747ca62d905be5d2d5f23
Kematangan,Master_Dataset\Kematangan\DS1_C4_1282_jpg.rf.b28e0f5229b9a8fbaf4727b181e6530c.jpg,DS1_C4_1282_jpg.rf.b28e0f5229b9a8fbaf4727b181e6530c.jpg,JPEG,224,224,1.0,0.4706913232803345,0.4564386308193207,0.23570622503757477,68acb7e6996137b87ac0501964aeec8a
Kematangan,Master_Dataset\Kematangan\DS1_C4_1283_jpg.rf.3d7247e5d8f00a2beeb9f31aa37cda3c.jpg,DS1_C4_1283_jpg.rf.3d7247e5d8f00a2beeb9f31aa37cda3c.jpg,JPEG,224,224,1.0,0.4970153868198395,0.43978261947631836,0.20507903397083282,07e151267605fed184af38bea07a5f21
Kematangan,Master_Dataset\Kematangan\DS1_C4_1284_jpg.rf.431c771804beab889690205d6ffe69ec.jpg,DS1_C4_1284_jpg.rf.431c771804beab889690205d6ffe69ec.jpg,JPEG,224,224,1.0,0.5609598159790039,0.5143221020698547,0.44458895921707153,1713c09ff3c60968fbd566a70c46329d
Kematangan,Master_Dataset\Kematangan\DS1_C4_1285_jpg.rf.1d0d4b76d4361215b87799b70a6a32db.jpg,DS1_C4_1285_jpg.rf.1d0d4b76d4361215b87799b70a6a32db.jpg,JPEG,224,224,1.0,0.46288326382637024,0.4814469814300537,0.21892963349819183,72bf94dab9f2efce651cb69ac2a5f8fb
Kematangan,Master_Dataset\Kematangan\DS1_C4_1286_jpg.rf.8120905593531f52130200111a3abeed.jpg,DS1_C4_1286_jpg.rf.8120905593531f52130200111a3abeed.jpg,JPEG,224,224,1.0,0.5329076051712036,0.5217258930206299,0.35268455743789673,0a6ca12c9d58ea0081e3e97c9eec71c2
Kematangan,Master_Dataset\Kematangan\DS1_C4_1287_jpg.rf.2719b053e78b4b46e81419c2612932c0.jpg,DS1_C4_1287_jpg.rf.2719b053e78b4b46e81419c2612932c0.jpg,JPEG,224,224,1.0,0.37689638137817383,0.3539959490299225,0.2750801146030426,05254c993502bfc3de03cae821dcaaad
Kematangan,Master_Dataset\Kematangan\DS1_C4_1288_jpg.rf.ee99cfdbc86416e3207e2f462912cf19.jpg,DS1_C4_1288_jpg.rf.ee99cfdbc86416e3207e2f462912cf19.jpg,JPEG,224,224,1.0,0.4293748140335083,0.4496941566467285,0.20047953724861145,693ac47a1633e9e2b9c51b79c29bd175
Kematangan,Master_Dataset\Kematangan\DS1_C4_1289_jpg.rf.284729f3c9a280010a9f69d98e2448da.jpg,DS1_C4_1289_jpg.rf.284729f3c9a280010a9f69d98e2448da.jpg,JPEG,224,224,1.0,0.46495890617370605,0.465188205242157,0.43012815713882446,8b2c49a1a5ce52f3e87d3b8ae4a6ee8c
Kematangan,Master_Dataset\Kematangan\DS1_C4_1290_jpg.rf.91dd803a18fd30a496322682c8d566d6.jpg,DS1_C4_1290_jpg.rf.91dd803a18fd30a496322682c8d566d6.jpg,JPEG,224,224,1.0,0.5400848984718323,0.4538821578025818,0.21453632414340973,2609f1f7953deee0f66bdba52ffcff0f
Kematangan,Master_Dataset\Kematangan\DS1_C4_1291_jpg.rf.912967bd947e452f19c034919c34b969.jpg,DS1_C4_1291_jpg.rf.912967bd947e452f19c034919c34b969.jpg,JPEG,224,224,1.0,0.44970759749412537,0.442392498254776,0.32349106669425964,58e494a969a919a8f15bd3ec549543b4
Kematangan,Master_Dataset\Kematangan\DS1_C4_1292_jpg.rf.ecb2c76b33875052851c007afd637fd8.jpg,DS1_C4_1292_jpg.rf.ecb2c76b33875052851c007afd637fd8.jpg,JPEG,224,224,1.0,0.4576512277126312,0.4569787085056305,0.17185258865356445,aef529bad823c6d4d91769c68b4c588a
Kematangan,Master_Dataset\Kematangan\DS1_C4_1293_jpg.rf.e9837105631d6159a5cc94492c4ba7b8.jpg,DS1_C4_1293_jpg.rf.e9837105631d6159a5cc94492c4ba7b8.jpg,JPEG,224,224,1.0,0.5671665668487549,0.4722140431404114,0.28660616278648376,f3c4694e5d3f81bae86484f96e5be9d6
Kematangan,Master_Dataset\Kematangan\DS1_C4_1294_jpg.rf.a7acceb5285a4a6091bfb664d3c31a24.jpg,DS1_C4_1294_jpg.rf.a7acceb5285a4a6091bfb664d3c31a24.jpg,JPEG,224,224,1.0,0.41527485847473145,0.4536879360675812,0.15717704594135284,c2d0bb046478e5545e0b5f1d0b2fb5c5
Kematangan,Master_Dataset\Kematangan\DS1_C4_1295_jpg.rf.745961c62f2e2fc71b170f9ed24e298f.jpg,DS1_C4_1295_jpg.rf.745961c62f2e2fc71b170f9ed24e298f.jpg,JPEG,224,224,1.0,0.47042402625083923,0.42435142397880554,0.23692139983177185,928d838e673f42bd9815e061b7a43f39
Kematangan,Master_Dataset\Kematangan\DS1_C4_1296_jpg.rf.54635b3e1c240c0eb25e3931fdc4d4e2.jpg,DS1_C4_1296_jpg.rf.54635b3e1c240c0eb25e3931fdc4d4e2.jpg,JPEG,224,224,1.0,0.5098890066146851,0.4877818822860718,0.25500091910362244,68cdfc3d41cbf03bbf4150b57c338545
Kematangan,Master_Dataset\Kematangan\DS1_C4_1297_jpg.rf.618aad3e0460920823afcbb81283d7ae.jpg,DS1_C4_1297_jpg.rf.618aad3e0460920823afcbb81283d7ae.jpg,JPEG,224,224,1.0,0.45036694407463074,0.5430893898010254,0.25682923197746277,dfa8346977717fa9747fcbc1274bf446
Kematangan,Master_Dataset\Kematangan\DS1_C4_1298_jpg.rf.ba18c50a45520a714db436b629d444bc.jpg,DS1_C4_1298_jpg.rf.ba18c50a45520a714db436b629d444bc.jpg,JPEG,224,224,1.0,0.40610992908477783,0.3807406723499298,0.2826787233352661,727feaea5ef27f174e82a568e49460d4
Kematangan,Master_Dataset\Kematangan\DS1_C4_1299_jpg.rf.f23d87a01112b3a8ba90a7a38a43c937.jpg,DS1_C4_1299_jpg.rf.f23d87a01112b3a8ba90a7a38a43c937.jpg,JPEG,224,224,1.0,0.5629724860191345,0.49304935336112976,0.383419007062912,320791b124610db987da748189222ca4
Kematangan,Master_Dataset\Kematangan\DS1_C4_1300_jpg.rf.d61d3de44f9045bcec6a1637c5fc2617.jpg,DS1_C4_1300_jpg.rf.d61d3de44f9045bcec6a1637c5fc2617.jpg,JPEG,224,224,1.0,0.49158886075019836,0.48271533846855164,0.25244519114494324,26d4a52ecbc1cfa0df846171ee810e23
Kematangan,Master_Dataset\Kematangan\DS1_C4_1301_jpg.rf.7e20cbbcf0f558e155dd840e9b986121.jpg,DS1_C4_1301_jpg.rf.7e20cbbcf0f558e155dd840e9b986121.jpg,JPEG,224,224,1.0,0.4553126394748688,0.4757976531982422,0.2376551479101181,d7677b7be76f50e49ac13fa93eb69e48
Kematangan,Master_Dataset\Kematangan\DS1_C4_1302_jpg.rf.8e9d5584cea267ac9170b9d84c3c7cc8.jpg,DS1_C4_1302_jpg.rf.8e9d5584cea267ac9170b9d84c3c7cc8.jpg,JPEG,224,224,1.0,0.6049458980560303,0.5557606816291809,0.4545862078666687,1c32288188f0bfe21b6ab8b51f394dd7
Kematangan,Master_Dataset\Kematangan\DS1_C4_1303_jpg.rf.452a72121d9fa5f27019954c371b844f.jpg,DS1_C4_1303_jpg.rf.452a72121d9fa5f27019954c371b844f.jpg,JPEG,224,224,1.0,0.4047341048717499,0.411941796541214,0.33656033873558044,c68e71ebd228ee04c65e1c0977f91d6f
Kematangan,Master_Dataset\Kematangan\DS1_C4_1304_jpg.rf.b305fe996c5d0add9f0c8ab75c42c1ec.jpg,DS1_C4_1304_jpg.rf.b305fe996c5d0add9f0c8ab75c42c1ec.jpg,JPEG,224,224,1.0,0.48004740476608276,0.49017617106437683,0.25748276710510254,8ff1ca2376179fb450468df399a05235
Kematangan,Master_Dataset\Kematangan\DS1_C4_1305_jpg.rf.88a4859db2c387198ffa295e317ddeb5.jpg,DS1_C4_1305_jpg.rf.88a4859db2c387198ffa295e317ddeb5.jpg,JPEG,224,224,1.0,0.4206928610801697,0.4633013606071472,0.20389586687088013,421b7979ea3988ed85fa824a819cc3ce
Kematangan,Master_Dataset\Kematangan\DS1_C4_1306_jpg.rf.3a6b953aa3db57f93508fdb8682ad1b2.jpg,DS1_C4_1306_jpg.rf.3a6b953aa3db57f93508fdb8682ad1b2.jpg,JPEG,224,224,1.0,0.5141761302947998,0.4806671142578125,0.22907929122447968,d40359c1b0304bc1c7c0ed8876423b78
Kematangan,Master_Dataset\Kematangan\DS1_C4_1307_jpg.rf.ae5d45794747a28b85708888a8ac10c8.jpg,DS1_C4_1307_jpg.rf.ae5d45794747a28b85708888a8ac10c8.jpg,JPEG,224,224,1.0,0.4241054058074951,0.46339723467826843,0.1810387223958969,2b39156055e753a76c20dc9b5846440f
Kematangan,Master_Dataset\Kematangan\DS1_C4_1308_jpg.rf.de2cdfebe46190d7e87bc8e60b367185.jpg,DS1_C4_1308_jpg.rf.de2cdfebe46190d7e87bc8e60b367185.jpg,JPEG,224,224,1.0,0.5167338848114014,0.4997314512729645,0.4094862937927246,57f49dbf2e6c03e9a791b9a49ce42935
Kematangan,Master_Dataset\Kematangan\DS1_C4_1309_jpg.rf.40490eae06dd2917373e92bb11c8198c.jpg,DS1_C4_1309_jpg.rf.40490eae06dd2917373e92bb11c8198c.jpg,JPEG,224,224,1.0,0.45745694637298584,0.46313029527664185,0.3129042685031891,8509bf48c582ec539e680986567368a5
Kematangan,Master_Dataset\Kematangan\DS1_C4_1310_jpg.rf.cf586f2b22f2b9c0ba686d1b61e105ca.jpg,DS1_C4_1310_jpg.rf.cf586f2b22f2b9c0ba686d1b61e105ca.jpg,JPEG,224,224,1.0,0.38457804918289185,0.36023470759391785,0.22990745306015015,9bd4526adaced34d5db29e78f99d56ad
Kematangan,Master_Dataset\Kematangan\DS1_C4_1311_jpg.rf.d17c107064f11c15801051afde46391a.jpg,DS1_C4_1311_jpg.rf.d17c107064f11c15801051afde46391a.jpg,JPEG,224,224,1.0,0.4324692487716675,0.41315972805023193,0.21619801223278046,7ddf17afeb307e01236b0e534d71168a
Kematangan,Master_Dataset\Kematangan\DS1_C4_1312_jpg.rf.08dcf5490dad980b946bddba7260fd0d.jpg,DS1_C4_1312_jpg.rf.08dcf5490dad980b946bddba7260fd0d.jpg,JPEG,224,224,1.0,0.508704662322998,0.46339115500450134,0.2094792127609253,541dcac4a5979b127d52dcbe2de8a483
Kematangan,Master_Dataset\Kematangan\DS1_C4_1313_jpg.rf.ea12acd429885caa312afdc6d3521cac.jpg,DS1_C4_1313_jpg.rf.ea12acd429885caa312afdc6d3521cac.jpg,JPEG,224,224,1.0,0.4641852378845215,0.482017457485199,0.29025667905807495,09c80fa156a0457c28e287c72e9831ac
Kematangan,Master_Dataset\Kematangan\DS1_C4_1314_jpg.rf.f87826431f23c19447e87c0a4ef8b9cb.jpg,DS1_C4_1314_jpg.rf.f87826431f23c19447e87c0a4ef8b9cb.jpg,JPEG,224,224,1.0,0.4216342568397522,0.476677268743515,0.194452166557312,e4e520d36f13241de1b86965f9e58bbf
Kematangan,Master_Dataset\Kematangan\DS1_C4_1315_jpg.rf.b1a5de680a1f7027f478cba5c592a7aa.jpg,DS1_C4_1315_jpg.rf.b1a5de680a1f7027f478cba5c592a7aa.jpg,JPEG,224,224,1.0,0.6096839308738708,0.49130260944366455,0.32360920310020447,177555886dda61f2d7f93f8bdf76ad01
Kematangan,Master_Dataset\Kematangan\DS1_C4_1316_jpg.rf.07d35893a974d78c8efafc2761fd7d44.jpg,DS1_C4_1316_jpg.rf.07d35893a974d78c8efafc2761fd7d44.jpg,JPEG,224,224,1.0,0.3786274790763855,0.38262298703193665,0.24139472842216492,1416495ece16fd9f4378bbab3b1cef29
Kematangan,Master_Dataset\Kematangan\DS1_C4_1317_jpg.rf.56c698f2a105e9b73f00179d7e5d002d.jpg,DS1_C4_1317_jpg.rf.56c698f2a105e9b73f00179d7e5d002d.jpg,JPEG,224,224,1.0,0.5889534950256348,0.43890464305877686,0.309700071811676,2258b0822bee48313b46843edd951956
Kematangan,Master_Dataset\Kematangan\DS1_C4_1318_jpg.rf.507641da768bc40f70f1dd47c2f2e70d.jpg,DS1_C4_1318_jpg.rf.507641da768bc40f70f1dd47c2f2e70d.jpg,JPEG,224,224,1.0,0.5327789783477783,0.4402922987937927,0.3096579611301422,39ddbdc7aba38aa807fb0d9bdb261335
Kematangan,Master_Dataset\Kematangan\DS1_C4_1319_jpg.rf.74ae845ca4f2aaa2d3fc6e65ba9f27c5.jpg,DS1_C4_1319_jpg.rf.74ae845ca4f2aaa2d3fc6e65ba9f27c5.jpg,JPEG,224,224,1.0,0.4730415344238281,0.4844249486923218,0.3465573191642761,c8993487130202f9787901e0ef2f1c60
Kematangan,Master_Dataset\Kematangan\DS1_C4_1320_jpg.rf.f378d7a668ca0841318b1c208b53d3b8.jpg,DS1_C4_1320_jpg.rf.f378d7a668ca0841318b1c208b53d3b8.jpg,JPEG,224,224,1.0,0.43995487689971924,0.4777117073535919,0.2557910978794098,46dd9ba3886ea1446ca267c1dac75d66
Kematangan,Master_Dataset\Kematangan\DS1_C4_1321_jpg.rf.fdc51ab81dcb6cd7614afde93bfb8388.jpg,DS1_C4_1321_jpg.rf.fdc51ab81dcb6cd7614afde93bfb8388.jpg,JPEG,224,224,1.0,0.4566441774368286,0.45371395349502563,0.19155919551849365,e86391206876e56a96c617537ba00a20
Kematangan,Master_Dataset\Kematangan\DS1_C4_1322_jpg.rf.1ede14974040f816777606c1c1a06861.jpg,DS1_C4_1322_jpg.rf.1ede14974040f816777606c1c1a06861.jpg,JPEG,224,224,1.0,0.46943938732147217,0.4818054735660553,0.1642039567232132,fbc407765b0d970d6a55bfd1e63131a9
Kematangan,Master_Dataset\Kematangan\DS1_C4_1323_jpg.rf.132e4bfac70063b16c3898c1d537e275.jpg,DS1_C4_1323_jpg.rf.132e4bfac70063b16c3898c1d537e275.jpg,JPEG,224,224,1.0,0.3814215362071991,0.4035717844963074,0.13222262263298035,92923860eee73eb3cf715e6a98a446e4
Kematangan,Master_Dataset\Kematangan\DS1_C4_1324_jpg.rf.5d408239e45057f155b805b2bd349693.jpg,DS1_C4_1324_jpg.rf.5d408239e45057f155b805b2bd349693.jpg,JPEG,224,224,1.0,0.4991527497768402,0.49206677079200745,0.3113013803958893,123fa2597443202382c4bf60660691af
Kematangan,Master_Dataset\Kematangan\DS1_C4_1325_jpg.rf.a9a7ddbc1d2232c2a96a80d276492633.jpg,DS1_C4_1325_jpg.rf.a9a7ddbc1d2232c2a96a80d276492633.jpg,JPEG,224,224,1.0,0.5365116596221924,0.4742208421230316,0.41044366359710693,58c7828eae39899a9ac72d573c42c651
Kematangan,Master_Dataset\Kematangan\DS1_C4_1326_jpg.rf.dda1672af6f833c49c76454b819ef81e.jpg,DS1_C4_1326_jpg.rf.dda1672af6f833c49c76454b819ef81e.jpg,JPEG,224,224,1.0,0.459345281124115,0.4918994903564453,0.22526207566261292,df897cd3f0d1c1457342f7dd5ed70599
Kematangan,Master_Dataset\Kematangan\DS1_C4_1327_jpg.rf.51dfbd34817cdbb50949d42d66246a46.jpg,DS1_C4_1327_jpg.rf.51dfbd34817cdbb50949d42d66246a46.jpg,JPEG,224,224,1.0,0.45219117403030396,0.4509052038192749,0.2817933261394501,d8f335a853894a1d3b43c35a6e218123
Kematangan,Master_Dataset\Kematangan\DS1_C4_1328_jpg.rf.e9630dbac937fde043a8713489dfc010.jpg,DS1_C4_1328_jpg.rf.e9630dbac937fde043a8713489dfc010.jpg,JPEG,224,224,1.0,0.4023492634296417,0.45118221640586853,0.21510358154773712,60621eefa4de62e3d5b1452d0efceabe
Kematangan,Master_Dataset\Kematangan\DS1_C4_1329_jpg.rf.04271320a46f6a7a11e546afbc845747.jpg,DS1_C4_1329_jpg.rf.04271320a46f6a7a11e546afbc845747.jpg,JPEG,224,224,1.0,0.525999128818512,0.4669414758682251,0.23590251803398132,aaeb03ae9437547bb3bcf01b9c9bba35
Kematangan,Master_Dataset\Kematangan\DS1_C4_1330_jpg.rf.d6e78835b216ecc25c0da68d0c76e1fc.jpg,DS1_C4_1330_jpg.rf.d6e78835b216ecc25c0da68d0c76e1fc.jpg,JPEG,224,224,1.0,0.632171630859375,0.5050910115242004,0.299168199300766,82bdeae840070add49e5554c680b1805
Kematangan,Master_Dataset\Kematangan\DS1_C4_1331_jpg.rf.f5ef994affc168c8ac8a0cd742c102a0.jpg,DS1_C4_1331_jpg.rf.f5ef994affc168c8ac8a0cd742c102a0.jpg,JPEG,224,224,1.0,0.378678560256958,0.4088008999824524,0.18052680790424347,9dc3687422f11960f00bc31b28a386d6
Kematangan,Master_Dataset\Kematangan\DS1_C4_1332_jpg.rf.e620155b7a180131721becae1454c448.jpg,DS1_C4_1332_jpg.rf.e620155b7a180131721becae1454c448.jpg,JPEG,224,224,1.0,0.4347199499607086,0.45754238963127136,0.3230251371860504,2f7e1dc925157d9bc06ba54fc2e31e39
Kematangan,Master_Dataset\Kematangan\DS1_C4_1333_jpg.rf.07f2f041e6b34f5666cb245692026bb2.jpg,DS1_C4_1333_jpg.rf.07f2f041e6b34f5666cb245692026bb2.jpg,JPEG,224,224,1.0,0.39265739917755127,0.45028841495513916,0.24715527892112732,f088ee9afe2a8fa373fa7d5d93f3077c
Kematangan,Master_Dataset\Kematangan\DS1_C4_1334_jpg.rf.89f91082e9c324e4ef46c2728af99061.jpg,DS1_C4_1334_jpg.rf.89f91082e9c324e4ef46c2728af99061.jpg,JPEG,224,224,1.0,0.5610758066177368,0.4709497392177582,0.2801751494407654,6ff13ff116144def633cc45685cf8dbb
Kematangan,Master_Dataset\Kematangan\DS1_C4_1335_jpg.rf.b2e562f8b46974892c154cb6360eddd2.jpg,DS1_C4_1335_jpg.rf.b2e562f8b46974892c154cb6360eddd2.jpg,JPEG,224,224,1.0,0.48714447021484375,0.4427902400493622,0.25867635011672974,98fb1c8dd35fe1767fde61e3ff1be1e6
Kematangan,Master_Dataset\Kematangan\DS1_C4_1336_jpg.rf.bdd7b858f8bc9a681a84829d025a89f6.jpg,DS1_C4_1336_jpg.rf.bdd7b858f8bc9a681a84829d025a89f6.jpg,JPEG,224,224,1.0,0.4210664629936218,0.452806293964386,0.3054087460041046,22f33b3426bb2f409fad652a245170a5
Kematangan,Master_Dataset\Kematangan\DS1_C4_1337_jpg.rf.694bba50ec9194545a635e63be138013.jpg,DS1_C4_1337_jpg.rf.694bba50ec9194545a635e63be138013.jpg,JPEG,224,224,1.0,0.471749871969223,0.4631411135196686,0.257693350315094,0defec5e7f9d2fb2ab183cf5b6c93719
Kematangan,Master_Dataset\Kematangan\DS1_C4_1338_jpg.rf.ded5bdfe1e5a95cbec5ac05441263e9a.jpg,DS1_C4_1338_jpg.rf.ded5bdfe1e5a95cbec5ac05441263e9a.jpg,JPEG,224,224,1.0,0.5058766603469849,0.44152194261550903,0.2996327579021454,0ed28cd0cd093dbaf5ab2e95a4197692
Kematangan,Master_Dataset\Kematangan\DS1_C4_1339_jpg.rf.d4664bcd56602c817064b5e9d3e84d3e.jpg,DS1_C4_1339_jpg.rf.d4664bcd56602c817064b5e9d3e84d3e.jpg,JPEG,224,224,1.0,0.41376200318336487,0.4214012026786804,0.24367201328277588,7de4525d58d389462b2d726c8c05a7ce
Kematangan,Master_Dataset\Kematangan\DS1_C4_1340_jpg.rf.b219f7134f2c230100d42a74ceabd912.jpg,DS1_C4_1340_jpg.rf.b219f7134f2c230100d42a74ceabd912.jpg,JPEG,224,224,1.0,0.4438718557357788,0.40221917629241943,0.18364515900611877,1faf564832c13d054d4ac52415971a33
Kematangan,Master_Dataset\Kematangan\DS1_C4_1341_jpg.rf.7f08dd1d044bad86bd1be9414652669b.jpg,DS1_C4_1341_jpg.rf.7f08dd1d044bad86bd1be9414652669b.jpg,JPEG,224,224,1.0,0.5344979763031006,0.45355352759361267,0.2820573151111603,a606eb164d51ac4073c8a821a8a83f58
Kematangan,Master_Dataset\Kematangan\DS1_C4_1342_jpg.rf.09694def0df9f782797b360c12ee4e58.jpg,DS1_C4_1342_jpg.rf.09694def0df9f782797b360c12ee4e58.jpg,JPEG,224,224,1.0,0.3869103789329529,0.3938298523426056,0.16958758234977722,3e39bd52bd6f5f88eb90379aec6de29a
Kematangan,Master_Dataset\Kematangan\DS1_C4_1343_jpg.rf.4aa7e319123eaecf60be8223b789a0c2.jpg,DS1_C4_1343_jpg.rf.4aa7e319123eaecf60be8223b789a0c2.jpg,JPEG,224,224,1.0,0.4749952554702759,0.47439369559288025,0.2561458945274353,dfb5a3debce4220e0be918b552ee79b5
Kematangan,Master_Dataset\Kematangan\DS1_C4_1344_jpg.rf.de16b355f93016e1a3e677900c2c35dc.jpg,DS1_C4_1344_jpg.rf.de16b355f93016e1a3e677900c2c35dc.jpg,JPEG,224,224,1.0,0.39797815680503845,0.43379685282707214,0.1863017976284027,a2454636094da13819bc7d3c21a23cc7
Kematangan,Master_Dataset\Kematangan\DS1_C4_1345_jpg.rf.d97ea9e71f21cbab5c59890dd11a79df.jpg,DS1_C4_1345_jpg.rf.d97ea9e71f21cbab5c59890dd11a79df.jpg,JPEG,224,224,1.0,0.4631987512111664,0.4384724199771881,0.24456796050071716,8d1e301c15dc983e2d1b98b0f420b06f
Kematangan,Master_Dataset\Kematangan\DS1_C4_1346_jpg.rf.9508f819bc266734f2466677969cde56.jpg,DS1_C4_1346_jpg.rf.9508f819bc266734f2466677969cde56.jpg,JPEG,224,224,1.0,0.6767891049385071,0.5790088772773743,0.40005728602409363,f1debaa2b6ff381272e4033888108518
Kematangan,Master_Dataset\Kematangan\DS1_C4_1347_jpg.rf.2a02dd532a7d318bf15f1bb43999385f.jpg,DS1_C4_1347_jpg.rf.2a02dd532a7d318bf15f1bb43999385f.jpg,JPEG,224,224,1.0,0.48211127519607544,0.5194177627563477,0.2615008056163788,82567dff12f8f5a4f35076c342e44097
Kematangan,Master_Dataset\Kematangan\DS1_C4_1348_jpg.rf.53ad5a3978c7f4d60d77058e5e13fc9b.jpg,DS1_C4_1348_jpg.rf.53ad5a3978c7f4d60d77058e5e13fc9b.jpg,JPEG,224,224,1.0,0.3404632806777954,0.3916102945804596,0.25259852409362793,07c228e62c9dc138b34ae997b352e5ce
Kematangan,Master_Dataset\Kematangan\DS1_C4_1349_jpg.rf.18556d3e1c78f0841eaf6f758f988f09.jpg,DS1_C4_1349_jpg.rf.18556d3e1c78f0841eaf6f758f988f09.jpg,JPEG,224,224,1.0,0.5381850004196167,0.4786754250526428,0.2514805793762207,e4b7e125e04ed87a907a7cef8dc27c17
Kematangan,Master_Dataset\Kematangan\DS1_C4_1350_jpg.rf.4505a1f98bd6073c6a9f227b3b6c1df7.jpg,DS1_C4_1350_jpg.rf.4505a1f98bd6073c6a9f227b3b6c1df7.jpg,JPEG,224,224,1.0,0.49446240067481995,0.4816953241825104,0.36149561405181885,c08a8cbadc257b256c9cf22c5f473f7b
Kematangan,Master_Dataset\Kematangan\DS1_C4_1351_jpg.rf.e251598034f2e891e68cb6edd208b902.jpg,DS1_C4_1351_jpg.rf.e251598034f2e891e68cb6edd208b902.jpg,JPEG,224,224,1.0,0.4168171286582947,0.4354202151298523,0.13824373483657837,3334964c523d6301436aaad511ab690e
Kematangan,Master_Dataset\Kematangan\DS1_C4_1352_jpg.rf.333c700ac8e491faa6e6ae6a689f50ad.jpg,DS1_C4_1352_jpg.rf.333c700ac8e491faa6e6ae6a689f50ad.jpg,JPEG,224,224,1.0,0.4439859986305237,0.437190979719162,0.2315700501203537,6bb5f3d3afdb51c278859add2237ae70
Kematangan,Master_Dataset\Kematangan\DS1_C4_1353_jpg.rf.57aca6dfaf49bbee6ca7a78a223e68db.jpg,DS1_C4_1353_jpg.rf.57aca6dfaf49bbee6ca7a78a223e68db.jpg,JPEG,224,224,1.0,0.4650435745716095,0.4624056816101074,0.20456692576408386,20ef2200f0bfd282a1553d3e90af103c
Kematangan,Master_Dataset\Kematangan\DS1_C4_1354_jpg.rf.5ca61c4e5a833712885d71396978d82c.jpg,DS1_C4_1354_jpg.rf.5ca61c4e5a833712885d71396978d82c.jpg,JPEG,224,224,1.0,0.5066949725151062,0.48246362805366516,0.257177472114563,9e2356b0f378432604c40a725331f49a
Kematangan,Master_Dataset\Kematangan\DS1_C4_1355_jpg.rf.f2ddd7ae7d72b5390db4857963f50c9c.jpg,DS1_C4_1355_jpg.rf.f2ddd7ae7d72b5390db4857963f50c9c.jpg,JPEG,224,224,1.0,0.5594638586044312,0.5236402750015259,0.3012665808200836,4ce42d7c2af8fb5e5e9899cc8c6b4f23
Kematangan,Master_Dataset\Kematangan\DS1_C4_1356_jpg.rf.e5db5a4ce31b1dc762c0467f198f7170.jpg,DS1_C4_1356_jpg.rf.e5db5a4ce31b1dc762c0467f198f7170.jpg,JPEG,224,224,1.0,0.45559096336364746,0.4882306456565857,0.28832417726516724,1a344d25bb77d2f87f39062a9eaed6d7
Kematangan,Master_Dataset\Kematangan\DS1_C4_1357_jpg.rf.0b133506644c505d9eaadb3bc71cb82d.jpg,DS1_C4_1357_jpg.rf.0b133506644c505d9eaadb3bc71cb82d.jpg,JPEG,224,224,1.0,0.4575498104095459,0.45753535628318787,0.2004922330379486,936c1230f0e16a13e5e736c018cf86dc
Kematangan,Master_Dataset\Kematangan\DS1_C4_1358_jpg.rf.c55b50e20a4fda2055d5dd5618e77ee5.jpg,DS1_C4_1358_jpg.rf.c55b50e20a4fda2055d5dd5618e77ee5.jpg,JPEG,224,224,1.0,0.3947964012622833,0.45037713646888733,0.1731320023536682,e386bb58b2d5cc0d69f1a76ac6477857
Kematangan,Master_Dataset\Kematangan\DS1_C4_1359_jpg.rf.ce8ec38e6014cd6a12a74a977f973887.jpg,DS1_C4_1359_jpg.rf.ce8ec38e6014cd6a12a74a977f973887.jpg,JPEG,224,224,1.0,0.3167237341403961,0.35589852929115295,0.24224236607551575,2f5f59036db8270df70b88613722ccdc
Kematangan,Master_Dataset\Kematangan\DS1_C4_1360_jpg.rf.462ba979647d0b073ed387da67572ca2.jpg,DS1_C4_1360_jpg.rf.462ba979647d0b073ed387da67572ca2.jpg,JPEG,224,224,1.0,0.4535757601261139,0.444194495677948,0.22434991598129272,a36dd9f7a2cc8a9b3e87cdc77730e129
Kematangan,Master_Dataset\Kematangan\DS1_C4_1361_jpg.rf.223763684094d9de7b680327217ac16a.jpg,DS1_C4_1361_jpg.rf.223763684094d9de7b680327217ac16a.jpg,JPEG,224,224,1.0,0.45982247591018677,0.45208969712257385,0.21787923574447632,027783e89b5f6ab12288b98d5dd14ed5
Kematangan,Master_Dataset\Kematangan\DS1_C4_1362_jpg.rf.ccc4c9a043e68423592d44ded543d83a.jpg,DS1_C4_1362_jpg.rf.ccc4c9a043e68423592d44ded543d83a.jpg,JPEG,224,224,1.0,0.4459785521030426,0.4613756537437439,0.29218778014183044,dc21a4942bb997d1a91c833bcfaa8a8b
Kematangan,Master_Dataset\Kematangan\DS1_C4_1363_jpg.rf.854e958422161da74c5db77f3c2931ad.jpg,DS1_C4_1363_jpg.rf.854e958422161da74c5db77f3c2931ad.jpg,JPEG,224,224,1.0,0.5382344126701355,0.5349001288414001,0.3681223392486572,01b2d79b7120d6ef89054b335e55309c
Kematangan,Master_Dataset\Kematangan\DS1_C4_1364_jpg.rf.5738fd7acfa19de1a54b41d8effcd2eb.jpg,DS1_C4_1364_jpg.rf.5738fd7acfa19de1a54b41d8effcd2eb.jpg,JPEG,224,224,1.0,0.4742996096611023,0.44748178124427795,0.33017995953559875,14c09783cc66534688c14fcf8d5f4095
Kematangan,Master_Dataset\Kematangan\DS1_C4_1365_jpg.rf.17e5e8213dd0c19f7b09e9a86d26ef83.jpg,DS1_C4_1365_jpg.rf.17e5e8213dd0c19f7b09e9a86d26ef83.jpg,JPEG,224,224,1.0,0.46049317717552185,0.4436205327510834,0.25455108284950256,e7adafe3b04c8ee193a84e3076043b62
Kematangan,Master_Dataset\Kematangan\DS1_C4_1366_jpg.rf.2d02e7c0eb3d4fa9525397bd98c62772.jpg,DS1_C4_1366_jpg.rf.2d02e7c0eb3d4fa9525397bd98c62772.jpg,JPEG,224,224,1.0,0.6605420708656311,0.5772790908813477,0.34815749526023865,d7f8c11874a32f12da3cd7d8c5092d7f
Kematangan,Master_Dataset\Kematangan\DS1_C4_1367_jpg.rf.964b220d11fe56cc989b26a55c4c6b85.jpg,DS1_C4_1367_jpg.rf.964b220d11fe56cc989b26a55c4c6b85.jpg,JPEG,224,224,1.0,0.5437245965003967,0.48034512996673584,0.2870263159275055,dc708c5e353493f12d51583a7cac715b
Kematangan,Master_Dataset\Kematangan\DS1_C4_1368_jpg.rf.2570eae59937d650b43e4df1ebeb20fe.jpg,DS1_C4_1368_jpg.rf.2570eae59937d650b43e4df1ebeb20fe.jpg,JPEG,224,224,1.0,0.3770028054714203,0.45648929476737976,0.16168157756328583,64950152b49b0fdd20b21c1ec1aa80c1
Kematangan,Master_Dataset\Kematangan\DS1_C4_1369_jpg.rf.45e06acf06d9f6f4ede9906b8e28a79e.jpg,DS1_C4_1369_jpg.rf.45e06acf06d9f6f4ede9906b8e28a79e.jpg,JPEG,224,224,1.0,0.27824926376342773,0.3354877531528473,0.1472732573747635,c1286eaa22b29ad1f536ad8693e47e2b
Kematangan,Master_Dataset\Kematangan\DS1_C4_1370_jpg.rf.18712d325ec6b61a05eb2682b05ff77e.jpg,DS1_C4_1370_jpg.rf.18712d325ec6b61a05eb2682b05ff77e.jpg,JPEG,224,224,1.0,0.5560261011123657,0.5424582958221436,0.2448793202638626,003234abc77ab7f8359e346872fe6c1d
Kematangan,Master_Dataset\Kematangan\DS1_C4_1371_jpg.rf.8397f25f3f83705378c5415f9325e87b.jpg,DS1_C4_1371_jpg.rf.8397f25f3f83705378c5415f9325e87b.jpg,JPEG,224,224,1.0,0.4658568799495697,0.43716198205947876,0.18400755524635315,9539130d7486ee67cf00ded0e8436773
Kematangan,Master_Dataset\Kematangan\DS1_C4_1372_jpg.rf.da3571bd3b51c0e8522008a29e72a38b.jpg,DS1_C4_1372_jpg.rf.da3571bd3b51c0e8522008a29e72a38b.jpg,JPEG,224,224,1.0,0.4916640520095825,0.48274314403533936,0.23653875291347504,d2924ecaba26cdbd3559f7182713cb6f
Kematangan,Master_Dataset\Kematangan\DS1_C4_1373_jpg.rf.8e967021e10de68740a205b6f89dd9fb.jpg,DS1_C4_1373_jpg.rf.8e967021e10de68740a205b6f89dd9fb.jpg,JPEG,224,224,1.0,0.5071275234222412,0.5463637113571167,0.23962894082069397,350a0e6dd3c4eaaa8c7b9569569f82d0
Kematangan,Master_Dataset\Kematangan\DS1_C4_1374_jpg.rf.c76177df5d112a0953d8c8acac356762.jpg,DS1_C4_1374_jpg.rf.c76177df5d112a0953d8c8acac356762.jpg,JPEG,224,224,1.0,0.48969781398773193,0.46429243683815,0.39789310097694397,ce8920c3655db81bed34a7061394d209
Kematangan,Master_Dataset\Kematangan\DS1_C4_1375_jpg.rf.cd07d4301a02f959836a0f709d4ac40e.jpg,DS1_C4_1375_jpg.rf.cd07d4301a02f959836a0f709d4ac40e.jpg,JPEG,224,224,1.0,0.5147369503974915,0.4836982190608978,0.2621038854122162,6fe48187e0f5fcbaa7739287bb00b5f4
Kematangan,Master_Dataset\Kematangan\DS1_C4_1376_jpg.rf.f9eb46ae77268edf9b09d404638f7bec.jpg,DS1_C4_1376_jpg.rf.f9eb46ae77268edf9b09d404638f7bec.jpg,JPEG,224,224,1.0,0.45103219151496887,0.45138421654701233,0.40946725010871887,d1db54ca184623626bdabd3c31d0f880
Kematangan,Master_Dataset\Kematangan\DS1_C4_1377_jpg.rf.c0687c375781d490cd349e2ca41776b0.jpg,DS1_C4_1377_jpg.rf.c0687c375781d490cd349e2ca41776b0.jpg,JPEG,224,224,1.0,0.37149930000305176,0.4166797697544098,0.22782008349895477,fafdcb31ed67e6d1828cd6c8c74c97ec
Kematangan,Master_Dataset\Kematangan\DS1_C4_1378_jpg.rf.54a31fa951e48860dd47f7fa0e6fcc54.jpg,DS1_C4_1378_jpg.rf.54a31fa951e48860dd47f7fa0e6fcc54.jpg,JPEG,224,224,1.0,0.5541648864746094,0.45761504769325256,0.29042181372642517,42d5bbfed49881488f6ce992ffa7359a
Kematangan,Master_Dataset\Kematangan\DS1_C4_1379_jpg.rf.86e85e748b8885cd61008242d88739e4.jpg,DS1_C4_1379_jpg.rf.86e85e748b8885cd61008242d88739e4.jpg,JPEG,224,224,1.0,0.5521382093429565,0.43569281697273254,0.24689848721027374,29ce5e2da68ad59fc1376e4a8ac08bd7
Kematangan,Master_Dataset\Kematangan\DS1_C4_1380_jpg.rf.c7096947cebc4f4eefa9a5c31afc3085.jpg,DS1_C4_1380_jpg.rf.c7096947cebc4f4eefa9a5c31afc3085.jpg,JPEG,224,224,1.0,0.5694472193717957,0.5324714779853821,0.31930261850357056,c4a2e75aeaf90beef7abd96e079722e0
Kematangan,Master_Dataset\Kematangan\DS1_C4_1381_jpg.rf.953e539bbc22b28d7f0e35c90af3d8a7.jpg,DS1_C4_1381_jpg.rf.953e539bbc22b28d7f0e35c90af3d8a7.jpg,JPEG,224,224,1.0,0.4307152330875397,0.5116749405860901,0.20658382773399353,e22ed7a32d868eec514f00804d466a4e
Kematangan,Master_Dataset\Kematangan\DS1_C4_1382_jpg.rf.334ea873ada41903ae1150f69f835756.jpg,DS1_C4_1382_jpg.rf.334ea873ada41903ae1150f69f835756.jpg,JPEG,224,224,1.0,0.5028997659683228,0.4837571382522583,0.16806186735630035,2385d04ea46d7ae82a5798a9b7f3cec2
Kematangan,Master_Dataset\Kematangan\DS1_C4_1383_jpg.rf.b13751ebc305fb52ea9706facb2a1898.jpg,DS1_C4_1383_jpg.rf.b13751ebc305fb52ea9706facb2a1898.jpg,JPEG,224,224,1.0,0.3994669020175934,0.44581088423728943,0.21020717918872833,017af6f49b9afc9c248d21c0f6ca8d5b
Kematangan,Master_Dataset\Kematangan\DS1_C4_1384_jpg.rf.c39d158d2d2eb77a1a56622561b465ac.jpg,DS1_C4_1384_jpg.rf.c39d158d2d2eb77a1a56622561b465ac.jpg,JPEG,224,224,1.0,0.4939669966697693,0.46546974778175354,0.29707837104797363,e16d9d1fbb54888e53b1ea2d2ab5d3e7
Kematangan,Master_Dataset\Kematangan\DS1_C4_1385_jpg.rf.c405fe7854c566d79a972ae03bf7c167.jpg,DS1_C4_1385_jpg.rf.c405fe7854c566d79a972ae03bf7c167.jpg,JPEG,224,224,1.0,0.4860955476760864,0.44828149676322937,0.1904934048652649,561dbce1f1c2e0c52f81157c34d570ed
Kematangan,Master_Dataset\Kematangan\DS1_C4_1386_jpg.rf.87565ec79343619ff48b841bf7e9726f.jpg,DS1_C4_1386_jpg.rf.87565ec79343619ff48b841bf7e9726f.jpg,JPEG,224,224,1.0,0.6510316133499146,0.5849359035491943,0.3531648814678192,29ededc28d6221be9e38c140007b0c24
Kematangan,Master_Dataset\Kematangan\DS1_C4_1387_jpg.rf.00fbd33180ef33e9ffe097ca314e15bb.jpg,DS1_C4_1387_jpg.rf.00fbd33180ef33e9ffe097ca314e15bb.jpg,JPEG,224,224,1.0,0.4203527867794037,0.4326361119747162,0.3114481270313263,bdb3d866038732e46ff3bdad1781ad8e
Kematangan,Master_Dataset\Kematangan\DS1_C4_1388_jpg.rf.5efe5a5533e9d8fd90834b06b95f61f3.jpg,DS1_C4_1388_jpg.rf.5efe5a5533e9d8fd90834b06b95f61f3.jpg,JPEG,224,224,1.0,0.45826399326324463,0.42902377247810364,0.21050162613391876,751bd63fb5577a4c716df73f8b43eed3
Kematangan,Master_Dataset\Kematangan\DS1_C4_1389_jpg.rf.9492c5a2431a61ceb695348473b89c7c.jpg,DS1_C4_1389_jpg.rf.9492c5a2431a61ceb695348473b89c7c.jpg,JPEG,224,224,1.0,0.4316962957382202,0.46504688262939453,0.17158129811286926,5e4bb15dd1bb717b966f0a156eeaa562
Kematangan,Master_Dataset\Kematangan\DS1_C4_1390_jpg.rf.ac938cbd4fef1be8597b3c8eae35377e.jpg,DS1_C4_1390_jpg.rf.ac938cbd4fef1be8597b3c8eae35377e.jpg,JPEG,224,224,1.0,0.5380716919898987,0.4608873426914215,0.27062928676605225,78bd60ea45d41e7cda685eca733aca32
Kematangan,Master_Dataset\Kematangan\DS1_C4_1391_jpg.rf.f20959db0ed68fe47fad4c053e7e6bab.jpg,DS1_C4_1391_jpg.rf.f20959db0ed68fe47fad4c053e7e6bab.jpg,JPEG,224,224,1.0,0.44364479184150696,0.41420778632164,0.3511947691440582,8c6d2ff31e9727b7cb5714769b8f57f7
Kematangan,Master_Dataset\Kematangan\DS1_C4_1392_jpg.rf.83caedcc901dc4d63daf693a76f004f2.jpg,DS1_C4_1392_jpg.rf.83caedcc901dc4d63daf693a76f004f2.jpg,JPEG,224,224,1.0,0.5647809505462646,0.4527329206466675,0.2803974449634552,7bcdc3627486c5cd8ae2ddce9431b870
Kematangan,Master_Dataset\Kematangan\DS1_C4_1393_jpg.rf.789729ddb52d66795a61b4dac6c48269.jpg,DS1_C4_1393_jpg.rf.789729ddb52d66795a61b4dac6c48269.jpg,JPEG,224,224,1.0,0.5332744717597961,0.5104747414588928,0.368183970451355,53cb1145704d9269c933505c7da6ad4c
Kematangan,Master_Dataset\Kematangan\DS1_C4_1394_jpg.rf.622e9c2aadebe0cd74b23383e963d23d.jpg,DS1_C4_1394_jpg.rf.622e9c2aadebe0cd74b23383e963d23d.jpg,JPEG,224,224,1.0,0.4517904818058014,0.4028664231300354,0.2272777259349823,438c9cc915666358e75155e07758c463
Kematangan,Master_Dataset\Kematangan\DS1_C4_1395_jpg.rf.13176e1890a8e03b462e93f8908168e6.jpg,DS1_C4_1395_jpg.rf.13176e1890a8e03b462e93f8908168e6.jpg,JPEG,224,224,1.0,0.492730975151062,0.4949488639831543,0.2609790861606598,823d4d53e18217ba6818274ea1ae5f03
Kematangan,Master_Dataset\Kematangan\DS1_C4_1396_jpg.rf.4febbca3245452d0215c137043a14ac5.jpg,DS1_C4_1396_jpg.rf.4febbca3245452d0215c137043a14ac5.jpg,JPEG,224,224,1.0,0.41746169328689575,0.43043509125709534,0.24730993807315826,c9102bb82933eb9657b49f0dac8b64d3
Kematangan,Master_Dataset\Kematangan\DS1_C4_1397_jpg.rf.b40c75edabcd5f6d5b014469752ffad7.jpg,DS1_C4_1397_jpg.rf.b40c75edabcd5f6d5b014469752ffad7.jpg,JPEG,224,224,1.0,0.43445903062820435,0.47105932235717773,0.2237473577260971,059c5a7fa61b070e253a0e4135372799
Kematangan,Master_Dataset\Kematangan\DS1_C4_1398_jpg.rf.6791de4f4e960744e9f7963504bb340c.jpg,DS1_C4_1398_jpg.rf.6791de4f4e960744e9f7963504bb340c.jpg,JPEG,224,224,1.0,0.4892388880252838,0.48593154549598694,0.34677553176879883,9a1877e4e79f75db133c1edf3c6d7624
Kematangan,Master_Dataset\Kematangan\DS1_C4_1399_jpg.rf.5ec28209c71ff3c89e1afd84a7a29c0e.jpg,DS1_C4_1399_jpg.rf.5ec28209c71ff3c89e1afd84a7a29c0e.jpg,JPEG,224,224,1.0,0.41355305910110474,0.4285094738006592,0.16877533495426178,097327d006c8881fd246cba491dac8af
Kematangan,Master_Dataset\Kematangan\DS1_C4_1400_jpg.rf.3ab4fc1ee114f87c7e74f33f6ece55b4.jpg,DS1_C4_1400_jpg.rf.3ab4fc1ee114f87c7e74f33f6ece55b4.jpg,JPEG,224,224,1.0,0.4504924714565277,0.4418730139732361,0.16315051913261414,e0af98d92adce2be45ac2aa8bbbf262b
Kematangan,Master_Dataset\Kematangan\DS1_C4_1401_jpg.rf.e12070734be45ff55f6a96ae9a7e3982.jpg,DS1_C4_1401_jpg.rf.e12070734be45ff55f6a96ae9a7e3982.jpg,JPEG,224,224,1.0,0.5405803918838501,0.48719537258148193,0.39355745911598206,ebc1aaf1d77cd83382598c944ee5c1cf
Kematangan,Master_Dataset\Kematangan\DS1_C4_1402_jpg.rf.1fdc377e9d10f2674d5112c89fb02cf1.jpg,DS1_C4_1402_jpg.rf.1fdc377e9d10f2674d5112c89fb02cf1.jpg,JPEG,224,224,1.0,0.5376507043838501,0.48668551445007324,0.28595200181007385,14758ccfeb1a6b5fb2efefce9622a10d
Kematangan,Master_Dataset\Kematangan\DS1_C4_1403_jpg.rf.ac82020f9552a62fe548c97dbe042122.jpg,DS1_C4_1403_jpg.rf.ac82020f9552a62fe548c97dbe042122.jpg,JPEG,224,224,1.0,0.5502364039421082,0.4626063108444214,0.288876473903656,ac3bf91990b72f9c52ae8fd96040b2a8
Kematangan,Master_Dataset\Kematangan\DS1_C4_1404_jpg.rf.f2590d2273db29a3d408d9a1cf921a57.jpg,DS1_C4_1404_jpg.rf.f2590d2273db29a3d408d9a1cf921a57.jpg,JPEG,224,224,1.0,0.49705469608306885,0.499701589345932,0.22823379933834076,cb536f4eff8d0f679ec4ecab7e033f08
Kematangan,Master_Dataset\Kematangan\DS1_C4_1405_jpg.rf.cf959a46217f9a6356ac14bdf754d4bb.jpg,DS1_C4_1405_jpg.rf.cf959a46217f9a6356ac14bdf754d4bb.jpg,JPEG,224,224,1.0,0.5532026886940002,0.5184827446937561,0.4933062493801117,e3fde09e13e49d3f5591414d7712b498
Kematangan,Master_Dataset\Kematangan\DS1_C4_1406_jpg.rf.fc3e894e872ab9586d596f6cf8d327ed.jpg,DS1_C4_1406_jpg.rf.fc3e894e872ab9586d596f6cf8d327ed.jpg,JPEG,224,224,1.0,0.5498128533363342,0.5001019835472107,0.2721202075481415,441c3fd22ff650ec5f4626e9ee776af8
Kematangan,Master_Dataset\Kematangan\DS1_C4_1407_jpg.rf.bd3c21548e3566814c71ba839a5675ad.jpg,DS1_C4_1407_jpg.rf.bd3c21548e3566814c71ba839a5675ad.jpg,JPEG,224,224,1.0,0.537933349609375,0.45954400300979614,0.28614699840545654,8f0bcab69a6e1557190fa3f33d77318f
Kematangan,Master_Dataset\Kematangan\DS1_C4_1408_jpg.rf.7573ab24bdee2484d7a81672d2272cd7.jpg,DS1_C4_1408_jpg.rf.7573ab24bdee2484d7a81672d2272cd7.jpg,JPEG,224,224,1.0,0.4793265461921692,0.5031170845031738,0.32048511505126953,07f623a4c64112e6a1cc8ef0df08f14d
Kematangan,Master_Dataset\Kematangan\DS1_C4_1409_jpg.rf.7a15774a1fd30ceceb13bebba248db6e.jpg,DS1_C4_1409_jpg.rf.7a15774a1fd30ceceb13bebba248db6e.jpg,JPEG,224,224,1.0,0.3579733669757843,0.39410915970802307,0.19101174175739288,b8f5fc25fa58c5c8122c8edf8333a734
Kematangan,Master_Dataset\Kematangan\DS1_C4_1410_jpg.rf.3e8009f1a0cf61a2edc7fa23b5f7c99f.jpg,DS1_C4_1410_jpg.rf.3e8009f1a0cf61a2edc7fa23b5f7c99f.jpg,JPEG,224,224,1.0,0.6542629599571228,0.5350226759910583,0.3905012607574463,d55eedad0ba6c34730617c793c0b6e75
Kematangan,Master_Dataset\Kematangan\DS1_C4_1411_jpg.rf.df8b71a61bf8bd9639c9aee106458b9e.jpg,DS1_C4_1411_jpg.rf.df8b71a61bf8bd9639c9aee106458b9e.jpg,JPEG,224,224,1.0,0.39060381054878235,0.42336219549179077,0.17437712848186493,53ae0cb50fe265e6795850675086002f
Kematangan,Master_Dataset\Kematangan\DS1_C4_1412_jpg.rf.c4a539920d41cf995a028692382403fd.jpg,DS1_C4_1412_jpg.rf.c4a539920d41cf995a028692382403fd.jpg,JPEG,224,224,1.0,0.4940972924232483,0.46115642786026,0.26056596636772156,fe1043dd09f124b40701fd87e7ea60d2
Kematangan,Master_Dataset\Kematangan\DS1_C4_1413_jpg.rf.4a64ea344b6627011aeb0c374d9c65ee.jpg,DS1_C4_1413_jpg.rf.4a64ea344b6627011aeb0c374d9c65ee.jpg,JPEG,224,224,1.0,0.4543077349662781,0.44186505675315857,0.33307117223739624,75f28b4eb8fe726010d4a7bb4a797d21
Kematangan,Master_Dataset\Kematangan\DS1_C4_1414_jpg.rf.f5ad9088665eac3c872d58d148e8cd2f.jpg,DS1_C4_1414_jpg.rf.f5ad9088665eac3c872d58d148e8cd2f.jpg,JPEG,224,224,1.0,0.46166661381721497,0.4828091859817505,0.2721562385559082,500afac3906fc6075c986bdd75b00e3c
Kematangan,Master_Dataset\Kematangan\DS1_C4_1415_jpg.rf.32b08fbe1234a546477e3e6d05fdca1e.jpg,DS1_C4_1415_jpg.rf.32b08fbe1234a546477e3e6d05fdca1e.jpg,JPEG,224,224,1.0,0.3841623067855835,0.44431567192077637,0.21278837323188782,fd51f57773b47e77e2f42cf076ecfc07
Kematangan,Master_Dataset\Kematangan\DS1_C4_1416_jpg.rf.3fc92bbc40333fc9ce3a1d558fdbc400.jpg,DS1_C4_1416_jpg.rf.3fc92bbc40333fc9ce3a1d558fdbc400.jpg,JPEG,224,224,1.0,0.521837055683136,0.49636411666870117,0.3843907415866852,e215a4d71a62bf1a3539be53dc62346b
Kematangan,Master_Dataset\Kematangan\DS1_C4_1417_jpg.rf.a783fa4e26cc8530d5e470515c3996f3.jpg,DS1_C4_1417_jpg.rf.a783fa4e26cc8530d5e470515c3996f3.jpg,JPEG,224,224,1.0,0.6055623888969421,0.5430745482444763,0.48678356409072876,44f9410e479c3a04503f8d9c56c936df
Kematangan,Master_Dataset\Kematangan\DS1_C4_1418_jpg.rf.7d5c1d441cb4537391079e4dcf9447a7.jpg,DS1_C4_1418_jpg.rf.7d5c1d441cb4537391079e4dcf9447a7.jpg,JPEG,224,224,1.0,0.42017045617103577,0.46789035201072693,0.22435900568962097,923e9e218fcac847e084e4dda7c97319
Kematangan,Master_Dataset\Kematangan\DS1_C4_1419_jpg.rf.b4fa5ec77d043833c05965a0142647f6.jpg,DS1_C4_1419_jpg.rf.b4fa5ec77d043833c05965a0142647f6.jpg,JPEG,224,224,1.0,0.545754075050354,0.4457765817642212,0.24794599413871765,79d284186c5c77676e691f252017f34a
Kematangan,Master_Dataset\Kematangan\DS1_C4_1420_jpg.rf.48c702b5a3f3b97c405d5721b1a8801d.jpg,DS1_C4_1420_jpg.rf.48c702b5a3f3b97c405d5721b1a8801d.jpg,JPEG,224,224,1.0,0.4955996870994568,0.4363861083984375,0.22485458850860596,a16304128451d39c931d9ee1761f6914
Kematangan,Master_Dataset\Kematangan\DS1_C4_1421_jpg.rf.b67474b97ca69eea0303da2a594ee01c.jpg,DS1_C4_1421_jpg.rf.b67474b97ca69eea0303da2a594ee01c.jpg,JPEG,224,224,1.0,0.556609570980072,0.49409136176109314,0.30584338307380676,3156800fe5f566cd0c10676869418f75
Kematangan,Master_Dataset\Kematangan\DS1_C4_1422_jpg.rf.8cf4cf27d340e5bf2d3204bb447e2ef1.jpg,DS1_C4_1422_jpg.rf.8cf4cf27d340e5bf2d3204bb447e2ef1.jpg,JPEG,224,224,1.0,0.5144392848014832,0.4576803743839264,0.2962365448474884,d06a4973cd9add9b700a249178a20744
Kematangan,Master_Dataset\Kematangan\DS1_C4_1423_jpg.rf.60407e80df39eabeb6ad9e7c11e02646.jpg,DS1_C4_1423_jpg.rf.60407e80df39eabeb6ad9e7c11e02646.jpg,JPEG,224,224,1.0,0.3707756996154785,0.3484615385532379,0.29104894399642944,d4c363b50809205c94213a387d398027
Kematangan,Master_Dataset\Kematangan\DS1_C4_1424_jpg.rf.aa7a5f97459403e3600895f7d5478e24.jpg,DS1_C4_1424_jpg.rf.aa7a5f97459403e3600895f7d5478e24.jpg,JPEG,224,224,1.0,0.5447710752487183,0.4806056022644043,0.2348065972328186,ee5c30cbffe8731d86f1146d44d52a54
Kematangan,Master_Dataset\Kematangan\DS1_C4_1425_jpg.rf.b0ec4171050f6d98e6f8eacd128e2123.jpg,DS1_C4_1425_jpg.rf.b0ec4171050f6d98e6f8eacd128e2123.jpg,JPEG,224,224,1.0,0.4322878420352936,0.4126185476779938,0.14415666460990906,402776a5825ea5f506b90589d8f5a831
Kematangan,Master_Dataset\Kematangan\DS1_C4_1426_jpg.rf.869e548f951d674f1413ab35f8b6bcbd.jpg,DS1_C4_1426_jpg.rf.869e548f951d674f1413ab35f8b6bcbd.jpg,JPEG,224,224,1.0,0.44124919176101685,0.42585018277168274,0.2769894301891327,ffb5d235cdd895d14b9bddb4efcbd138
Kematangan,Master_Dataset\Kematangan\DS1_C4_1427_jpg.rf.d29936b331e081d4060d56e6885538f1.jpg,DS1_C4_1427_jpg.rf.d29936b331e081d4060d56e6885538f1.jpg,JPEG,224,224,1.0,0.5214526653289795,0.5814566016197205,0.27788984775543213,2e0cac5ccb4de8f16591824c223ecdc5
Kematangan,Master_Dataset\Kematangan\DS1_C4_1428_jpg.rf.e05ca91097d29b62577830439b6d1b17.jpg,DS1_C4_1428_jpg.rf.e05ca91097d29b62577830439b6d1b17.jpg,JPEG,224,224,1.0,0.4390062093734741,0.38156792521476746,0.3073175847530365,b970188bf6b00f91c0bd80ed2abf9785
Kematangan,Master_Dataset\Kematangan\DS1_C4_1429_jpg.rf.7f59f8d94e91d56d1827c0c25f1505a7.jpg,DS1_C4_1429_jpg.rf.7f59f8d94e91d56d1827c0c25f1505a7.jpg,JPEG,224,224,1.0,0.48815909028053284,0.49977317452430725,0.27096858620643616,128b631101d02ee97de7d6ab9b57a773
Kematangan,Master_Dataset\Kematangan\DS1_C4_1430_jpg.rf.7269b7d06aa4c9895fbd73176e03e960.jpg,DS1_C4_1430_jpg.rf.7269b7d06aa4c9895fbd73176e03e960.jpg,JPEG,224,224,1.0,0.3964694142341614,0.45415499806404114,0.1907796412706375,1c6420cf47eedd7ba191482303fa0604
Kematangan,Master_Dataset\Kematangan\DS1_C4_1431_jpg.rf.ddbfd53db126329dd1a2e692fe73258c.jpg,DS1_C4_1431_jpg.rf.ddbfd53db126329dd1a2e692fe73258c.jpg,JPEG,224,224,1.0,0.4024222791194916,0.42343226075172424,0.24548713862895966,b564899f81833c86718ccf82039b1f66
Kematangan,Master_Dataset\Kematangan\DS1_C4_1432_jpg.rf.7eb5a6c9f83e8eb960dcc7b14a3d7317.jpg,DS1_C4_1432_jpg.rf.7eb5a6c9f83e8eb960dcc7b14a3d7317.jpg,JPEG,224,224,1.0,0.38754215836524963,0.36698928475379944,0.29413872957229614,874e853b163182b3aaef6dbf8e86686a
Kematangan,Master_Dataset\Kematangan\DS1_C4_1433_jpg.rf.22da1f87e04aef763e277e10a28976d7.jpg,DS1_C4_1433_jpg.rf.22da1f87e04aef763e277e10a28976d7.jpg,JPEG,224,224,1.0,0.4682350158691406,0.48022547364234924,0.29355865716934204,168c6c44694c3c919d4e70534f913f3c
Kematangan,Master_Dataset\Kematangan\DS1_C4_1434_jpg.rf.bffc7f78b855a50bfaa1d2f9bc328db4.jpg,DS1_C4_1434_jpg.rf.bffc7f78b855a50bfaa1d2f9bc328db4.jpg,JPEG,224,224,1.0,0.49306973814964294,0.4887130856513977,0.2439948171377182,ebaf70bad23a588ca40d658f30dd7e51
Kematangan,Master_Dataset\Kematangan\DS1_C4_1435_jpg.rf.4f17394095e02d26cce19a078b43628a.jpg,DS1_C4_1435_jpg.rf.4f17394095e02d26cce19a078b43628a.jpg,JPEG,224,224,1.0,0.4698503911495209,0.45650941133499146,0.2805140018463135,9054f4cabc7b59457285f3336251d3ad
Kematangan,Master_Dataset\Kematangan\DS1_C4_1436_jpg.rf.9cf2070c392d9fd85bfce4635aabf9d9.jpg,DS1_C4_1436_jpg.rf.9cf2070c392d9fd85bfce4635aabf9d9.jpg,JPEG,224,224,1.0,0.5134388208389282,0.5630672574043274,0.3617852032184601,69a4fa10c0715f9074a707bb18890825
Kematangan,Master_Dataset\Kematangan\DS1_C4_1437_jpg.rf.4b0634e3d8a8f41a5966cd4e65426a20.jpg,DS1_C4_1437_jpg.rf.4b0634e3d8a8f41a5966cd4e65426a20.jpg,JPEG,224,224,1.0,0.4987511932849884,0.4764556586742401,0.2797762155532837,c58a318daeeea37f3144564ee9b3240b
Kematangan,Master_Dataset\Kematangan\DS1_C4_1438_jpg.rf.3c2a798b03bad9e45fc905e202f56590.jpg,DS1_C4_1438_jpg.rf.3c2a798b03bad9e45fc905e202f56590.jpg,JPEG,224,224,1.0,0.39581260085105896,0.4401170015335083,0.26300713419914246,a8249f207e568081db9970ae880a30f5
Kematangan,Master_Dataset\Kematangan\DS1_C4_1439_jpg.rf.76b899d536628f5339c1bdd1ccb286ce.jpg,DS1_C4_1439_jpg.rf.76b899d536628f5339c1bdd1ccb286ce.jpg,JPEG,224,224,1.0,0.507201075553894,0.4477594196796417,0.17171694338321686,305039f484e3c00ea3d61eb43aee997b
Kematangan,Master_Dataset\Kematangan\DS1_C4_1440_jpg.rf.617302386d23e9a6760fc74375f4f10b.jpg,DS1_C4_1440_jpg.rf.617302386d23e9a6760fc74375f4f10b.jpg,JPEG,224,224,1.0,0.4294145703315735,0.48038196563720703,0.18575970828533173,c2ce4e1970f6dd4fadffe2ead3bef607
Kematangan,Master_Dataset\Kematangan\DS1_C4_1441_jpg.rf.4fdce5313769666298654a1f6921c783.jpg,DS1_C4_1441_jpg.rf.4fdce5313769666298654a1f6921c783.jpg,JPEG,224,224,1.0,0.3856145143508911,0.39206358790397644,0.33266887068748474,7e933474bf5137a742b63cd7762d0909
Kematangan,Master_Dataset\Kematangan\DS1_C4_1442_jpg.rf.adca02a3a9c323e7638adaebc75bcd08.jpg,DS1_C4_1442_jpg.rf.adca02a3a9c323e7638adaebc75bcd08.jpg,JPEG,224,224,1.0,0.41832995414733887,0.4274459183216095,0.17770791053771973,2eccb704b49e86886046388e54dade64
Kematangan,Master_Dataset\Kematangan\DS1_C4_1443_jpg.rf.f70716dcb639a4bdc62477cd22947de7.jpg,DS1_C4_1443_jpg.rf.f70716dcb639a4bdc62477cd22947de7.jpg,JPEG,224,224,1.0,0.4168013334274292,0.4690050780773163,0.16148494184017181,55155a5e9e92bbe3087f38043342ddbc
Kematangan,Master_Dataset\Kematangan\DS1_C4_1444_jpg.rf.e59c5590a674ffb463fe84a164166412.jpg,DS1_C4_1444_jpg.rf.e59c5590a674ffb463fe84a164166412.jpg,JPEG,224,224,1.0,0.40705281496047974,0.3863668143749237,0.3479355573654175,79a4025525970d53be06ea9a75736ac7
Kematangan,Master_Dataset\Kematangan\DS1_C4_1445_jpg.rf.8960c842d931a1fc16228f13d96eb474.jpg,DS1_C4_1445_jpg.rf.8960c842d931a1fc16228f13d96eb474.jpg,JPEG,224,224,1.0,0.5969093441963196,0.5327063202857971,0.30053991079330444,8799111309ae0a23eb0b6e7ac48c1d6a
Kematangan,Master_Dataset\Kematangan\DS1_C4_1446_jpg.rf.c861b6f2f7fbe48e53d2c0b7db83e3dd.jpg,DS1_C4_1446_jpg.rf.c861b6f2f7fbe48e53d2c0b7db83e3dd.jpg,JPEG,224,224,1.0,0.4570982754230499,0.4897351562976837,0.202102929353714,6699425ec2d254d186c2fefd2aaf8e07
Kematangan,Master_Dataset\Kematangan\DS1_C4_1447_jpg.rf.4da564be21a4d57c6d8cf04a0b98edb9.jpg,DS1_C4_1447_jpg.rf.4da564be21a4d57c6d8cf04a0b98edb9.jpg,JPEG,224,224,1.0,0.4705919027328491,0.524061918258667,0.24417129158973694,4c46046d7dcf45a9591d656e408e393c
Kematangan,Master_Dataset\Kematangan\DS1_C4_1448_jpg.rf.341d730fea659a6a5b6fc4acd4492620.jpg,DS1_C4_1448_jpg.rf.341d730fea659a6a5b6fc4acd4492620.jpg,JPEG,224,224,1.0,0.4482211470603943,0.5139662623405457,0.30990782380104065,219467bd50f451b35933b4fc39cd6a43
Kematangan,Master_Dataset\Kematangan\DS1_C4_1449_jpg.rf.f276fc8cc1c11b13b5a3a197a3f2055b.jpg,DS1_C4_1449_jpg.rf.f276fc8cc1c11b13b5a3a197a3f2055b.jpg,JPEG,224,224,1.0,0.5104640126228333,0.44475415349006653,0.2838182747364044,bdee47f030bf56732ecab554f7fe6efb
Kematangan,Master_Dataset\Kematangan\DS1_C4_1450_jpg.rf.ce263c3f87001b0f75de19e49c2ec9b0.jpg,DS1_C4_1450_jpg.rf.ce263c3f87001b0f75de19e49c2ec9b0.jpg,JPEG,224,224,1.0,0.45956218242645264,0.4211169481277466,0.19188639521598816,7b8d37f6001790a41bb1c9d4816a2b7c
Kematangan,Master_Dataset\Kematangan\DS1_C4_1451_jpg.rf.aa1e5f7c99f7887a6cae020efa95e454.jpg,DS1_C4_1451_jpg.rf.aa1e5f7c99f7887a6cae020efa95e454.jpg,JPEG,224,224,1.0,0.5218945145606995,0.4717453718185425,0.23233313858509064,20aaab0b7898d5d1a9c32ba2efe5f895
Kematangan,Master_Dataset\Kematangan\DS1_C4_1452_jpg.rf.68920e9969a4481701d757e86c456485.jpg,DS1_C4_1452_jpg.rf.68920e9969a4481701d757e86c456485.jpg,JPEG,224,224,1.0,0.49553146958351135,0.4214327335357666,0.24616111814975739,bcc82c217f42344e1876a2610b93a395
Kematangan,Master_Dataset\Kematangan\DS1_C4_1453_jpg.rf.9795858216a72eed20b08f050ea4c8c8.jpg,DS1_C4_1453_jpg.rf.9795858216a72eed20b08f050ea4c8c8.jpg,JPEG,224,224,1.0,0.4917486608028412,0.48390504717826843,0.2853432297706604,5213c5631948ed8b7c0ccee1988145cd
Kematangan,Master_Dataset\Kematangan\DS1_C4_1454_jpg.rf.eb04ec1b8d8a05a1880497a84529fcc7.jpg,DS1_C4_1454_jpg.rf.eb04ec1b8d8a05a1880497a84529fcc7.jpg,JPEG,224,224,1.0,0.42826223373413086,0.4925132691860199,0.21814362704753876,0add63fc24d0686c632a5cdd4b52c295
Kematangan,Master_Dataset\Kematangan\DS1_C4_1455_jpg.rf.e4cbc1a123e955958d7c9f446907b44e.jpg,DS1_C4_1455_jpg.rf.e4cbc1a123e955958d7c9f446907b44e.jpg,JPEG,224,224,1.0,0.4474515914916992,0.5109227299690247,0.30818620324134827,2b8c3fa3a5dd74847c0ffa76d99d6759
Kematangan,Master_Dataset\Kematangan\DS1_C4_1456_jpg.rf.65bb730c25261ba7d07dff2c902611b7.jpg,DS1_C4_1456_jpg.rf.65bb730c25261ba7d07dff2c902611b7.jpg,JPEG,224,224,1.0,0.40673917531967163,0.498260498046875,0.15841610729694366,24e083e79b220b09b69edf010b63224e
Kematangan,Master_Dataset\Kematangan\DS1_C4_1457_jpg.rf.459940e027a3bcee27e013bb56acb8fb.jpg,DS1_C4_1457_jpg.rf.459940e027a3bcee27e013bb56acb8fb.jpg,JPEG,224,224,1.0,0.45329928398132324,0.45277899503707886,0.2000844031572342,35c52cb03597110a60449a38b277b91e
Kematangan,Master_Dataset\Kematangan\DS1_C4_1458_jpg.rf.eea0d6792346be4dfaf7185734a277cd.jpg,DS1_C4_1458_jpg.rf.eea0d6792346be4dfaf7185734a277cd.jpg,JPEG,224,224,1.0,0.45302554965019226,0.49602001905441284,0.23056216537952423,78918035875986ded6e98e5945d35cac
Kematangan,Master_Dataset\Kematangan\DS1_C4_1459_jpg.rf.0dbdc8dd01f1c018823715ea05e93fe4.jpg,DS1_C4_1459_jpg.rf.0dbdc8dd01f1c018823715ea05e93fe4.jpg,JPEG,224,224,1.0,0.5408557653427124,0.45091739296913147,0.2586546838283539,9451b6e8533a775daee06c1cf06f3798
Kematangan,Master_Dataset\Kematangan\DS1_C4_1460_jpg.rf.0428aab5e1ddca7f0a2b071d481228af.jpg,DS1_C4_1460_jpg.rf.0428aab5e1ddca7f0a2b071d481228af.jpg,JPEG,224,224,1.0,0.4354010820388794,0.4574379622936249,0.21427839994430542,957ab1f313bb6c8159227fe05943aa93
Kematangan,Master_Dataset\Kematangan\DS1_C4_1461_jpg.rf.a8bf50f7f25832cac1cdb931eb43825d.jpg,DS1_C4_1461_jpg.rf.a8bf50f7f25832cac1cdb931eb43825d.jpg,JPEG,224,224,1.0,0.5368988513946533,0.46262556314468384,0.3081779181957245,55dcfeb69b72ce89988673ffcdccb300
Kematangan,Master_Dataset\Kematangan\DS1_C4_1462_jpg.rf.05c37eb776d80115df47edd21147f260.jpg,DS1_C4_1462_jpg.rf.05c37eb776d80115df47edd21147f260.jpg,JPEG,224,224,1.0,0.477884978055954,0.511240541934967,0.2841966152191162,385fde4b3dff226f2264a4c071212794
Kematangan,Master_Dataset\Kematangan\DS1_C4_1463_jpg.rf.515e591a6b0485689409891e021db999.jpg,DS1_C4_1463_jpg.rf.515e591a6b0485689409891e021db999.jpg,JPEG,224,224,1.0,0.47560057044029236,0.43546050786972046,0.21714907884597778,cb6d21d6c36655c102ffa83d0ad33bfc
Kematangan,Master_Dataset\Kematangan\DS1_C4_1464_jpg.rf.833f5b8ee755563b4a427c34dfa66801.jpg,DS1_C4_1464_jpg.rf.833f5b8ee755563b4a427c34dfa66801.jpg,JPEG,224,224,1.0,0.46474412083625793,0.40713679790496826,0.32176026701927185,c61679270199f3c5aaaf555288e21613
Kematangan,Master_Dataset\Kematangan\DS1_C4_1465_jpg.rf.b654d4b88097124c25bd8d6eb97c9a60.jpg,DS1_C4_1465_jpg.rf.b654d4b88097124c25bd8d6eb97c9a60.jpg,JPEG,224,224,1.0,0.4570609927177429,0.47861117124557495,0.20536383986473083,cc73cb2b76445cc461f3bca49a55f98f
Kematangan,Master_Dataset\Kematangan\DS1_C4_1466_jpg.rf.b75fcb3040eee08fa09dc340c744ae6a.jpg,DS1_C4_1466_jpg.rf.b75fcb3040eee08fa09dc340c744ae6a.jpg,JPEG,224,224,1.0,0.427746057510376,0.45046600699424744,0.18544135987758636,4c45f51b8f22a7985ee5dc0e6948675c
Kematangan,Master_Dataset\Kematangan\DS1_C4_1467_jpg.rf.8d450b13b4a1b281c0650e24eb95cc2b.jpg,DS1_C4_1467_jpg.rf.8d450b13b4a1b281c0650e24eb95cc2b.jpg,JPEG,224,224,1.0,0.43093496561050415,0.48527517914772034,0.1738550066947937,fadf2d37e00908ce35a8f1f375f4d4b2
Kematangan,Master_Dataset\Kematangan\DS1_C4_1468_jpg.rf.b563119da04c2306a54c337bf747312b.jpg,DS1_C4_1468_jpg.rf.b563119da04c2306a54c337bf747312b.jpg,JPEG,224,224,1.0,0.4695780277252197,0.45453009009361267,0.19586072862148285,cf4f81aa1a29b47195a217ef84a7c374
Kematangan,Master_Dataset\Kematangan\DS1_C4_1469_jpg.rf.fa23267e33acf72f5078117406870607.jpg,DS1_C4_1469_jpg.rf.fa23267e33acf72f5078117406870607.jpg,JPEG,224,224,1.0,0.44665321707725525,0.4571397602558136,0.18731360137462616,5059e09bc60b583b0eb148c91ac42143
Kematangan,Master_Dataset\Kematangan\DS1_C4_1470_jpg.rf.14df3ac9de99b148bf949791bce7954d.jpg,DS1_C4_1470_jpg.rf.14df3ac9de99b148bf949791bce7954d.jpg,JPEG,224,224,1.0,0.47329026460647583,0.500188410282135,0.2518218457698822,b79a4fe4b482efba15f23684bb1bd511
Kematangan,Master_Dataset\Kematangan\DS1_C4_1471_jpg.rf.cee96f7a559e096d4bb60886c7594248.jpg,DS1_C4_1471_jpg.rf.cee96f7a559e096d4bb60886c7594248.jpg,JPEG,224,224,1.0,0.3558276891708374,0.34844040870666504,0.3092694580554962,1cae1af48c3563130ae4f9e5391c2b01
Kematangan,Master_Dataset\Kematangan\DS1_C4_1472_jpg.rf.15557882ec42e72f058fe911bd3ab6e7.jpg,DS1_C4_1472_jpg.rf.15557882ec42e72f058fe911bd3ab6e7.jpg,JPEG,224,224,1.0,0.4476031959056854,0.4250527322292328,0.16114524006843567,a72aa0f09f5e0b99994e2d33e55de63d
Kematangan,Master_Dataset\Kematangan\DS1_C4_1473_jpg.rf.1502c4b5da03dff6185e2f40b280a2dc.jpg,DS1_C4_1473_jpg.rf.1502c4b5da03dff6185e2f40b280a2dc.jpg,JPEG,224,224,1.0,0.6229915618896484,0.5395098924636841,0.33589550852775574,721b5bcfc602368946b2ee97e6c44001
Kematangan,Master_Dataset\Kematangan\DS1_C4_1474_jpg.rf.1f9f49b2fc1789e9d66db4d52ecd68e5.jpg,DS1_C4_1474_jpg.rf.1f9f49b2fc1789e9d66db4d52ecd68e5.jpg,JPEG,224,224,1.0,0.5325748324394226,0.4679083228111267,0.20915910601615906,40cb05529c3db7c6041cbed80d561305
Kematangan,Master_Dataset\Kematangan\DS1_C4_1475_jpg.rf.4e58da8d22b56fa8bf15037ec5aaa3ea.jpg,DS1_C4_1475_jpg.rf.4e58da8d22b56fa8bf15037ec5aaa3ea.jpg,JPEG,224,224,1.0,0.4690755009651184,0.40805181860923767,0.21796587109565735,6fa01231b98609644e2100325d7e7478
Kematangan,Master_Dataset\Kematangan\DS1_C4_1476_jpg.rf.9c2dabed3e052744f9e4674f2680f7d5.jpg,DS1_C4_1476_jpg.rf.9c2dabed3e052744f9e4674f2680f7d5.jpg,JPEG,224,224,1.0,0.44212469458580017,0.4872029423713684,0.31044870615005493,87d49f166280e8a20f3761461c4ea598
Kematangan,Master_Dataset\Kematangan\DS1_C4_1477_jpg.rf.cc69d7ca1e617b5eaa16084966ea38ba.jpg,DS1_C4_1477_jpg.rf.cc69d7ca1e617b5eaa16084966ea38ba.jpg,JPEG,224,224,1.0,0.4678182601928711,0.4374111294746399,0.3126222491264343,dda82f01bd2e60ae6287a37c9816dfd9
Kematangan,Master_Dataset\Kematangan\DS1_C4_1478_jpg.rf.8597cfa7301fc7a9255d8d09ecd99898.jpg,DS1_C4_1478_jpg.rf.8597cfa7301fc7a9255d8d09ecd99898.jpg,JPEG,224,224,1.0,0.3951939642429352,0.4371832311153412,0.2727692127227783,89c08d874473e8afaaf3855c686df629
Kematangan,Master_Dataset\Kematangan\DS1_C4_1479_jpg.rf.04c936e5590ae648c52777624856188a.jpg,DS1_C4_1479_jpg.rf.04c936e5590ae648c52777624856188a.jpg,JPEG,224,224,1.0,0.48980316519737244,0.45741844177246094,0.226216658949852,2fda5aed19f3e88c1014973d37ac6ddd
Kematangan,Master_Dataset\Kematangan\DS1_C4_1480_jpg.rf.81fa9211b7fa66705dddb9a2ae95ee83.jpg,DS1_C4_1480_jpg.rf.81fa9211b7fa66705dddb9a2ae95ee83.jpg,JPEG,224,224,1.0,0.43273431062698364,0.44508907198905945,0.19998957216739655,bc9245d3e885fe5bafad1e09d6073e67
Kematangan,Master_Dataset\Kematangan\DS1_C4_1481_jpg.rf.b687bcd16ead7f7d34eb3d67455760a0.jpg,DS1_C4_1481_jpg.rf.b687bcd16ead7f7d34eb3d67455760a0.jpg,JPEG,224,224,1.0,0.43626677989959717,0.44622111320495605,0.18719817698001862,9107f794cbd2a483d038c12f704daa72
Kematangan,Master_Dataset\Kematangan\DS1_C4_1482_jpg.rf.47c9b54b7120485e5ece6de9cc7a247f.jpg,DS1_C4_1482_jpg.rf.47c9b54b7120485e5ece6de9cc7a247f.jpg,JPEG,224,224,1.0,0.515529453754425,0.4669643044471741,0.27092844247817993,bbd2e3e1da597d0fc56f5ed2d3b4ee66
Kematangan,Master_Dataset\Kematangan\DS1_C4_1483_jpg.rf.43a33718c791c160b113ebfc97a9e0d0.jpg,DS1_C4_1483_jpg.rf.43a33718c791c160b113ebfc97a9e0d0.jpg,JPEG,224,224,1.0,0.47876790165901184,0.4443303644657135,0.22844178974628448,d7cf43225377213d97fbcc57526efc52
Kematangan,Master_Dataset\Kematangan\DS1_C4_1484_jpg.rf.cfdcfa8dc7e443f48b2a71296f8d350e.jpg,DS1_C4_1484_jpg.rf.cfdcfa8dc7e443f48b2a71296f8d350e.jpg,JPEG,224,224,1.0,0.5663370490074158,0.47969695925712585,0.23736517131328583,4fb93bd8b1ee39208dbe4e1097c20230
Kematangan,Master_Dataset\Kematangan\DS1_C4_1485_jpg.rf.7d42df4b2092ccf8b71acdfc977bc5e6.jpg,DS1_C4_1485_jpg.rf.7d42df4b2092ccf8b71acdfc977bc5e6.jpg,JPEG,224,224,1.0,0.4940129518508911,0.44046491384506226,0.19774191081523895,791acef4963fa5cc3f1d85851cfa998b
Kematangan,Master_Dataset\Kematangan\DS1_C4_1486_jpg.rf.c3149d2fa2e7aaf0354319d5effa5e56.jpg,DS1_C4_1486_jpg.rf.c3149d2fa2e7aaf0354319d5effa5e56.jpg,JPEG,224,224,1.0,0.3777361512184143,0.40043535828590393,0.19163504242897034,1f180c218db7dccb79ada0bf03ffcc8f
Kematangan,Master_Dataset\Kematangan\DS1_C4_1487_jpg.rf.de474a7da5b341926184a21099bd1083.jpg,DS1_C4_1487_jpg.rf.de474a7da5b341926184a21099bd1083.jpg,JPEG,224,224,1.0,0.4880174398422241,0.43541115522384644,0.18115811049938202,ea192c5936920d4326e569296de2c67a
Kematangan,Master_Dataset\Kematangan\DS1_C4_1488_jpg.rf.f173ff49ce5022fa73ad2c6963f120e1.jpg,DS1_C4_1488_jpg.rf.f173ff49ce5022fa73ad2c6963f120e1.jpg,JPEG,224,224,1.0,0.5063435435295105,0.43846967816352844,0.2686729431152344,a6d4fe369fe2ded54eae1890d120970a
Kematangan,Master_Dataset\Kematangan\DS1_C4_1489_jpg.rf.13452493c3d2fde2fde6c5e91325ab80.jpg,DS1_C4_1489_jpg.rf.13452493c3d2fde2fde6c5e91325ab80.jpg,JPEG,224,224,1.0,0.5313241481781006,0.5130849480628967,0.291984885931015,e454e238a2c3d9c6978bb0b19dc530bc
Kematangan,Master_Dataset\Kematangan\DS1_C4_1490_jpg.rf.17565f7a2a55c9ca8c0966d46251c5d9.jpg,DS1_C4_1490_jpg.rf.17565f7a2a55c9ca8c0966d46251c5d9.jpg,JPEG,224,224,1.0,0.5299474000930786,0.4870077073574066,0.26208019256591797,44e58ebbc5f4382f0490cc86de792d59
Kematangan,Master_Dataset\Kematangan\DS1_C4_1491_jpg.rf.280a3f6efb2923d7ccb5f7eea44a6b20.jpg,DS1_C4_1491_jpg.rf.280a3f6efb2923d7ccb5f7eea44a6b20.jpg,JPEG,224,224,1.0,0.44788658618927,0.4877593219280243,0.23776774108409882,409e0ca329f8d37b09b0dfab3a0b6d33
Kematangan,Master_Dataset\Kematangan\DS1_C4_1492_jpg.rf.ba560e217573e0990848c698e9ac3296.jpg,DS1_C4_1492_jpg.rf.ba560e217573e0990848c698e9ac3296.jpg,JPEG,224,224,1.0,0.5806182622909546,0.407438725233078,0.24442565441131592,8187eb69334562076a5abeb800fffc31
Kematangan,Master_Dataset\Kematangan\DS1_C4_1493_jpg.rf.cd742e284abf04f5b5edf2e90867e0ac.jpg,DS1_C4_1493_jpg.rf.cd742e284abf04f5b5edf2e90867e0ac.jpg,JPEG,224,224,1.0,0.39149758219718933,0.44115182757377625,0.13416624069213867,d6750c63c099e1a9f452f5166b310934
Kematangan,Master_Dataset\Kematangan\DS1_C4_1494_jpg.rf.c6c4d2ad355e0ae5be46bb5950fc85f9.jpg,DS1_C4_1494_jpg.rf.c6c4d2ad355e0ae5be46bb5950fc85f9.jpg,JPEG,224,224,1.0,0.4672853648662567,0.42507413029670715,0.22080720961093903,ab51dbbbc9c529ec4aa44fc35ae2ae28
Kematangan,Master_Dataset\Kematangan\DS1_C4_1495_jpg.rf.f37788d2ef9a010c144da0519d9242f6.jpg,DS1_C4_1495_jpg.rf.f37788d2ef9a010c144da0519d9242f6.jpg,JPEG,224,224,1.0,0.47485730051994324,0.426268070936203,0.22787873446941376,3883cdf07b994b8c6eef106b53b3d9b8
Kematangan,Master_Dataset\Kematangan\DS1_C4_1496_jpg.rf.a76e85e3830eae038ae8e1e4576133ec.jpg,DS1_C4_1496_jpg.rf.a76e85e3830eae038ae8e1e4576133ec.jpg,JPEG,224,224,1.0,0.5343199968338013,0.4637279510498047,0.28103381395339966,b7ef556717a40c4db9143d2f5e113cf6
Kematangan,Master_Dataset\Kematangan\DS1_C4_1497_jpg.rf.f4e225eeabe1c38db46248ec90ba49f4.jpg,DS1_C4_1497_jpg.rf.f4e225eeabe1c38db46248ec90ba49f4.jpg,JPEG,224,224,1.0,0.5568231344223022,0.4931528866291046,0.247406005859375,e29fc8f493fed74579628157b8eb287d
Kematangan,Master_Dataset\Kematangan\DS1_C4_1498_jpg.rf.4f825137df3f77b3362f9c054d447b26.jpg,DS1_C4_1498_jpg.rf.4f825137df3f77b3362f9c054d447b26.jpg,JPEG,224,224,1.0,0.5402323007583618,0.4516895115375519,0.3575591444969177,c2e47362536b9e4ef2a769f988b1e92f
Kematangan,Master_Dataset\Kematangan\DS1_C4_1499_jpg.rf.12e679796690d16c85cf96a4fcfca9fe.jpg,DS1_C4_1499_jpg.rf.12e679796690d16c85cf96a4fcfca9fe.jpg,JPEG,224,224,1.0,0.5258069634437561,0.4832454323768616,0.25661417841911316,d6157f680105ed99cd536cfe1cf7a6d4
Kematangan,Master_Dataset\Kematangan\DS1_C4_1500_jpg.rf.17688ddf2a76fc356b66bb7c4df1b806.jpg,DS1_C4_1500_jpg.rf.17688ddf2a76fc356b66bb7c4df1b806.jpg,JPEG,224,224,1.0,0.35747045278549194,0.404180645942688,0.1867053210735321,32adfe61735f192e613a4e08ba47248d
Kematangan,Master_Dataset\Kematangan\DS1_C4_1501_jpg.rf.12abdf3a5b7c76b37cbe4ce791f73018.jpg,DS1_C4_1501_jpg.rf.12abdf3a5b7c76b37cbe4ce791f73018.jpg,JPEG,224,224,1.0,0.48404672741889954,0.4953134059906006,0.2601170837879181,90c59986024aa70fb3783a9a36285109
Kematangan,Master_Dataset\Kematangan\DS1_C4_1502_jpg.rf.0b814a26bead5dc9feabfed93a396416.jpg,DS1_C4_1502_jpg.rf.0b814a26bead5dc9feabfed93a396416.jpg,JPEG,224,224,1.0,0.6472263336181641,0.5216116905212402,0.36942538619041443,46b57fe698c91e3774cd564abcc28746
Kematangan,Master_Dataset\Kematangan\DS1_C4_1503_jpg.rf.57bac84616c03f1519258a63ce3b49b0.jpg,DS1_C4_1503_jpg.rf.57bac84616c03f1519258a63ce3b49b0.jpg,JPEG,224,224,1.0,0.43605369329452515,0.4585455656051636,0.3401699960231781,b5a8b9c9f192000c5750182e0dbeedc7
Kematangan,Master_Dataset\Kematangan\DS1_C4_1504_jpg.rf.24d0d70ecae68940220b24653df09383.jpg,DS1_C4_1504_jpg.rf.24d0d70ecae68940220b24653df09383.jpg,JPEG,224,224,1.0,0.3907463848590851,0.3567558526992798,0.25352743268013,5c5a601bfa91195f9587a994550d8b92
Kematangan,Master_Dataset\Kematangan\DS1_C4_1505_jpg.rf.e072d103ad902434b67de89b04e3d1d5.jpg,DS1_C4_1505_jpg.rf.e072d103ad902434b67de89b04e3d1d5.jpg,JPEG,224,224,1.0,0.4718887209892273,0.4941728115081787,0.17766566574573517,48f01b22aeec8901b5c0d153486e5e55
Kematangan,Master_Dataset\Kematangan\DS1_C4_1506_jpg.rf.65da185a145b495a23e398a35a1683e2.jpg,DS1_C4_1506_jpg.rf.65da185a145b495a23e398a35a1683e2.jpg,JPEG,224,224,1.0,0.36394256353378296,0.40440282225608826,0.16780339181423187,1cb4afb82355d5e3aff7444c03d03cb1
Kematangan,Master_Dataset\Kematangan\DS1_C4_1507_jpg.rf.c4a7da740e796fc03671f878cde2f4e8.jpg,DS1_C4_1507_jpg.rf.c4a7da740e796fc03671f878cde2f4e8.jpg,JPEG,224,224,1.0,0.5166205167770386,0.45576316118240356,0.20612914860248566,3b47a94f564ac38be89b8ca30065a735
Kematangan,Master_Dataset\Kematangan\DS1_C4_1508_jpg.rf.70f6e0286abc2c89b142832f48d490d1.jpg,DS1_C4_1508_jpg.rf.70f6e0286abc2c89b142832f48d490d1.jpg,JPEG,224,224,1.0,0.5821014046669006,0.48315587639808655,0.2329118251800537,fe73a3a7de7bd144a6fe63833746c315
Kematangan,Master_Dataset\Kematangan\DS1_C4_1509_jpg.rf.a8afc019b2784a0252d0455c74f739ec.jpg,DS1_C4_1509_jpg.rf.a8afc019b2784a0252d0455c74f739ec.jpg,JPEG,224,224,1.0,0.5876330137252808,0.49419206380844116,0.3496467173099518,e52d8825f022bd3ae44077cc9584a68e
Kematangan,Master_Dataset\Kematangan\DS1_C4_1510_jpg.rf.1a7fb9e0a831f56efb7a8529b9fa04b4.jpg,DS1_C4_1510_jpg.rf.1a7fb9e0a831f56efb7a8529b9fa04b4.jpg,JPEG,224,224,1.0,0.43948328495025635,0.506431519985199,0.2268991470336914,25688c64a770fd6e75d752e0cfa962b0
Kematangan,Master_Dataset\Kematangan\DS1_C4_1511_jpg.rf.e3833708e4b67f8c17a9101752284860.jpg,DS1_C4_1511_jpg.rf.e3833708e4b67f8c17a9101752284860.jpg,JPEG,224,224,1.0,0.5712924003601074,0.453078031539917,0.33561980724334717,756c04f4dff4b281ca291519d79e991f
Kematangan,Master_Dataset\Kematangan\DS1_C4_1512_jpg.rf.e8061823b7fe1cb377af2e22719b77ce.jpg,DS1_C4_1512_jpg.rf.e8061823b7fe1cb377af2e22719b77ce.jpg,JPEG,224,224,1.0,0.46696722507476807,0.4547211825847626,0.24924558401107788,650a0123f89d4a4b9e6d9a49f63f2302
Kematangan,Master_Dataset\Kematangan\DS1_C4_1513_jpg.rf.9925a51ca2aad6120639f6effb30138a.jpg,DS1_C4_1513_jpg.rf.9925a51ca2aad6120639f6effb30138a.jpg,JPEG,224,224,1.0,0.5131129622459412,0.4991774559020996,0.21980251371860504,5cac318d3360f8fc8db09c1ee1e22082
Kematangan,Master_Dataset\Kematangan\DS1_C4_1514_jpg.rf.0f73a0cab8973a6b42b5a3aa2109ed5f.jpg,DS1_C4_1514_jpg.rf.0f73a0cab8973a6b42b5a3aa2109ed5f.jpg,JPEG,224,224,1.0,0.42424458265304565,0.5102977752685547,0.22550134360790253,eb3edd895c2fde5463f787532dafc2d0
Kematangan,Master_Dataset\Kematangan\DS1_C4_1515_jpg.rf.d14437a52fd9677cc775365b0049bc08.jpg,DS1_C4_1515_jpg.rf.d14437a52fd9677cc775365b0049bc08.jpg,JPEG,224,224,1.0,0.5157855153083801,0.4665908217430115,0.29682761430740356,050912bc2b7996d97d949f4fe478cfe9
Kematangan,Master_Dataset\Kematangan\DS1_C4_1516_jpg.rf.89c4fc5915ab66964f80afcd112cd90e.jpg,DS1_C4_1516_jpg.rf.89c4fc5915ab66964f80afcd112cd90e.jpg,JPEG,224,224,1.0,0.474712073802948,0.4814470708370209,0.28639206290245056,0642665ad0a3f21b25d424bebac2ec47
Kematangan,Master_Dataset\Kematangan\DS1_C4_1517_jpg.rf.9520105c2afaff7bf709bb2f87f00cc9.jpg,DS1_C4_1517_jpg.rf.9520105c2afaff7bf709bb2f87f00cc9.jpg,JPEG,224,224,1.0,0.5207093954086304,0.4763120412826538,0.22516709566116333,081ecae33560328b83f2f5fac3472d66
Kematangan,Master_Dataset\Kematangan\DS1_C4_1518_jpg.rf.ceea8b329e49c20b0d2a797827ddd689.jpg,DS1_C4_1518_jpg.rf.ceea8b329e49c20b0d2a797827ddd689.jpg,JPEG,224,224,1.0,0.42176008224487305,0.41920143365859985,0.254625141620636,b9f7a52f6b3e49b0a164dca0adffbd93
Kematangan,Master_Dataset\Kematangan\DS1_C4_1519_jpg.rf.5e167e4fc3dae00d0d339329224fa233.jpg,DS1_C4_1519_jpg.rf.5e167e4fc3dae00d0d339329224fa233.jpg,JPEG,224,224,1.0,0.44968169927597046,0.4694358706474304,0.24394336342811584,98156fbe1fa3403647ec07f993fdea9f
Kematangan,Master_Dataset\Kematangan\DS1_C4_1520_jpg.rf.1e0b93d471e38e5c7e62dfb96984e7db.jpg,DS1_C4_1520_jpg.rf.1e0b93d471e38e5c7e62dfb96984e7db.jpg,JPEG,224,224,1.0,0.4740610420703888,0.5048243999481201,0.27032750844955444,eb23259722ca719caadc283784c43e85
Kematangan,Master_Dataset\Kematangan\DS1_C4_1521_jpg.rf.22dfc00a27f4e9bead6fc6248da348ef.jpg,DS1_C4_1521_jpg.rf.22dfc00a27f4e9bead6fc6248da348ef.jpg,JPEG,224,224,1.0,0.5899810194969177,0.4970778524875641,0.32721561193466187,edfb755e1be8eeebc4d472219869dd20
Kematangan,Master_Dataset\Kematangan\DS1_C4_1522_jpg.rf.93ccf6d45912907a5c1517035374078a.jpg,DS1_C4_1522_jpg.rf.93ccf6d45912907a5c1517035374078a.jpg,JPEG,224,224,1.0,0.5622071027755737,0.4904879331588745,0.26426035165786743,f8592461a38e39f695d71cc22f66621c
Kematangan,Master_Dataset\Kematangan\DS1_C4_1523_jpg.rf.6de3594ba5e3e151de31bd01f80d7a11.jpg,DS1_C4_1523_jpg.rf.6de3594ba5e3e151de31bd01f80d7a11.jpg,JPEG,224,224,1.0,0.5505102872848511,0.5372899770736694,0.5122044682502747,a336595ee0175bfdc4e95ba6a239af23
Kematangan,Master_Dataset\Kematangan\DS1_C4_1524_jpg.rf.9682a382bf9ab1fec0b66214a761cbb6.jpg,DS1_C4_1524_jpg.rf.9682a382bf9ab1fec0b66214a761cbb6.jpg,JPEG,224,224,1.0,0.3902534544467926,0.376839816570282,0.24970056116580963,10def61600c5918f74e3b704fc556aa3
Kematangan,Master_Dataset\Kematangan\DS1_C4_1525_jpg.rf.89d25060e6ab4f00554b12ae2d82e3ba.jpg,DS1_C4_1525_jpg.rf.89d25060e6ab4f00554b12ae2d82e3ba.jpg,JPEG,224,224,1.0,0.5044288635253906,0.44190844893455505,0.28436478972435,f0b361668a713f11af3daa27080a3c04
Kematangan,Master_Dataset\Kematangan\DS1_C4_1526_jpg.rf.20269c7d2533eaecc48ec0730d25f61f.jpg,DS1_C4_1526_jpg.rf.20269c7d2533eaecc48ec0730d25f61f.jpg,JPEG,224,224,1.0,0.5913939476013184,0.49117758870124817,0.3048378527164459,9c205a2a4025fc969a078d27e6b2b009
Kematangan,Master_Dataset\Kematangan\DS1_C4_1527_jpg.rf.e86b1fa4ddbb05aac2eabb7af0c54a13.jpg,DS1_C4_1527_jpg.rf.e86b1fa4ddbb05aac2eabb7af0c54a13.jpg,JPEG,224,224,1.0,0.47163572907447815,0.47963443398475647,0.2071012705564499,cff3cde606a448928ced420dda2e8619
Kematangan,Master_Dataset\Kematangan\DS1_C4_1528_jpg.rf.02ea0c5d838a649388d6f797f102bd88.jpg,DS1_C4_1528_jpg.rf.02ea0c5d838a649388d6f797f102bd88.jpg,JPEG,224,224,1.0,0.5074316263198853,0.4802910089492798,0.2725626826286316,ac2bdb352693f45d77fcaf944e324d62
Kematangan,Master_Dataset\Kematangan\DS1_C4_1529_jpg.rf.bb7a440f35786d3bde22298f9b556145.jpg,DS1_C4_1529_jpg.rf.bb7a440f35786d3bde22298f9b556145.jpg,JPEG,224,224,1.0,0.5138911604881287,0.5173739194869995,0.33305567502975464,d83e1a46427c19e4dcdac65e00dd5696
Kematangan,Master_Dataset\Kematangan\DS1_C4_1530_jpg.rf.525b87ec9ff63fac94af87cee93a9733.jpg,DS1_C4_1530_jpg.rf.525b87ec9ff63fac94af87cee93a9733.jpg,JPEG,224,224,1.0,0.4926201105117798,0.48977959156036377,0.3680395483970642,034354b8277299eb09993f49b721620c
Kematangan,Master_Dataset\Kematangan\DS1_C4_1531_jpg.rf.f7e912404313c00326473ad600fceed8.jpg,DS1_C4_1531_jpg.rf.f7e912404313c00326473ad600fceed8.jpg,JPEG,224,224,1.0,0.42929860949516296,0.4484010934829712,0.2596738934516907,14d48cfc2ed18dad2d95b58e8f691fee
Kematangan,Master_Dataset\Kematangan\DS1_C4_1532_jpg.rf.fd28a8bc2e3c86df205f2680c6258f2b.jpg,DS1_C4_1532_jpg.rf.fd28a8bc2e3c86df205f2680c6258f2b.jpg,JPEG,224,224,1.0,0.5859227776527405,0.5189610123634338,0.3424600064754486,a84bb24d5b991f6a02d2b3611304960e
Kematangan,Master_Dataset\Kematangan\DS1_C4_1533_jpg.rf.d413c408ef932613ee7d4ec6b7f2b0a6.jpg,DS1_C4_1533_jpg.rf.d413c408ef932613ee7d4ec6b7f2b0a6.jpg,JPEG,224,224,1.0,0.45274674892425537,0.4363482594490051,0.4037420451641083,b982e6d19bae5eab8b69bbac18cc4aee
Kematangan,Master_Dataset\Kematangan\DS1_C4_1534_jpg.rf.66bafd8665f1ce5bc378183b38f0b85f.jpg,DS1_C4_1534_jpg.rf.66bafd8665f1ce5bc378183b38f0b85f.jpg,JPEG,224,224,1.0,0.5411301851272583,0.4679805338382721,0.25623685121536255,42da4f9f1f41effeebc7805661943713
Kematangan,Master_Dataset\Kematangan\DS1_C4_1535_jpg.rf.0e7ec10789c5d17b17d3528cb94eac1f.jpg,DS1_C4_1535_jpg.rf.0e7ec10789c5d17b17d3528cb94eac1f.jpg,JPEG,224,224,1.0,0.4383363723754883,0.44417327642440796,0.1934659779071808,c8c394f5a5ca3b042fdaba49bc5b3199
Kematangan,Master_Dataset\Kematangan\DS1_C4_1536_jpg.rf.1730e3c36ac9eaa953f69ff22883f64c.jpg,DS1_C4_1536_jpg.rf.1730e3c36ac9eaa953f69ff22883f64c.jpg,JPEG,224,224,1.0,0.5467575788497925,0.4523266553878784,0.2578882575035095,e51e4783660ce7b3024e0b9e5d3dc198
Kematangan,Master_Dataset\Kematangan\DS1_C4_1537_jpg.rf.20ce3870c65a03bbf952889ed52eb3a0.jpg,DS1_C4_1537_jpg.rf.20ce3870c65a03bbf952889ed52eb3a0.jpg,JPEG,224,224,1.0,0.5723828077316284,0.4908864200115204,0.31703895330429077,f88df65988d0b31d532d965f7fb3c7f9
Kematangan,Master_Dataset\Kematangan\DS1_C4_1538_jpg.rf.398cd4b9ebc176ffaea523c8b7b972da.jpg,DS1_C4_1538_jpg.rf.398cd4b9ebc176ffaea523c8b7b972da.jpg,JPEG,224,224,1.0,0.45665764808654785,0.4464024305343628,0.22761131823062897,f1307d750f0718c38c66068397c9db47
Kematangan,Master_Dataset\Kematangan\DS1_C4_1539_jpg.rf.a60103a5b2308f539d3a69c55ebee247.jpg,DS1_C4_1539_jpg.rf.a60103a5b2308f539d3a69c55ebee247.jpg,JPEG,224,224,1.0,0.41437143087387085,0.4433042109012604,0.19532594084739685,ae1d443e0a8a3606e64f48b62567fb60
Kematangan,Master_Dataset\Kematangan\DS1_C4_1540_jpg.rf.ad5f320f0018145f48b253fd68286a72.jpg,DS1_C4_1540_jpg.rf.ad5f320f0018145f48b253fd68286a72.jpg,JPEG,224,224,1.0,0.45073258876800537,0.48270657658576965,0.20236723124980927,355ac13de084af76431feb7189813cf7
Kematangan,Master_Dataset\Kematangan\DS1_C4_1541_jpg.rf.9a43c56e0a95b24c2da8ca0ee82642cc.jpg,DS1_C4_1541_jpg.rf.9a43c56e0a95b24c2da8ca0ee82642cc.jpg,JPEG,224,224,1.0,0.4720875024795532,0.4890665113925934,0.36034226417541504,887c69404b54735f0e9385a9047ec665
Kematangan,Master_Dataset\Kematangan\DS1_C4_1542_jpg.rf.c8f29d4e8873e416f1ecf148d9ac8f9f.jpg,DS1_C4_1542_jpg.rf.c8f29d4e8873e416f1ecf148d9ac8f9f.jpg,JPEG,224,224,1.0,0.5586163401603699,0.5073254108428955,0.3176805377006531,32a5800a1b2efe21f1825f981fc3bfb3
Kematangan,Master_Dataset\Kematangan\DS1_C4_1543_jpg.rf.bd438f15cd339f321e0028f201277a8b.jpg,DS1_C4_1543_jpg.rf.bd438f15cd339f321e0028f201277a8b.jpg,JPEG,224,224,1.0,0.49438217282295227,0.5172557234764099,0.18210841715335846,a54488f76d4895c1d71646c85d22b05a
Kematangan,Master_Dataset\Kematangan\DS1_C4_1544_jpg.rf.1a160e152bb5b65e741584db1220a798.jpg,DS1_C4_1544_jpg.rf.1a160e152bb5b65e741584db1220a798.jpg,JPEG,224,224,1.0,0.44891661405563354,0.45712071657180786,0.20861941576004028,32639b7d48c9afd09b865d4060588aee
Kematangan,Master_Dataset\Kematangan\DS1_C4_1545_jpg.rf.6ede22f8197a76c4b714d3778bafac4e.jpg,DS1_C4_1545_jpg.rf.6ede22f8197a76c4b714d3778bafac4e.jpg,JPEG,224,224,1.0,0.6251479983329773,0.5974075794219971,0.3845215439796448,d85ca849f922f70754173ba91f432779
Kematangan,Master_Dataset\Kematangan\DS1_C4_1546_jpg.rf.71eda987bbec536265fd234b66741705.jpg,DS1_C4_1546_jpg.rf.71eda987bbec536265fd234b66741705.jpg,JPEG,224,224,1.0,0.3358182907104492,0.37699878215789795,0.24322476983070374,25889669862a6db488119de997ae3850
Kematangan,Master_Dataset\Kematangan\DS1_C4_1547_jpg.rf.e0cc0754f3549ef82f258fce14441cf3.jpg,DS1_C4_1547_jpg.rf.e0cc0754f3549ef82f258fce14441cf3.jpg,JPEG,224,224,1.0,0.45205578207969666,0.46123677492141724,0.16550837457180023,4155990fdd103fa59ece3d183e27cee2
Kematangan,Master_Dataset\Kematangan\DS1_C4_1548_jpg.rf.c56cac57f739212b3d5234f79b78be6b.jpg,DS1_C4_1548_jpg.rf.c56cac57f739212b3d5234f79b78be6b.jpg,JPEG,224,224,1.0,0.43589815497398376,0.4410618841648102,0.30375561118125916,6220201983af415723c46ee96f38b12e
Kematangan,Master_Dataset\Kematangan\DS1_C4_1549_jpg.rf.3342a19134a1ad762c60de7a0190a4fd.jpg,DS1_C4_1549_jpg.rf.3342a19134a1ad762c60de7a0190a4fd.jpg,JPEG,224,224,1.0,0.5450560450553894,0.4710076153278351,0.2355441302061081,fba0d770e27ed6d889358e3917054242
Kematangan,Master_Dataset\Kematangan\DS1_C4_1550_jpg.rf.8a375f9cfbd4aba989fc0571b0ea6689.jpg,DS1_C4_1550_jpg.rf.8a375f9cfbd4aba989fc0571b0ea6689.jpg,JPEG,224,224,1.0,0.5161750912666321,0.44178804755210876,0.26903656125068665,58f2c1c51c12c1fce654a25546860109
Kematangan,Master_Dataset\Kematangan\DS1_C4_1551_jpg.rf.61e4a6d1891969d90a14158952b8087d.jpg,DS1_C4_1551_jpg.rf.61e4a6d1891969d90a14158952b8087d.jpg,JPEG,224,224,1.0,0.4761960506439209,0.5111773014068604,0.2333238571882248,3c4a7a363332ec69d3d575675d051263
Kematangan,Master_Dataset\Kematangan\DS1_C4_1552_jpg.rf.840f148e28bf7199a6a782e6e8e24cff.jpg,DS1_C4_1552_jpg.rf.840f148e28bf7199a6a782e6e8e24cff.jpg,JPEG,224,224,1.0,0.6076905131340027,0.5541197657585144,0.35227614641189575,46647a1b60b77c68f29db5d554c6ab73
Kematangan,Master_Dataset\Kematangan\DS1_C4_1553_jpg.rf.49eb2361b3e27c3670a472a7202863e6.jpg,DS1_C4_1553_jpg.rf.49eb2361b3e27c3670a472a7202863e6.jpg,JPEG,224,224,1.0,0.43297818303108215,0.37816959619522095,0.1733865588903427,73227fbb00551dc5cad51f8b55bb201d
Kematangan,Master_Dataset\Kematangan\DS1_C4_1554_jpg.rf.b18a5131b0aec27f469be01699ae8d3f.jpg,DS1_C4_1554_jpg.rf.b18a5131b0aec27f469be01699ae8d3f.jpg,JPEG,224,224,1.0,0.45128023624420166,0.4163972735404968,0.2042555958032608,d4234501cac239d76b100a1efdc248f3
Kematangan,Master_Dataset\Kematangan\DS1_C4_1555_jpg.rf.0d3fd85240f1b01ab7f8666e51be2e82.jpg,DS1_C4_1555_jpg.rf.0d3fd85240f1b01ab7f8666e51be2e82.jpg,JPEG,224,224,1.0,0.43956559896469116,0.3824039399623871,0.19933876395225525,43ede136d5dc4086ddf1f6569a5efa25
Kematangan,Master_Dataset\Kematangan\DS1_C4_1556_jpg.rf.0b5245ca90ebac5c1a659a6277bdffd5.jpg,DS1_C4_1556_jpg.rf.0b5245ca90ebac5c1a659a6277bdffd5.jpg,JPEG,224,224,1.0,0.5490829348564148,0.5591852068901062,0.4029972553253174,773c4ab8e1b29ef6d34a1c57f19306c8
Kematangan,Master_Dataset\Kematangan\DS1_C4_1557_jpg.rf.fac68fa4cb1719f619926e2af1003c2c.jpg,DS1_C4_1557_jpg.rf.fac68fa4cb1719f619926e2af1003c2c.jpg,JPEG,224,224,1.0,0.4541890025138855,0.45285940170288086,0.23960328102111816,619df82c55e3e61eac5dc23d4b3b92b2
Kematangan,Master_Dataset\Kematangan\DS2_S1.jpg,DS2_S1.jpg,JPEG,505,505,1.0,0.3672434985637665,0.3917803466320038,0.33237728476524353,de8eeae5dba99be811c4cb5e85286c4a
Kematangan,Master_Dataset\Kematangan\DS2_S10.jpg,DS2_S10.jpg,JPEG,505,505,1.0,0.50653076171875,0.4887484312057495,0.41560497879981995,fe6a915c6e56ec065459bea39f434d1d
Kematangan,Master_Dataset\Kematangan\DS2_S100.jpg,DS2_S100.jpg,JPEG,505,505,1.0,0.321194589138031,0.30204683542251587,0.29654935002326965,f7138127d69a0b14d3f92dcb05a73dd9
Kematangan,Master_Dataset\Kematangan\DS2_S101.jpg,DS2_S101.jpg,JPEG,505,505,1.0,0.2765362560749054,0.25617703795433044,0.2501956820487976,d76f7d5679ebd0723209860992821df8
Kematangan,Master_Dataset\Kematangan\DS2_S102.jpg,DS2_S102.jpg,JPEG,505,505,1.0,0.41767653822898865,0.3924146294593811,0.37900710105895996,e388a2a5d5f2b1723c08cc84c30421c6
Kematangan,Master_Dataset\Kematangan\DS2_S103.jpg,DS2_S103.jpg,JPEG,505,505,1.0,0.4418158531188965,0.4202589988708496,0.40869542956352234,26d8920a73fcd7d24b73c97667387e3f
Kematangan,Master_Dataset\Kematangan\DS2_S104.jpg,DS2_S104.jpg,JPEG,505,505,1.0,0.4622579514980316,0.44534191489219666,0.43558958172798157,3615c58a9d364897afa16c95edd55531
Kematangan,Master_Dataset\Kematangan\DS2_S105.jpg,DS2_S105.jpg,JPEG,505,505,1.0,0.44075360894203186,0.41996753215789795,0.40941280126571655,24f5b58c9e9b6f3ed8709406048920ec
Kematangan,Master_Dataset\Kematangan\DS2_S106.jpg,DS2_S106.jpg,JPEG,505,505,1.0,0.4072403013706207,0.3841826915740967,0.37592607736587524,f5cf51a2a4abd05e5b661ec62a58c96c
Kematangan,Master_Dataset\Kematangan\DS2_S107.jpg,DS2_S107.jpg,JPEG,505,505,1.0,0.3333663046360016,0.31809571385383606,0.3144780695438385,d5a6a243051a073335a2bbdc7eb81c2a
Kematangan,Master_Dataset\Kematangan\DS2_S108.jpg,DS2_S108.jpg,JPEG,505,505,1.0,0.42847225069999695,0.39576256275177,0.38517361879348755,e3f73076191f080fb86171373d30029d
Kematangan,Master_Dataset\Kematangan\DS2_S109.jpg,DS2_S109.jpg,JPEG,505,505,1.0,0.46312519907951355,0.4366427958011627,0.4211435914039612,1959ff49db44e062b73bf817bf62d270
Kematangan,Master_Dataset\Kematangan\DS2_S11.jpg,DS2_S11.jpg,JPEG,505,505,1.0,0.45648589730262756,0.4396244287490845,0.42216914892196655,224c499921b7cffc059464f5a61878a3
Kematangan,Master_Dataset\Kematangan\DS2_S110.jpg,DS2_S110.jpg,JPEG,505,505,1.0,0.33509549498558044,0.3187043070793152,0.3137992024421692,e803fd473dd1825f71a9af2479099210
Kematangan,Master_Dataset\Kematangan\DS2_S111.jpg,DS2_S111.jpg,JPEG,505,505,1.0,0.37985411286354065,0.363736629486084,0.35788699984550476,bea75221267a8a9021844dd40e62a92c
Kematangan,Master_Dataset\Kematangan\DS2_S112.jpg,DS2_S112.jpg,JPEG,505,505,1.0,0.3619333803653717,0.33843764662742615,0.3315889835357666,721f38587b15fb37f2f0ee6cb050bd89
Kematangan,Master_Dataset\Kematangan\DS2_S113.jpg,DS2_S113.jpg,JPEG,505,505,1.0,0.36913415789604187,0.35103896260261536,0.345334529876709,ee8fbdfbf0959e8a503016ea28859571
Kematangan,Master_Dataset\Kematangan\DS2_S114.jpg,DS2_S114.jpg,JPEG,505,505,1.0,0.3805616497993469,0.35416391491889954,0.34694287180900574,02b6e4015338b9f98cd0b1539522a391
Kematangan,Master_Dataset\Kematangan\DS2_S115.jpg,DS2_S115.jpg,JPEG,505,505,1.0,0.38315147161483765,0.35207507014274597,0.34261074662208557,db3435094ebbb2adccce21e15e0752f6
Kematangan,Master_Dataset\Kematangan\DS2_S116.jpg,DS2_S116.jpg,JPEG,505,505,1.0,0.3759891092777252,0.35225415229797363,0.3448987901210785,49b7f0a6e7b505a97643f220899c4aa4
Kematangan,Master_Dataset\Kematangan\DS2_S117.jpg,DS2_S117.jpg,JPEG,505,505,1.0,0.3779115378856659,0.35687845945358276,0.35034602880477905,cf9a76a8944eff4dff58dba085a0d76a
Kematangan,Master_Dataset\Kematangan\DS2_S118.jpg,DS2_S118.jpg,JPEG,505,505,1.0,0.4176159203052521,0.3866792917251587,0.3773040473461151,7c0d870abe38da3139119af1341e80ae
Kematangan,Master_Dataset\Kematangan\DS2_S119.jpg,DS2_S119.jpg,JPEG,505,505,1.0,0.35417428612709045,0.3317665755748749,0.3256015479564667,f9ce64685c62d3248eb57a6d9dda2f00
Kematangan,Master_Dataset\Kematangan\DS2_S12.jpg,DS2_S12.jpg,JPEG,505,505,1.0,0.4101755619049072,0.40109872817993164,0.39367467164993286,d459f99cf36e36eb0a6d3552bc634074
Kematangan,Master_Dataset\Kematangan\DS2_S120.jpg,DS2_S120.jpg,JPEG,505,505,1.0,0.363748162984848,0.3487113118171692,0.3444555401802063,3c9a80612d9a8865060751ed3c41f0cf
Kematangan,Master_Dataset\Kematangan\DS2_S121.jpg,DS2_S121.jpg,JPEG,505,505,1.0,0.42188969254493713,0.3908665180206299,0.38250571489334106,dcab1f7ec94842462c93060c66f42cf5
Kematangan,Master_Dataset\Kematangan\DS2_S122.jpg,DS2_S122.jpg,JPEG,505,505,1.0,0.30356431007385254,0.2776605486869812,0.2715226411819458,a7b6d045d1d8a09b7f2633767d8cf0b5
Kematangan,Master_Dataset\Kematangan\DS2_S123.jpg,DS2_S123.jpg,JPEG,505,505,1.0,0.4480487108230591,0.4279513657093048,0.4140780568122864,f24d3be7eb4976c892d688c6702bf8f7
Kematangan,Master_Dataset\Kematangan\DS2_S124.jpg,DS2_S124.jpg,JPEG,505,505,1.0,0.5887894630432129,0.5576337575912476,0.542329728603363,7fc1d1166a14ac7b79c3ae31a7a39b0d
Kematangan,Master_Dataset\Kematangan\DS2_S125.jpg,DS2_S125.jpg,JPEG,505,505,1.0,0.3286695182323456,0.292683869600296,0.28295984864234924,5cbe3b5646694f7d01b8ce804cc72d9d
Kematangan,Master_Dataset\Kematangan\DS2_S126.jpg,DS2_S126.jpg,JPEG,505,505,1.0,0.36185139417648315,0.33908239006996155,0.3327759802341461,2fdcb88e3f68c9a552fe0794a17a813f
Kematangan,Master_Dataset\Kematangan\DS2_S127.jpg,DS2_S127.jpg,JPEG,505,505,1.0,0.3765706419944763,0.3617962896823883,0.3485683798789978,c92a37c36ce923457a0163dcc6137047
Kematangan,Master_Dataset\Kematangan\DS2_S128.jpg,DS2_S128.jpg,JPEG,505,505,1.0,0.3608003854751587,0.34782296419143677,0.341035932302475,0799a65eb8802e1783a02302706616c7
Kematangan,Master_Dataset\Kematangan\DS2_S129.jpg,DS2_S129.jpg,JPEG,505,505,1.0,0.3616009056568146,0.34332990646362305,0.33381202816963196,4bffe84fbdcf8e05f7c91e89aa5fdcd3
Kematangan,Master_Dataset\Kematangan\DS2_S13.jpg,DS2_S13.jpg,JPEG,505,505,1.0,0.36116936802864075,0.38666683435440063,0.3404671847820282,1efbab8233039b47e0da8e1bc7c5cfe2
Kematangan,Master_Dataset\Kematangan\DS2_S130.jpg,DS2_S130.jpg,JPEG,505,505,1.0,0.3615049421787262,0.3451154828071594,0.3355049192905426,1343f873c4eae3a81976c17f6e5228e9
Kematangan,Master_Dataset\Kematangan\DS2_S131.jpg,DS2_S131.jpg,JPEG,505,505,1.0,0.3469366431236267,0.3313952088356018,0.31958743929862976,77942c600502016ae10d07237792aad3
Kematangan,Master_Dataset\Kematangan\DS2_S132.jpg,DS2_S132.jpg,JPEG,505,505,1.0,0.3331966698169708,0.31233271956443787,0.29917916655540466,e1d4cd815be04943fed01329dd6bac0e
Kematangan,Master_Dataset\Kematangan\DS2_S133.jpg,DS2_S133.jpg,JPEG,505,505,1.0,0.3123258650302887,0.292972207069397,0.2809431552886963,903d743e0ea3389c7ba2de06d6bca0e4
Kematangan,Master_Dataset\Kematangan\DS2_S134.jpg,DS2_S134.jpg,JPEG,505,505,1.0,0.377708375453949,0.35943785309791565,0.3476093113422394,98107a7604acafcb96577ad26af58f55
Kematangan,Master_Dataset\Kematangan\DS2_S135.jpg,DS2_S135.jpg,JPEG,505,505,1.0,0.38917654752731323,0.37082111835479736,0.35934212803840637,809ebcfeae95775ac76a8478c9a0c4e1
Kematangan,Master_Dataset\Kematangan\DS2_S136.jpg,DS2_S136.jpg,JPEG,505,505,1.0,0.3242136538028717,0.30558061599731445,0.2937345504760742,948ff6a72747c7596fcc8851e83e6434
Kematangan,Master_Dataset\Kematangan\DS2_S137.jpg,DS2_S137.jpg,JPEG,505,505,1.0,0.4321660101413727,0.386270135641098,0.3679603040218353,18dc88821e0286c902e16cd675ed13b6
Kematangan,Master_Dataset\Kematangan\DS2_S14.jpg,DS2_S14.jpg,JPEG,505,505,1.0,0.30383002758026123,0.3276730477809906,0.28627443313598633,f11295b2b11fc69f8805e8debd5bee64
Kematangan,Master_Dataset\Kematangan\DS2_S15.jpg,DS2_S15.jpg,JPEG,505,505,1.0,0.41653871536254883,0.4341372549533844,0.38984403014183044,f8c7f67431d4e80922e582fffa7426b7
Kematangan,Master_Dataset\Kematangan\DS2_S16.jpg,DS2_S16.jpg,JPEG,505,505,1.0,0.43198174238204956,0.4543062746524811,0.39322909712791443,0b224e012bafe1e2e660e1318d2903ae
Kematangan,Master_Dataset\Kematangan\DS2_S17.jpg,DS2_S17.jpg,JPEG,505,505,1.0,0.4523910880088806,0.47676751017570496,0.39970457553863525,392dbb85fa7dddb99628dc9835b04905
Kematangan,Master_Dataset\Kematangan\DS2_S18.jpg,DS2_S18.jpg,JPEG,505,505,1.0,0.4121386706829071,0.43795058131217957,0.37697502970695496,ea71b9473ebfee4cfe7bf2cdfbdfbeb4
Kematangan,Master_Dataset\Kematangan\DS2_S19.jpg,DS2_S19.jpg,JPEG,505,505,1.0,0.3628638982772827,0.38414767384529114,0.3326543867588043,51f200e3edb04be0b85af4103d5e8da9
Kematangan,Master_Dataset\Kematangan\DS2_S2.jpg,DS2_S2.jpg,JPEG,505,505,1.0,0.46082603931427,0.4625717103481293,0.3892243504524231,dddb4e63003dc9b10d5cd98b5e9d1b1e
Kematangan,Master_Dataset\Kematangan\DS2_S20.jpg,DS2_S20.jpg,JPEG,505,505,1.0,0.2840730547904968,0.2941574454307556,0.2567296624183655,4a1688ae5a0c314ea3e491a9079104d4
Kematangan,Master_Dataset\Kematangan\DS2_S21.jpg,DS2_S21.jpg,JPEG,505,505,1.0,0.42265063524246216,0.41311779618263245,0.3978274166584015,9bf118f0e8ff0b38885fcbacb5b34f8e
Kematangan,Master_Dataset\Kematangan\DS2_S22.jpg,DS2_S22.jpg,JPEG,505,505,1.0,0.38541993498802185,0.4104313552379608,0.36375248432159424,c683695c8f7e60abb1217339a6a01e07
Kematangan,Master_Dataset\Kematangan\DS2_S23.jpg,DS2_S23.jpg,JPEG,505,505,1.0,0.3688621520996094,0.3930453062057495,0.33243507146835327,f848f1809de97b81e201165f7b48f31a
Kematangan,Master_Dataset\Kematangan\DS2_S24.jpg,DS2_S24.jpg,JPEG,505,505,1.0,0.3817465305328369,0.40041929483413696,0.3628542721271515,2b7339d24cc5f5908d5edaecd8c36959
Kematangan,Master_Dataset\Kematangan\DS2_S25.jpg,DS2_S25.jpg,JPEG,1009,1009,1.0,0.41290920972824097,0.3761135935783386,0.36036378145217896,8de34381e0b722db16bc8868492c9936
Kematangan,Master_Dataset\Kematangan\DS2_S26.jpg,DS2_S26.jpg,JPEG,505,505,1.0,0.4130317270755768,0.3764643371105194,0.36091354489326477,7d7a6cfa734fffc920bf2c97f3a7f7ba
Kematangan,Master_Dataset\Kematangan\DS2_S27.jpg,DS2_S27.jpg,JPEG,505,505,1.0,0.3837818205356598,0.3420989513397217,0.3288237154483795,299183b875b7ae731d68036918ecf68b
Kematangan,Master_Dataset\Kematangan\DS2_S28.jpg,DS2_S28.jpg,JPEG,505,505,1.0,0.41327211260795593,0.3906904458999634,0.3759925067424774,3a37b5ad662c0e38963a41091af1ca48
Kematangan,Master_Dataset\Kematangan\DS2_S29.jpg,DS2_S29.jpg,JPEG,505,505,1.0,0.4461386799812317,0.42968735098838806,0.4152669310569763,3f87696989a0a529ef3773b303caebfc
Kematangan,Master_Dataset\Kematangan\DS2_S3.jpg,DS2_S3.jpg,JPEG,505,505,1.0,0.45955780148506165,0.4340217113494873,0.4169825315475464,0b67df9a760c48d35e0908495d912e2e
Kematangan,Master_Dataset\Kematangan\DS2_S30.jpg,DS2_S30.jpg,JPEG,505,505,1.0,0.4273483157157898,0.3953299820423126,0.372039258480072,ab4895ad638b3b4bc6ab66b69e74fc3f
Kematangan,Master_Dataset\Kematangan\DS2_S31.jpg,DS2_S31.jpg,JPEG,505,505,1.0,0.45810115337371826,0.42517390847206116,0.3990790843963623,681cd93b2488f9d713c5e993eb73e0b9
Kematangan,Master_Dataset\Kematangan\DS2_S32.jpg,DS2_S32.jpg,JPEG,505,505,1.0,0.4446055591106415,0.41524791717529297,0.38672634959220886,90f407b1ed4854d3c1ac1318cceccfa4
Kematangan,Master_Dataset\Kematangan\DS2_S33.jpg,DS2_S33.jpg,JPEG,505,505,1.0,0.4316001236438751,0.4015626013278961,0.3740159571170807,abc38231cfd7d874331587560b3cab69
Kematangan,Master_Dataset\Kematangan\DS2_S34.jpg,DS2_S34.jpg,JPEG,505,505,1.0,0.4224699139595032,0.39101463556289673,0.36588940024375916,ad1983f874f406ef66ae9c3a84031252
Kematangan,Master_Dataset\Kematangan\DS2_S35.jpg,DS2_S35.jpg,JPEG,505,505,1.0,0.4072870910167694,0.3831479251384735,0.3660304844379425,692a98b7fb0fd77550b16eac6625dade
Kematangan,Master_Dataset\Kematangan\DS2_S36.jpg,DS2_S36.jpg,JPEG,505,505,1.0,0.3800472915172577,0.3556041419506073,0.3430497944355011,1cf78ca5d4e197d3e0b4573fd568f2a9
Kematangan,Master_Dataset\Kematangan\DS2_S37.jpg,DS2_S37.jpg,JPEG,505,505,1.0,0.48541390895843506,0.46006253361701965,0.4297807812690735,3c0840416d07b6fc6befb2657e3608da
Kematangan,Master_Dataset\Kematangan\DS2_S38.jpg,DS2_S38.jpg,JPEG,505,505,1.0,0.3569411635398865,0.3429499864578247,0.33606743812561035,363dc672a7375922e3ef7bd48437c7da
Kematangan,Master_Dataset\Kematangan\DS2_S39.jpg,DS2_S39.jpg,JPEG,505,505,1.0,0.37748461961746216,0.36213281750679016,0.35280507802963257,d1f870e31857991d9c81a69d25877ed8
Kematangan,Master_Dataset\Kematangan\DS2_S4.jpg,DS2_S4.jpg,JPEG,505,505,1.0,0.5077279806137085,0.4751602113246918,0.38410189747810364,100f709d4052258b5919b9b5731f3164
Kematangan,Master_Dataset\Kematangan\DS2_S40.jpg,DS2_S40.jpg,JPEG,1009,1009,1.0,0.4060225188732147,0.3843933343887329,0.37119123339653015,37679c962dc51361fa916bd4d758dbce
Kematangan,Master_Dataset\Kematangan\DS2_S41.jpg,DS2_S41.jpg,JPEG,505,505,1.0,0.40612635016441345,0.384674996137619,0.371420294046402,2a97cfbf262c8cf4fa9a706fbcab7ba7
Kematangan,Master_Dataset\Kematangan\DS2_S42.jpg,DS2_S42.jpg,JPEG,505,505,1.0,0.3872097134590149,0.37047088146209717,0.36079177260398865,439cdfc8cf828ea42d61bf3212c4a025
Kematangan,Master_Dataset\Kematangan\DS2_S43.jpg,DS2_S43.jpg,JPEG,505,505,1.0,0.4273618459701538,0.3961201012134552,0.3773576319217682,a58301155a7511bf53978c615a9e32cc
Kematangan,Master_Dataset\Kematangan\DS2_S44.jpg,DS2_S44.jpg,JPEG,505,505,1.0,0.41228020191192627,0.38475701212882996,0.36762911081314087,f44a3b414cd46e44a9481c1a0790b9ae
Kematangan,Master_Dataset\Kematangan\DS2_S45.jpg,DS2_S45.jpg,JPEG,505,505,1.0,0.4271092712879181,0.40637898445129395,0.3953893184661865,778cf74a88c0707e024475c7f18fa47b
Kematangan,Master_Dataset\Kematangan\DS2_S46.jpg,DS2_S46.jpg,JPEG,505,505,1.0,0.4118049442768097,0.38768863677978516,0.37561970949172974,5b41a4a804ac650416893c96cbadb383
Kematangan,Master_Dataset\Kematangan\DS2_S47.jpg,DS2_S47.jpg,JPEG,505,505,1.0,0.45119455456733704,0.43361368775367737,0.42073237895965576,6170baa5cd185fd8bbb610569958bbb1
Kematangan,Master_Dataset\Kematangan\DS2_S48.jpg,DS2_S48.jpg,JPEG,505,505,1.0,0.4320211708545685,0.4067295491695404,0.39285069704055786,a8247bc73fba74fe5ae2ba731d5bc224
Kematangan,Master_Dataset\Kematangan\DS2_S49.jpg,DS2_S49.jpg,JPEG,505,505,1.0,0.4104645848274231,0.3775475323200226,0.3605789244174957,307b4ebafcb57ef5815f937cd65c3a23
Kematangan,Master_Dataset\Kematangan\DS2_S5.jpg,DS2_S5.jpg,JPEG,505,505,1.0,0.3360048830509186,0.3527466356754303,0.31831616163253784,eeb3b018a38918ebd3f8832cd91044a1
Kematangan,Master_Dataset\Kematangan\DS2_S50.jpg,DS2_S50.jpg,JPEG,505,505,1.0,0.4269999563694,0.40014469623565674,0.3807392418384552,15066e2d6c286cde130ab6905b5b7757
Kematangan,Master_Dataset\Kematangan\DS2_S51.jpg,DS2_S51.jpg,JPEG,505,505,1.0,0.3926014304161072,0.36485251784324646,0.35096219182014465,9e14961066340d9d04d36c412f1e77a1
Kematangan,Master_Dataset\Kematangan\DS2_S52.jpg,DS2_S52.jpg,JPEG,1009,1009,1.0,0.3578451871871948,0.3414294421672821,0.3336988389492035,9258be108fd0ffb2bdf64d96441070ae
Kematangan,Master_Dataset\Kematangan\DS2_S53.jpg,DS2_S53.jpg,JPEG,505,505,1.0,0.3582504987716675,0.34146103262901306,0.3340376615524292,c2473dd722be86e0b64885ce18b50583
Kematangan,Master_Dataset\Kematangan\DS2_S54.jpg,DS2_S54.jpg,JPEG,505,505,1.0,0.4058798551559448,0.38434815406799316,0.37070953845977783,fb66e7e920cb1c10f745b9080a170f23
Kematangan,Master_Dataset\Kematangan\DS2_S55.jpg,DS2_S55.jpg,JPEG,505,505,1.0,0.3931439220905304,0.37612414360046387,0.3654627203941345,11954d1171186c10ce69dc7af076ddf5
Kematangan,Master_Dataset\Kematangan\DS2_S56.jpg,DS2_S56.jpg,JPEG,505,505,1.0,0.4311967194080353,0.42315125465393066,0.41178056597709656,99c87f9053b6d120ac057c8e3bd1165c
Kematangan,Master_Dataset\Kematangan\DS2_S57.jpg,DS2_S57.jpg,JPEG,505,505,1.0,0.3849547505378723,0.36775779724121094,0.3571802079677582,648f149c6c0a5df2867fc694af0a56a9
Kematangan,Master_Dataset\Kematangan\DS2_S58.jpg,DS2_S58.jpg,JPEG,505,505,1.0,0.3737654685974121,0.356371134519577,0.3484039604663849,9325a8c59aa1cd1e8f3ad2f5195c80d2
Kematangan,Master_Dataset\Kematangan\DS2_S59.jpg,DS2_S59.jpg,JPEG,1009,1009,1.0,0.41612622141838074,0.39431455731391907,0.38237327337265015,50bfea1980820f3affdeddc80a2eaab9
Kematangan,Master_Dataset\Kematangan\DS2_S6.jpg,DS2_S6.jpg,JPEG,505,505,1.0,0.32979655265808105,0.3562413156032562,0.300137996673584,734b90b6870ff21ef522f6e69506ec0a
Kematangan,Master_Dataset\Kematangan\DS2_S60.jpg,DS2_S60.jpg,JPEG,505,505,1.0,0.4162864685058594,0.3947102725505829,0.38247013092041016,5ac8ea3003d12c5f9084e43e671e447d
Kematangan,Master_Dataset\Kematangan\DS2_S61.jpg,DS2_S61.jpg,JPEG,505,505,1.0,0.3475717306137085,0.32905682921409607,0.32363322377204895,e6bbfa41fd0ad7544079a11fcfadcf8a
Kematangan,Master_Dataset\Kematangan\DS2_S62.jpg,DS2_S62.jpg,JPEG,505,505,1.0,0.3784363567829132,0.36543405055999756,0.3595225512981415,5bd4d7e3049715745975de21f499bd7f
Kematangan,Master_Dataset\Kematangan\DS2_S63.jpg,DS2_S63.jpg,JPEG,505,505,1.0,0.36358842253685,0.34181034564971924,0.3330802321434021,42e91454f81a926788d3a4039dbf2d71
Kematangan,Master_Dataset\Kematangan\DS2_S64.jpg,DS2_S64.jpg,JPEG,1009,1009,1.0,0.44817614555358887,0.42572373151779175,0.4090994894504547,89e6a9d5c8a66061bd723135586e6427
Kematangan,Master_Dataset\Kematangan\DS2_S65.jpg,DS2_S65.jpg,JPEG,505,505,1.0,0.4482690393924713,0.42612698674201965,0.4093153774738312,210d46d7a55d222fd1dd78e5b76d8ed0
Kematangan,Master_Dataset\Kematangan\DS2_S66.jpg,DS2_S66.jpg,JPEG,505,505,1.0,0.4089122414588928,0.3916562795639038,0.380147784948349,8e84c6541e9ec80e60c6e69273707b5a
Kematangan,Master_Dataset\Kematangan\DS2_S67.jpg,DS2_S67.jpg,JPEG,505,505,1.0,0.4427967369556427,0.42552006244659424,0.4102472960948944,44219656635e3ca978d50a72ae864d38
Kematangan,Master_Dataset\Kematangan\DS2_S68.jpg,DS2_S68.jpg,JPEG,505,505,1.0,0.4207024872303009,0.3973693549633026,0.3855119049549103,e4a7a5c1f92afe07f4aad43ddf42b392
Kematangan,Master_Dataset\Kematangan\DS2_S69.jpg,DS2_S69.jpg,JPEG,505,505,1.0,0.33488646149635315,0.3203761577606201,0.31729570031166077,dfe59a29817edabab61a0fd01cd7f758
Kematangan,Master_Dataset\Kematangan\DS2_S7.jpg,DS2_S7.jpg,JPEG,505,505,1.0,0.31713634729385376,0.33983010053634644,0.2972152531147003,5f9a31b787c9c092cd673b21c74ac1be
Kematangan,Master_Dataset\Kematangan\DS2_S70.jpg,DS2_S70.jpg,JPEG,505,505,1.0,0.473254919052124,0.4492533504962921,0.4259403347969055,93af62991325914cb7adcf3ee58e5d09
Kematangan,Master_Dataset\Kematangan\DS2_S71.jpg,DS2_S71.jpg,JPEG,505,505,1.0,0.4147615134716034,0.3857215642929077,0.3651312589645386,3b299628445075580e8b680ed6e8e02c
Kematangan,Master_Dataset\Kematangan\DS2_S72.jpg,DS2_S72.jpg,JPEG,1009,1009,1.0,0.4526439607143402,0.43201541900634766,0.41766491532325745,1621be50310cd5f7b284edfdb25a6ad6
Kematangan,Master_Dataset\Kematangan\DS2_S73.jpg,DS2_S73.jpg,JPEG,505,505,1.0,0.45280468463897705,0.43232911825180054,0.4179684519767761,d3ca36f47cd70fbd7320b372791b899d
Kematangan,Master_Dataset\Kematangan\DS2_S74.jpg,DS2_S74.jpg,JPEG,505,505,1.0,0.41812172532081604,0.39997345209121704,0.38519182801246643,3c26b398d87332c9485e05ad737e1f7e
Kematangan,Master_Dataset\Kematangan\DS2_S75.jpg,DS2_S75.jpg,JPEG,505,505,1.0,0.34513866901397705,0.3282760679721832,0.32032743096351624,ade22e2502ad74fea74e3253ccd0112a
Kematangan,Master_Dataset\Kematangan\DS2_S76.jpg,DS2_S76.jpg,JPEG,505,505,1.0,0.41316863894462585,0.3970693051815033,0.38344329595565796,932399895ff3888840f1429f86674552
Kematangan,Master_Dataset\Kematangan\DS2_S77.jpg,DS2_S77.jpg,JPEG,505,505,1.0,0.4449787139892578,0.4268701374530792,0.4123675525188446,1df83537e9460915be7c165d6aaf0c87
Kematangan,Master_Dataset\Kematangan\DS2_S78.jpg,DS2_S78.jpg,JPEG,505,505,1.0,0.4773203432559967,0.4563598930835724,0.4284195899963379,952745c4bab3284c955362bb5008cd71
Kematangan,Master_Dataset\Kematangan\DS2_S79.jpg,DS2_S79.jpg,JPEG,505,505,1.0,0.41716456413269043,0.38925349712371826,0.3730737864971161,30895f5f8931e0356df349090a40126e
Kematangan,Master_Dataset\Kematangan\DS2_S8.jpg,DS2_S8.jpg,JPEG,505,505,1.0,0.45420390367507935,0.4548880159854889,0.4018232524394989,50e791c8f9ff2cc1a26af8324dd75539
Kematangan,Master_Dataset\Kematangan\DS2_S80.jpg,DS2_S80.jpg,JPEG,505,505,1.0,0.4490804672241211,0.4282880425453186,0.4131966233253479,88796a7c70a316fa711ff42094b0087c
Kematangan,Master_Dataset\Kematangan\DS2_S81.jpg,DS2_S81.jpg,JPEG,505,505,1.0,0.40644192695617676,0.383822500705719,0.3688580393791199,2675f42c43b1b8f357e9045f68f7a4c0
Kematangan,Master_Dataset\Kematangan\DS2_S82.jpg,DS2_S82.jpg,JPEG,505,505,1.0,0.37670645117759705,0.3563700020313263,0.34771692752838135,7faa52c4b0dea50cd761f5a928dfefa9
Kematangan,Master_Dataset\Kematangan\DS2_S83.jpg,DS2_S83.jpg,JPEG,505,505,1.0,0.44369393587112427,0.42032235860824585,0.3993668258190155,8ae043d87c801680c10944357c942880
Kematangan,Master_Dataset\Kematangan\DS2_S84.jpg,DS2_S84.jpg,JPEG,505,505,1.0,0.4269857406616211,0.3987417221069336,0.3820348381996155,0e27c44e33cd434c136f7668891e84c0
Kematangan,Master_Dataset\Kematangan\DS2_S85.jpg,DS2_S85.jpg,JPEG,505,505,1.0,0.42339619994163513,0.40113139152526855,0.38695794343948364,137337c769783e2ee9f1cdf5bba655fd
Kematangan,Master_Dataset\Kematangan\DS2_S86.jpg,DS2_S86.jpg,JPEG,505,505,1.0,0.4421420097351074,0.41954562067985535,0.4046170711517334,8ea0301f215408786ab9f1afab376ffa
Kematangan,Master_Dataset\Kematangan\DS2_S87.jpg,DS2_S87.jpg,JPEG,505,505,1.0,0.4019765257835388,0.38075584173202515,0.37061643600463867,0ffc91c65518c22be7a963f9265f8300
Kematangan,Master_Dataset\Kematangan\DS2_S88.jpg,DS2_S88.jpg,JPEG,505,505,1.0,0.4373883903026581,0.40708792209625244,0.3921935558319092,44d933fdccdb17eb19de54c2ed2ace5a
Kematangan,Master_Dataset\Kematangan\DS2_S89.jpg,DS2_S89.jpg,JPEG,505,505,1.0,0.43832844495773315,0.41994914412498474,0.40932250022888184,b331f2d59ea374db20637cc9a19c7751
Kematangan,Master_Dataset\Kematangan\DS2_S9.jpg,DS2_S9.jpg,JPEG,505,505,1.0,0.41213923692703247,0.4291537404060364,0.3829091191291809,32bb0de9d4803714abbfa48feae68c68
Kematangan,Master_Dataset\Kematangan\DS2_S90.jpg,DS2_S90.jpg,JPEG,505,505,1.0,0.40386268496513367,0.38692501187324524,0.3774201273918152,c85258b3d6f01d1da07ecb108c9f2efb
Kematangan,Master_Dataset\Kematangan\DS2_S91.jpg,DS2_S91.jpg,JPEG,505,505,1.0,0.33204859495162964,0.31270158290863037,0.30898940563201904,ee152176a63f0a2fec7f9029b00a79cc
Kematangan,Master_Dataset\Kematangan\DS2_S92.jpg,DS2_S92.jpg,JPEG,505,505,1.0,0.3928118050098419,0.3623512387275696,0.35339778661727905,85ba65bb1cb8ba2096874ac87e47be91
Kematangan,Master_Dataset\Kematangan\DS2_S93.jpg,DS2_S93.jpg,JPEG,505,505,1.0,0.36876747012138367,0.34980693459510803,0.34140923619270325,830c881baab16706d93318678e60a07b
Kematangan,Master_Dataset\Kematangan\DS2_S94.jpg,DS2_S94.jpg,JPEG,505,505,1.0,0.35954177379608154,0.3466281592845917,0.34020379185676575,47bcab69538b013d4ab02a39a9889088
Kematangan,Master_Dataset\Kematangan\DS2_S95.jpg,DS2_S95.jpg,JPEG,505,505,1.0,0.40168237686157227,0.38375329971313477,0.37496188282966614,37fe95270bb5c29af1cf1f2ccb28a10e
Kematangan,Master_Dataset\Kematangan\DS2_S96.jpg,DS2_S96.jpg,JPEG,505,505,1.0,0.3319554030895233,0.31628182530403137,0.31300148367881775,d42c551ab4bccd07902164daef9ea1e8
Kematangan,Master_Dataset\Kematangan\DS2_S97.jpg,DS2_S97.jpg,JPEG,505,505,1.0,0.35466620326042175,0.3381092846393585,0.33177435398101807,6b079453e25973b2ecac5fd68c268964
Kematangan,Master_Dataset\Kematangan\DS2_S98.jpg,DS2_S98.jpg,JPEG,505,505,1.0,0.3380712568759918,0.3242322504520416,0.3200194239616394,59c0a7caa022d0fa4d27de128de0fa25
Kematangan,Master_Dataset\Kematangan\DS2_S99.jpg,DS2_S99.jpg,JPEG,505,505,1.0,0.31514114141464233,0.29768553376197815,0.2928237020969391,1a07266dc96bf0c49ace9f008d6891cb
Matang,Master_Dataset\Matang\DS1_C3_1000_jpg.rf.5a42a4f4e366fb1b4ce569809ec469d2.jpg,DS1_C3_1000_jpg.rf.5a42a4f4e366fb1b4ce569809ec469d2.jpg,JPEG,224,224,1.0,0.527550995349884,0.5100632905960083,0.4310353398323059,cc16cd5f95130493b6d011cf91318ab3
Matang,Master_Dataset\Matang\DS1_C3_1001_jpg.rf.bd3dd168fd240bd3a7e06bb6e603ea53.jpg,DS1_C3_1001_jpg.rf.bd3dd168fd240bd3a7e06bb6e603ea53.jpg,JPEG,224,224,1.0,0.4109322130680084,0.4650462865829468,0.2754448652267456,8c59b242b0fb793efc185634caeeb470
Matang,Master_Dataset\Matang\DS1_C3_1002_jpg.rf.3d8d7c69e0f2f6c71986b3a92f53c3d3.jpg,DS1_C3_1002_jpg.rf.3d8d7c69e0f2f6c71986b3a92f53c3d3.jpg,JPEG,224,224,1.0,0.5742729902267456,0.5540062785148621,0.41853001713752747,9d656d87aee0e7a34cbfb472c1164a2b
Matang,Master_Dataset\Matang\DS1_C3_1003_jpg.rf.51ed4ec8086b9527ae4de55f0ac440e4.jpg,DS1_C3_1003_jpg.rf.51ed4ec8086b9527ae4de55f0ac440e4.jpg,JPEG,224,224,1.0,0.4117758572101593,0.48242706060409546,0.2947518229484558,e75788d2b7a44a8e73cbd844b142be62
Matang,Master_Dataset\Matang\DS1_C3_1004_jpg.rf.517e83acfedac08510685a62ec8189c9.jpg,DS1_C3_1004_jpg.rf.517e83acfedac08510685a62ec8189c9.jpg,JPEG,224,224,1.0,0.4654287099838257,0.47366946935653687,0.35106682777404785,265ad20b126502cafed2eb99f02e7522
Matang,Master_Dataset\Matang\DS1_C3_1005_jpg.rf.16186aff4e0cf7e58331dd6d748a5a79.jpg,DS1_C3_1005_jpg.rf.16186aff4e0cf7e58331dd6d748a5a79.jpg,JPEG,224,224,1.0,0.4330359399318695,0.4402659237384796,0.3452810049057007,1f973c491322d8eff2eb287360acfa0b
Matang,Master_Dataset\Matang\DS1_C3_1006_jpg.rf.108017e0255474e7e3d58b1a4c9952cf.jpg,DS1_C3_1006_jpg.rf.108017e0255474e7e3d58b1a4c9952cf.jpg,JPEG,224,224,1.0,0.4155568778514862,0.425956666469574,0.2900426983833313,8d80e98d164bc30b24ae838af27cd3a6
Matang,Master_Dataset\Matang\DS1_C3_1007_jpg.rf.07e584a348a986072b7a1b917a16541a.jpg,DS1_C3_1007_jpg.rf.07e584a348a986072b7a1b917a16541a.jpg,JPEG,224,224,1.0,0.5283225178718567,0.5109684467315674,0.3787959814071655,6ed2c315fc1c5deab12da08e7ca5db26
Matang,Master_Dataset\Matang\DS1_C3_1008_jpg.rf.277ca98a90970a694a0d11e5398fd349.jpg,DS1_C3_1008_jpg.rf.277ca98a90970a694a0d11e5398fd349.jpg,JPEG,224,224,1.0,0.4626515805721283,0.4756101965904236,0.38286641240119934,e04d4481055dcbcd6df20a83de31a3d9
Matang,Master_Dataset\Matang\DS1_C3_1009_jpg.rf.d18bf332acbd209b11b9e66559317f44.jpg,DS1_C3_1009_jpg.rf.d18bf332acbd209b11b9e66559317f44.jpg,JPEG,224,224,1.0,0.5059261322021484,0.5285310745239258,0.35390418767929077,0e54a6206dd5fc6f184e1c05806242b4
Matang,Master_Dataset\Matang\DS1_C3_1010_jpg.rf.158ec8a1d5a3bd6f6682b968d6c380f4.jpg,DS1_C3_1010_jpg.rf.158ec8a1d5a3bd6f6682b968d6c380f4.jpg,JPEG,224,224,1.0,0.44054722785949707,0.4790685176849365,0.3666228652000427,afcf389b46a9d3471de4b9e74bdc2d48
Matang,Master_Dataset\Matang\DS1_C3_1011_jpg.rf.1c0520da66b01026c3f88206522f77bb.jpg,DS1_C3_1011_jpg.rf.1c0520da66b01026c3f88206522f77bb.jpg,JPEG,224,224,1.0,0.5028200149536133,0.4776850640773773,0.4030736982822418,a2a427d29fca3836791996b9f9c4341e
Matang,Master_Dataset\Matang\DS1_C3_1012_jpg.rf.83e149ac9d3b20ef076cf8b2189d303d.jpg,DS1_C3_1012_jpg.rf.83e149ac9d3b20ef076cf8b2189d303d.jpg,JPEG,224,224,1.0,0.5025432109832764,0.45139217376708984,0.36863306164741516,435ddf133fb57129825611ed4e930c8a
Matang,Master_Dataset\Matang\DS1_C3_1013_jpg.rf.a6119181b60a1dae131f8d7973015e63.jpg,DS1_C3_1013_jpg.rf.a6119181b60a1dae131f8d7973015e63.jpg,JPEG,224,224,1.0,0.508431077003479,0.43815290927886963,0.343252569437027,9a7e3d49679edd6d914e71225a04b69d
Matang,Master_Dataset\Matang\DS1_C3_1014_jpg.rf.e8a31c1105673ff9ac58d64d1737770b.jpg,DS1_C3_1014_jpg.rf.e8a31c1105673ff9ac58d64d1737770b.jpg,JPEG,224,224,1.0,0.4485422968864441,0.4379381835460663,0.4553107023239136,887712ed2d3d634826c3311cbe67044f
Matang,Master_Dataset\Matang\DS1_C3_1015_jpg.rf.830f1daeeaea795b34b8b191dcabc1f3.jpg,DS1_C3_1015_jpg.rf.830f1daeeaea795b34b8b191dcabc1f3.jpg,JPEG,224,224,1.0,0.5197141170501709,0.5002812147140503,0.43404480814933777,8701300438c86ca352077c9646f573fc
Matang,Master_Dataset\Matang\DS1_C3_1016_jpg.rf.9cec68c55bf6547c48b0cb9041a2ba2d.jpg,DS1_C3_1016_jpg.rf.9cec68c55bf6547c48b0cb9041a2ba2d.jpg,JPEG,224,224,1.0,0.5000472068786621,0.4328429102897644,0.2969321608543396,1145c2de11050eefb1f5ba8a52a90693
Matang,Master_Dataset\Matang\DS1_C3_1017_jpg.rf.fbf92121e4d02362f8465186403f6c19.jpg,DS1_C3_1017_jpg.rf.fbf92121e4d02362f8465186403f6c19.jpg,JPEG,224,224,1.0,0.4744531512260437,0.45854875445365906,0.4216163158416748,a1f145d4b05978f938715cde293b36fd
Matang,Master_Dataset\Matang\DS1_C3_1018_jpg.rf.4e99d8d51937b9651adbd73c40a2c51b.jpg,DS1_C3_1018_jpg.rf.4e99d8d51937b9651adbd73c40a2c51b.jpg,JPEG,224,224,1.0,0.4971511960029602,0.4916829764842987,0.303112268447876,c8306ee5a37263a53eada39136855123
Matang,Master_Dataset\Matang\DS1_C3_1019_jpg.rf.6a2ab912755dd4603b1e51cd31c805cf.jpg,DS1_C3_1019_jpg.rf.6a2ab912755dd4603b1e51cd31c805cf.jpg,JPEG,224,224,1.0,0.4811394512653351,0.49178776144981384,0.3667634129524231,975cad92c431be412c89e5123d057ff6
Matang,Master_Dataset\Matang\DS1_C3_1020_jpg.rf.dd890a968658c95f29fbed5a2aeb2f50.jpg,DS1_C3_1020_jpg.rf.dd890a968658c95f29fbed5a2aeb2f50.jpg,JPEG,224,224,1.0,0.6552585363388062,0.6127197742462158,0.5393970608711243,62bdccedf1c590ffc7b66e192c6c8e7a
Matang,Master_Dataset\Matang\DS1_C3_1021_jpg.rf.4360397396b49a34ad260bfc6fba2300.jpg,DS1_C3_1021_jpg.rf.4360397396b49a34ad260bfc6fba2300.jpg,JPEG,224,224,1.0,0.42533987760543823,0.4165162444114685,0.3275204300880432,5d8f76465222328a2a833ba6056bacbc
Matang,Master_Dataset\Matang\DS1_C3_1022_jpg.rf.67d5fe9fe0e5ef61020d5e068ca4f678.jpg,DS1_C3_1022_jpg.rf.67d5fe9fe0e5ef61020d5e068ca4f678.jpg,JPEG,224,224,1.0,0.4623650908470154,0.4710054397583008,0.34003588557243347,f72996a98de0656a7354e4a6fc64718c
Matang,Master_Dataset\Matang\DS1_C3_1023_jpg.rf.0f343fc7268389e355a8cfe145a788ca.jpg,DS1_C3_1023_jpg.rf.0f343fc7268389e355a8cfe145a788ca.jpg,JPEG,224,224,1.0,0.4500211179256439,0.4461268186569214,0.35683539509773254,ef6ad2e307a42b67426427cf1bbee5dd
Matang,Master_Dataset\Matang\DS1_C3_1024_jpg.rf.1846bb928f7f4d8ead63f045df71a7c2.jpg,DS1_C3_1024_jpg.rf.1846bb928f7f4d8ead63f045df71a7c2.jpg,JPEG,224,224,1.0,0.4106668531894684,0.4407239258289337,0.29189902544021606,552fa5c5e12f0b29616fe04923aeae1b
Matang,Master_Dataset\Matang\DS1_C3_1025_jpg.rf.b50ff82ccfe5f7315159284304df4aa5.jpg,DS1_C3_1025_jpg.rf.b50ff82ccfe5f7315159284304df4aa5.jpg,JPEG,224,224,1.0,0.5412278175354004,0.5731067061424255,0.37073564529418945,fc38958308c32066220c7d188c1087f9
Matang,Master_Dataset\Matang\DS1_C3_1026_jpg.rf.20c40ea2e0b9395bf6bf2e3df53c4927.jpg,DS1_C3_1026_jpg.rf.20c40ea2e0b9395bf6bf2e3df53c4927.jpg,JPEG,224,224,1.0,0.41737687587738037,0.40743133425712585,0.30770421028137207,24920129aa6357ebd5f059a25c8747b8
Matang,Master_Dataset\Matang\DS1_C3_1027_jpg.rf.7b5ed6b92b609950de81aef11aceef50.jpg,DS1_C3_1027_jpg.rf.7b5ed6b92b609950de81aef11aceef50.jpg,JPEG,224,224,1.0,0.4347221255302429,0.45075297355651855,0.3280126452445984,86d8abc2b06e5d446c310dcfed636d60
Matang,Master_Dataset\Matang\DS1_C3_1028_jpg.rf.1d7aa1de51f2f66553e9c6583e1f5635.jpg,DS1_C3_1028_jpg.rf.1d7aa1de51f2f66553e9c6583e1f5635.jpg,JPEG,224,224,1.0,0.5459495782852173,0.5190311074256897,0.4777354598045349,fbc58c7f17ca7a137a861698eea40662
Matang,Master_Dataset\Matang\DS1_C3_1029_jpg.rf.07b23ffd674aec29158749b11996639d.jpg,DS1_C3_1029_jpg.rf.07b23ffd674aec29158749b11996639d.jpg,JPEG,224,224,1.0,0.4888964593410492,0.5823577046394348,0.3394344747066498,0fa4ca68ba797e12dc704e7fe0ea5837
Matang,Master_Dataset\Matang\DS1_C3_1030_jpg.rf.c2c4df528f94d8ab63583f9e0c42bfc4.jpg,DS1_C3_1030_jpg.rf.c2c4df528f94d8ab63583f9e0c42bfc4.jpg,JPEG,224,224,1.0,0.4587126076221466,0.4776875078678131,0.3164086639881134,3298daecbd4005fa5adee109cd418087
Matang,Master_Dataset\Matang\DS1_C3_1031_jpg.rf.2235526788110f1fa8f54e5aef75c349.jpg,DS1_C3_1031_jpg.rf.2235526788110f1fa8f54e5aef75c349.jpg,JPEG,224,224,1.0,0.7019895315170288,0.5873703956604004,0.4232725501060486,975d566f2182424b38581a6272d2b76b
Matang,Master_Dataset\Matang\DS1_C3_1032_jpg.rf.22169e1084998814e389a0c117f76990.jpg,DS1_C3_1032_jpg.rf.22169e1084998814e389a0c117f76990.jpg,JPEG,224,224,1.0,0.5071951150894165,0.46539226174354553,0.36634761095046997,82a5714c02f1adfa2ee68fceb1dc354e
Matang,Master_Dataset\Matang\DS1_C3_1033_jpg.rf.99267261f319b56dd197702f11c07987.jpg,DS1_C3_1033_jpg.rf.99267261f319b56dd197702f11c07987.jpg,JPEG,224,224,1.0,0.5484926700592041,0.5319268107414246,0.3982602059841156,683b82daa6ff7142010113184240d86a
Matang,Master_Dataset\Matang\DS1_C3_1034_jpg.rf.81566e098f4c5c802bda375612674a5f.jpg,DS1_C3_1034_jpg.rf.81566e098f4c5c802bda375612674a5f.jpg,JPEG,224,224,1.0,0.4694872200489044,0.4615136384963989,0.3346298038959503,2fed0a87b7141725dec2c23d31496e97
Matang,Master_Dataset\Matang\DS1_C3_1035_jpg.rf.35cbedb80a044b663389dc1c135fdb6f.jpg,DS1_C3_1035_jpg.rf.35cbedb80a044b663389dc1c135fdb6f.jpg,JPEG,224,224,1.0,0.5367072820663452,0.5147457122802734,0.4717371463775635,79a6c2a73c3c57ca8b2f4d90a30c1e26
Matang,Master_Dataset\Matang\DS1_C3_1036_jpg.rf.163a515bef906a15a53e83875757d380.jpg,DS1_C3_1036_jpg.rf.163a515bef906a15a53e83875757d380.jpg,JPEG,224,224,1.0,0.45477283000946045,0.440392404794693,0.35152143239974976,f9cb408628c38cf0b5960c44826d89ae
Matang,Master_Dataset\Matang\DS1_C3_1037_jpg.rf.337dd53dc9c0c969cf955a8e498ff034.jpg,DS1_C3_1037_jpg.rf.337dd53dc9c0c969cf955a8e498ff034.jpg,JPEG,224,224,1.0,0.4739842414855957,0.5012705326080322,0.390371173620224,58d4cfed3545a166e9d8ac7a44ff0d27
Matang,Master_Dataset\Matang\DS1_C3_1038_jpg.rf.1bfe2ca6502563e5011d12d4dcf5f214.jpg,DS1_C3_1038_jpg.rf.1bfe2ca6502563e5011d12d4dcf5f214.jpg,JPEG,224,224,1.0,0.5301246643066406,0.48846670985221863,0.38589486479759216,de4e89790a9d11a7e3c8f392b2ccaf12
Matang,Master_Dataset\Matang\DS1_C3_1039_jpg.rf.9a2f96f6b44f3738896481006c5314fb.jpg,DS1_C3_1039_jpg.rf.9a2f96f6b44f3738896481006c5314fb.jpg,JPEG,224,224,1.0,0.4455224573612213,0.4274810552597046,0.41145411133766174,36074f5e3025b743f1c8cbdc2612a34a
Matang,Master_Dataset\Matang\DS1_C3_1040_jpg.rf.2e9dd3ee65460a334f160d2455d90532.jpg,DS1_C3_1040_jpg.rf.2e9dd3ee65460a334f160d2455d90532.jpg,JPEG,224,224,1.0,0.46344244480133057,0.4457511007785797,0.3852056562900543,4208d8c5b8a07175c739ebdbc19b5661
Matang,Master_Dataset\Matang\DS1_C3_1041_jpg.rf.01df7126038304070ff7e77d7529f175.jpg,DS1_C3_1041_jpg.rf.01df7126038304070ff7e77d7529f175.jpg,JPEG,224,224,1.0,0.5048801302909851,0.5412768125534058,0.33868077397346497,804dd07ad869272f2cdae6068e039c43
Matang,Master_Dataset\Matang\DS1_C3_1042_jpg.rf.19da706adef98b4cdf073aeacccaa204.jpg,DS1_C3_1042_jpg.rf.19da706adef98b4cdf073aeacccaa204.jpg,JPEG,224,224,1.0,0.4884513020515442,0.49250319600105286,0.3758080303668976,b8ad239932bbbabbc4d1971d75b9ab6b
Matang,Master_Dataset\Matang\DS1_C3_1043_jpg.rf.430ab2a22517c7e90c1b6a4af77bf45c.jpg,DS1_C3_1043_jpg.rf.430ab2a22517c7e90c1b6a4af77bf45c.jpg,JPEG,224,224,1.0,0.4531579911708832,0.47778162360191345,0.3282809555530548,2da181755c169078a3410cf08be131f5
Matang,Master_Dataset\Matang\DS1_C3_1044_jpg.rf.0163864717470eb2a3600928260ea04c.jpg,DS1_C3_1044_jpg.rf.0163864717470eb2a3600928260ea04c.jpg,JPEG,224,224,1.0,0.4246566593647003,0.4248853623867035,0.3262448012828827,7bbc86dd18c12bfbd6a202fb9c02adda
Matang,Master_Dataset\Matang\DS1_C3_1045_jpg.rf.57219c50245fc0292b8bb2f698665318.jpg,DS1_C3_1045_jpg.rf.57219c50245fc0292b8bb2f698665318.jpg,JPEG,224,224,1.0,0.472184956073761,0.4722694456577301,0.35668617486953735,521157e50ec7b4a01696f48a2c036090
Matang,Master_Dataset\Matang\DS1_C3_1046_jpg.rf.8f4a037d2c68dc516a4953da9f97def7.jpg,DS1_C3_1046_jpg.rf.8f4a037d2c68dc516a4953da9f97def7.jpg,JPEG,224,224,1.0,0.6067914962768555,0.5589684844017029,0.37125927209854126,64e3b15c1df66c31a2008fd8e6438cc1
Matang,Master_Dataset\Matang\DS1_C3_1047_jpg.rf.f06a653626bd305034ede9495064e0ba.jpg,DS1_C3_1047_jpg.rf.f06a653626bd305034ede9495064e0ba.jpg,JPEG,224,224,1.0,0.4652021825313568,0.45362186431884766,0.4042356312274933,b26eb56770271677ee02ef87b5c7ab79
Matang,Master_Dataset\Matang\DS1_C3_1048_jpg.rf.ba4d2a7f15dd6c9da9e38d5c799cd207.jpg,DS1_C3_1048_jpg.rf.ba4d2a7f15dd6c9da9e38d5c799cd207.jpg,JPEG,224,224,1.0,0.4708790183067322,0.4581153988838196,0.291860431432724,04a2013617447ed79f43616229d359fd
Matang,Master_Dataset\Matang\DS1_C3_1049_jpg.rf.9ecaa6fe26da8b3fc9c117b8215eed6f.jpg,DS1_C3_1049_jpg.rf.9ecaa6fe26da8b3fc9c117b8215eed6f.jpg,JPEG,224,224,1.0,0.5881534814834595,0.576426088809967,0.41586068272590637,d173472343ca99ffede06bf5877c54da
Matang,Master_Dataset\Matang\DS1_C3_1050_jpg.rf.0493c549735c3295006123110e483b95.jpg,DS1_C3_1050_jpg.rf.0493c549735c3295006123110e483b95.jpg,JPEG,224,224,1.0,0.5150048732757568,0.5025749206542969,0.4090419113636017,6406384e262050b2e94773a39b6de809
Matang,Master_Dataset\Matang\DS1_C3_1051_jpg.rf.0071fad5cb497b07c9ea5d7090624678.jpg,DS1_C3_1051_jpg.rf.0071fad5cb497b07c9ea5d7090624678.jpg,JPEG,224,224,1.0,0.5298478603363037,0.5045841336250305,0.36571669578552246,efce46f85f774246cf488a05819fbab3
Matang,Master_Dataset\Matang\DS1_C3_1052_jpg.rf.34e236b8f8e954b88c5a3f656b0b3cb6.jpg,DS1_C3_1052_jpg.rf.34e236b8f8e954b88c5a3f656b0b3cb6.jpg,JPEG,224,224,1.0,0.5268680453300476,0.5282756686210632,0.35631638765335083,7c92f25dfb56cc2639019eaa72bb4d3c
Matang,Master_Dataset\Matang\DS1_C3_1053_jpg.rf.f9f4fa2ea81122b2a15d5f5c4a849f0e.jpg,DS1_C3_1053_jpg.rf.f9f4fa2ea81122b2a15d5f5c4a849f0e.jpg,JPEG,224,224,1.0,0.5225543975830078,0.4929769039154053,0.5008496642112732,3810ba229e7905525d4c2b65757adb7f
Matang,Master_Dataset\Matang\DS1_C3_1054_jpg.rf.b6cd2354c17c4aaa6c592b81a836435a.jpg,DS1_C3_1054_jpg.rf.b6cd2354c17c4aaa6c592b81a836435a.jpg,JPEG,224,224,1.0,0.558686375617981,0.5507304072380066,0.4651312530040741,6df417af98877a2c1a946ea2b6f817d4
Matang,Master_Dataset\Matang\DS1_C3_1055_jpg.rf.1a9d57b964dc33a1b0c4ddd6d274bfb3.jpg,DS1_C3_1055_jpg.rf.1a9d57b964dc33a1b0c4ddd6d274bfb3.jpg,JPEG,224,224,1.0,0.3875977396965027,0.3813403248786926,0.33780065178871155,ac273cf0c45647be6bdea11d2e449e6e
Matang,Master_Dataset\Matang\DS1_C3_1056_jpg.rf.70f6e410ba9b0960cd350a761f7d9f92.jpg,DS1_C3_1056_jpg.rf.70f6e410ba9b0960cd350a761f7d9f92.jpg,JPEG,224,224,1.0,0.5889512896537781,0.591823399066925,0.4956979751586914,dbaad73e004ca6ddc7a61ce8246cb146
Matang,Master_Dataset\Matang\DS1_C3_1057_jpg.rf.1be6690b95a53aac9d6e5fec50c8da12.jpg,DS1_C3_1057_jpg.rf.1be6690b95a53aac9d6e5fec50c8da12.jpg,JPEG,224,224,1.0,0.5055180191993713,0.4952247142791748,0.4385756850242615,ab1147b96d57f8d84f5c773b25d9eb7c
Matang,Master_Dataset\Matang\DS1_C3_1058_jpg.rf.e2d7bbf783a05ecbd6a5d6a61af9244d.jpg,DS1_C3_1058_jpg.rf.e2d7bbf783a05ecbd6a5d6a61af9244d.jpg,JPEG,224,224,1.0,0.5312637686729431,0.5371835827827454,0.3473972976207733,51b37f8294996d05039d6cba2c365037
Matang,Master_Dataset\Matang\DS1_C3_1059_jpg.rf.5c0f27e574400e1ccdd6681cbb3915c9.jpg,DS1_C3_1059_jpg.rf.5c0f27e574400e1ccdd6681cbb3915c9.jpg,JPEG,224,224,1.0,0.4551663398742676,0.4118770956993103,0.30707255005836487,c6d001955978689c2175a21b0a170500
Matang,Master_Dataset\Matang\DS1_C3_1060_jpg.rf.638e7cb055453a0643f030dfab6b9060.jpg,DS1_C3_1060_jpg.rf.638e7cb055453a0643f030dfab6b9060.jpg,JPEG,224,224,1.0,0.5063368678092957,0.48308083415031433,0.29548242688179016,bca7c5db52051304f274bd1663e07576
Matang,Master_Dataset\Matang\DS1_C3_1061_jpg.rf.97d95a2acd82d21862f1ffa196a4d3ee.jpg,DS1_C3_1061_jpg.rf.97d95a2acd82d21862f1ffa196a4d3ee.jpg,JPEG,224,224,1.0,0.4730517864227295,0.45332008600234985,0.34163981676101685,155aa11db9617c8215d4257ae298e772
Matang,Master_Dataset\Matang\DS1_C3_1062_jpg.rf.19bb8632d3c0974e783c6d0d98a4640d.jpg,DS1_C3_1062_jpg.rf.19bb8632d3c0974e783c6d0d98a4640d.jpg,JPEG,224,224,1.0,0.4987787902355194,0.43141669034957886,0.33772480487823486,198134bddc81358a4f519cb7389e2a6b
Matang,Master_Dataset\Matang\DS1_C3_1063_jpg.rf.a347200f9dd497a4faf25f610ceb7306.jpg,DS1_C3_1063_jpg.rf.a347200f9dd497a4faf25f610ceb7306.jpg,JPEG,224,224,1.0,0.4472943842411041,0.44394198060035706,0.3430270254611969,2e4640d65cfdd3f5a1d531b537283ff4
Matang,Master_Dataset\Matang\DS1_C3_1064_jpg.rf.42556c4dde9194c7d3c271f19fb30b39.jpg,DS1_C3_1064_jpg.rf.42556c4dde9194c7d3c271f19fb30b39.jpg,JPEG,224,224,1.0,0.5176553726196289,0.5010863542556763,0.509699285030365,a64a381757d32e78b12e00ca6b5e3867
Matang,Master_Dataset\Matang\DS1_C3_1065_jpg.rf.1619bc6f67915c870b3c49ce8a0ec2d4.jpg,DS1_C3_1065_jpg.rf.1619bc6f67915c870b3c49ce8a0ec2d4.jpg,JPEG,224,224,1.0,0.447247177362442,0.4958626925945282,0.2964087128639221,d1de9d24e09ece0cf41ccdb5a131f38c
Matang,Master_Dataset\Matang\DS1_C3_1066_jpg.rf.1a59ace8fa5f856b5ed3bea45b14e0bd.jpg,DS1_C3_1066_jpg.rf.1a59ace8fa5f856b5ed3bea45b14e0bd.jpg,JPEG,224,224,1.0,0.5769897103309631,0.5285726189613342,0.37641072273254395,ab7383bb20283afa7592ea818c407439
Matang,Master_Dataset\Matang\DS1_C3_1067_jpg.rf.6e23c01596dc0914a409e9f0e9eb8723.jpg,DS1_C3_1067_jpg.rf.6e23c01596dc0914a409e9f0e9eb8723.jpg,JPEG,224,224,1.0,0.43925926089286804,0.4399518370628357,0.3507912755012512,517951d5a86489de659338a16397f852
Matang,Master_Dataset\Matang\DS1_C3_1068_jpg.rf.fd2bfcc9f10189d7e26de30ac7bc5ad8.jpg,DS1_C3_1068_jpg.rf.fd2bfcc9f10189d7e26de30ac7bc5ad8.jpg,JPEG,224,224,1.0,0.4187236726284027,0.43378111720085144,0.2766890823841095,f08bdc9da019e238545e721a5ad0674a
Matang,Master_Dataset\Matang\DS1_C3_1069_jpg.rf.c00a0c625f3d7e935be00158f07946f5.jpg,DS1_C3_1069_jpg.rf.c00a0c625f3d7e935be00158f07946f5.jpg,JPEG,224,224,1.0,0.42955562472343445,0.42952829599380493,0.3024040162563324,830033278fa9ff8c6426cf3cd06a5bf4
Matang,Master_Dataset\Matang\DS1_C3_1070_jpg.rf.8f5f347b8fc0f800f9f76550df19e848.jpg,DS1_C3_1070_jpg.rf.8f5f347b8fc0f800f9f76550df19e848.jpg,JPEG,224,224,1.0,0.490412175655365,0.481258362531662,0.42502397298812866,b6c6f2b4bdba6c57c2b868e938e08053
Matang,Master_Dataset\Matang\DS1_C3_1071_jpg.rf.6ad920e4a2f237117a4ad96813238f37.jpg,DS1_C3_1071_jpg.rf.6ad920e4a2f237117a4ad96813238f37.jpg,JPEG,224,224,1.0,0.4636507034301758,0.44930630922317505,0.35710465908050537,48fc29a1cf15e5a3a3d3ff9a2054b4d0
Matang,Master_Dataset\Matang\DS1_C3_1072_jpg.rf.50d37c1588dffa988c554b882009e2f8.jpg,DS1_C3_1072_jpg.rf.50d37c1588dffa988c554b882009e2f8.jpg,JPEG,224,224,1.0,0.49747782945632935,0.4751027524471283,0.33581051230430603,3078de967c32ee5504311d982651e82d
Matang,Master_Dataset\Matang\DS1_C3_1073_jpg.rf.f4d21601e45c811b6fc4d26d3bdf4aff.jpg,DS1_C3_1073_jpg.rf.f4d21601e45c811b6fc4d26d3bdf4aff.jpg,JPEG,224,224,1.0,0.4059636890888214,0.4169035851955414,0.30644404888153076,ce4e5e3497de7caf37ee99e9bb3d01f0
Matang,Master_Dataset\Matang\DS1_C3_693_jpg.rf.ab4f6d98a43ed72b2ce5416c60c1f8c3.jpg,DS1_C3_693_jpg.rf.ab4f6d98a43ed72b2ce5416c60c1f8c3.jpg,JPEG,224,224,1.0,0.4964318871498108,0.4821667969226837,0.38709667325019836,da1a24d54dc2e0705c11cc80868dbc1e
Matang,Master_Dataset\Matang\DS1_C3_694_jpg.rf.1b66f8f9a758594937155d27085ef36a.jpg,DS1_C3_694_jpg.rf.1b66f8f9a758594937155d27085ef36a.jpg,JPEG,224,224,1.0,0.46163293719291687,0.47026753425598145,0.34855765104293823,a385f997a20eeface37be0119862ddfd
Matang,Master_Dataset\Matang\DS1_C3_695_jpg.rf.04aa9a46bbb0c73dee240427677957da.jpg,DS1_C3_695_jpg.rf.04aa9a46bbb0c73dee240427677957da.jpg,JPEG,224,224,1.0,0.5296375751495361,0.5143303275108337,0.38821783661842346,671de7d1002c9468ffa99e4519f3b5ad
Matang,Master_Dataset\Matang\DS1_C3_696_jpg.rf.2ea0cadb2f50602a6e82dfcbb1afe82f.jpg,DS1_C3_696_jpg.rf.2ea0cadb2f50602a6e82dfcbb1afe82f.jpg,JPEG,224,224,1.0,0.5223675966262817,0.4907498061656952,0.43308770656585693,60092c9190b90dcfea4734271aeeb8a1
Matang,Master_Dataset\Matang\DS1_C3_697_jpg.rf.aa3e70ac7ab769bc078e152166370f0a.jpg,DS1_C3_697_jpg.rf.aa3e70ac7ab769bc078e152166370f0a.jpg,JPEG,224,224,1.0,0.4991649091243744,0.4754282832145691,0.3938351571559906,297e0f153738d8bf6dc41d9ba3e8dd6a
Matang,Master_Dataset\Matang\DS1_C3_698_jpg.rf.9e0193e4b2ce727c7893b24d431ad0d8.jpg,DS1_C3_698_jpg.rf.9e0193e4b2ce727c7893b24d431ad0d8.jpg,JPEG,224,224,1.0,0.48148787021636963,0.46511831879615784,0.373092383146286,7b518e41ccbb7430c1ad31f25b62a444
Matang,Master_Dataset\Matang\DS1_C3_699_jpg.rf.a714dfa0e8af57dcd645dc35fadacb48.jpg,DS1_C3_699_jpg.rf.a714dfa0e8af57dcd645dc35fadacb48.jpg,JPEG,224,224,1.0,0.5068562626838684,0.4931780993938446,0.3269804120063782,2cfd3f7bc381972a20ffd36b451aea08
Matang,Master_Dataset\Matang\DS1_C3_700_jpg.rf.47d5234a45e88ed93666e4f66075cedf.jpg,DS1_C3_700_jpg.rf.47d5234a45e88ed93666e4f66075cedf.jpg,JPEG,224,224,1.0,0.5683439373970032,0.4885091781616211,0.313801109790802,5f924e82c7b690266653329acfa64598
Matang,Master_Dataset\Matang\DS1_C3_701_jpg.rf.0a81720e5f9b36cb858e3d71ba2c9fbd.jpg,DS1_C3_701_jpg.rf.0a81720e5f9b36cb858e3d71ba2c9fbd.jpg,JPEG,224,224,1.0,0.551362931728363,0.4973886013031006,0.35116997361183167,87ac96bc933e34e8f0e6a8823cc5210d
Matang,Master_Dataset\Matang\DS1_C3_702_jpg.rf.70cadc0d3b564426b669b2c7129ffdb6.jpg,DS1_C3_702_jpg.rf.70cadc0d3b564426b669b2c7129ffdb6.jpg,JPEG,224,224,1.0,0.4807787835597992,0.4537225067615509,0.33513978123664856,e33fef370113918cb60bfdc954308c65
Matang,Master_Dataset\Matang\DS1_C3_703_jpg.rf.18c72ef37aa58b1f08d2894c7eb34241.jpg,DS1_C3_703_jpg.rf.18c72ef37aa58b1f08d2894c7eb34241.jpg,JPEG,224,224,1.0,0.4638751745223999,0.48776206374168396,0.3045349717140198,bee80e46da6fcd56d2058bb5ceebed99
Matang,Master_Dataset\Matang\DS1_C3_704_jpg.rf.f3a01d9eaf09bdd355d2084fa84f3524.jpg,DS1_C3_704_jpg.rf.f3a01d9eaf09bdd355d2084fa84f3524.jpg,JPEG,224,224,1.0,0.5320026874542236,0.5254998207092285,0.3362767696380615,35e786404e7765f22f9e0bc321604242
Matang,Master_Dataset\Matang\DS1_C3_705_jpg.rf.bc3c88e0b2da558a22881780acda9fe2.jpg,DS1_C3_705_jpg.rf.bc3c88e0b2da558a22881780acda9fe2.jpg,JPEG,224,224,1.0,0.5299261212348938,0.5025765895843506,0.4317341446876526,4ce947a69d4121a69a537296fc89e5c2
Matang,Master_Dataset\Matang\DS1_C3_706_jpg.rf.52f105a7f309b7d97f0df08af53adac0.jpg,DS1_C3_706_jpg.rf.52f105a7f309b7d97f0df08af53adac0.jpg,JPEG,224,224,1.0,0.473212331533432,0.4485743045806885,0.3978121876716614,ac134355961b7c764ff609a57d213d19
Matang,Master_Dataset\Matang\DS1_C3_707_jpg.rf.2bece17dbfdbe9a8303b57e699ea70b5.jpg,DS1_C3_707_jpg.rf.2bece17dbfdbe9a8303b57e699ea70b5.jpg,JPEG,224,224,1.0,0.4886416792869568,0.4820517897605896,0.38258424401283264,c0e48b5fda3bd2fc77ab8273e05d35e6
Matang,Master_Dataset\Matang\DS1_C3_708_jpg.rf.ea32e4095af606566c1af9773709b1bb.jpg,DS1_C3_708_jpg.rf.ea32e4095af606566c1af9773709b1bb.jpg,JPEG,224,224,1.0,0.49212491512298584,0.5058167576789856,0.3715451955795288,c2bcf0d00479a6c20a08f9b15a3728d1
Matang,Master_Dataset\Matang\DS1_C3_709_jpg.rf.c276f7d3b8d7001ed615c52cfaff1ba2.jpg,DS1_C3_709_jpg.rf.c276f7d3b8d7001ed615c52cfaff1ba2.jpg,JPEG,224,224,1.0,0.4612027108669281,0.47085219621658325,0.3352627158164978,56bfebf53306eb3c0e2f9a1b6a76ba1d
Matang,Master_Dataset\Matang\DS1_C3_710_jpg.rf.5c305216fbfff20eadf011427cf90fb2.jpg,DS1_C3_710_jpg.rf.5c305216fbfff20eadf011427cf90fb2.jpg,JPEG,224,224,1.0,0.4041747450828552,0.41626715660095215,0.32651832699775696,53d029f54aa71adaa913bf3390674474
Matang,Master_Dataset\Matang\DS1_C3_711_jpg.rf.cec95fc3c71d315241e2cfb557cd8eb6.jpg,DS1_C3_711_jpg.rf.cec95fc3c71d315241e2cfb557cd8eb6.jpg,JPEG,224,224,1.0,0.5369361639022827,0.5050101280212402,0.38643166422843933,f3aa29d17526025a098542a5db5ed725
Matang,Master_Dataset\Matang\DS1_C3_712_jpg.rf.e80f2a796be9f649600e6c882ae48e0e.jpg,DS1_C3_712_jpg.rf.e80f2a796be9f649600e6c882ae48e0e.jpg,JPEG,224,224,1.0,0.4967394471168518,0.5006216168403625,0.2873368263244629,ade82350d7e5ecd03d175c20c4a8ae12
Matang,Master_Dataset\Matang\DS1_C3_713_jpg.rf.07e08e620be69a7283c7a06d015d152b.jpg,DS1_C3_713_jpg.rf.07e08e620be69a7283c7a06d015d152b.jpg,JPEG,224,224,1.0,0.46626508235931396,0.48128679394721985,0.38819000124931335,c7923dd38e286757b417d8832cd2d3b0
Matang,Master_Dataset\Matang\DS1_C3_714_jpg.rf.abbc6bccd5b69fee87f312006e65b60b.jpg,DS1_C3_714_jpg.rf.abbc6bccd5b69fee87f312006e65b60b.jpg,JPEG,224,224,1.0,0.4344404935836792,0.43111056089401245,0.3540394604206085,02c9f472d4bd14b4b220d7fa48fe8cc8
Matang,Master_Dataset\Matang\DS1_C3_715_jpg.rf.707d52b14d18b7b8ae8e629230b5675a.jpg,DS1_C3_715_jpg.rf.707d52b14d18b7b8ae8e629230b5675a.jpg,JPEG,224,224,1.0,0.4838451147079468,0.4667646586894989,0.25533658266067505,b48af27e88509d6a096cd33fe086e1e2
Matang,Master_Dataset\Matang\DS1_C3_716_jpg.rf.b306bffa47938b2ff50507ae9fab8e14.jpg,DS1_C3_716_jpg.rf.b306bffa47938b2ff50507ae9fab8e14.jpg,JPEG,224,224,1.0,0.5120385885238647,0.45862624049186707,0.3202865421772003,fa807a4af8890d53b5112a80636a9415
Matang,Master_Dataset\Matang\DS1_C3_717_jpg.rf.3eb548f00360da65ab0b919e787f29ba.jpg,DS1_C3_717_jpg.rf.3eb548f00360da65ab0b919e787f29ba.jpg,JPEG,224,224,1.0,0.4407944679260254,0.4433314800262451,0.3471733033657074,7afb7e69409727e04c9527e1bd053b31
Matang,Master_Dataset\Matang\DS1_C3_718_jpg.rf.730a8fdc41038392106e3f9320c7b483.jpg,DS1_C3_718_jpg.rf.730a8fdc41038392106e3f9320c7b483.jpg,JPEG,224,224,1.0,0.36958566308021545,0.3893589973449707,0.2665310204029083,412499b1273ddd9fb94b89a777ce092e
Matang,Master_Dataset\Matang\DS1_C3_719_jpg.rf.39db93d50ffcd7619e6125a3d8a7a2e6.jpg,DS1_C3_719_jpg.rf.39db93d50ffcd7619e6125a3d8a7a2e6.jpg,JPEG,224,224,1.0,0.4681335389614105,0.47091156244277954,0.3143520653247833,609de6906562f20338a0773bf559be43
Matang,Master_Dataset\Matang\DS1_C3_720_jpg.rf.5397fc2ea36d04e8f364e279ded611df.jpg,DS1_C3_720_jpg.rf.5397fc2ea36d04e8f364e279ded611df.jpg,JPEG,224,224,1.0,0.4591449201107025,0.4663103222846985,0.33779019117355347,ffefbe62bc8f64b51786e643a1e493a0
Matang,Master_Dataset\Matang\DS1_C3_721_jpg.rf.e3bc425542e7ba0410b5f8a789ff51ae.jpg,DS1_C3_721_jpg.rf.e3bc425542e7ba0410b5f8a789ff51ae.jpg,JPEG,224,224,1.0,0.5046215057373047,0.4730534255504608,0.27157002687454224,9ffbc84036fb4e51eae3dcbc7831a4f1
Matang,Master_Dataset\Matang\DS1_C3_722_jpg.rf.59037faa4089b1419bd42bdff9e484b6.jpg,DS1_C3_722_jpg.rf.59037faa4089b1419bd42bdff9e484b6.jpg,JPEG,224,224,1.0,0.43525901436805725,0.4395983815193176,0.31923800706863403,73ab3c65a7fb3143d80f5427a07d1f41
Matang,Master_Dataset\Matang\DS1_C3_723_jpg.rf.78e43e7123ceb609469ec92235fe4ed3.jpg,DS1_C3_723_jpg.rf.78e43e7123ceb609469ec92235fe4ed3.jpg,JPEG,224,224,1.0,0.4464603364467621,0.4419488310813904,0.35862988233566284,8ec920f8f65b303dd857878b2a37fa46
Matang,Master_Dataset\Matang\DS1_C3_724_jpg.rf.18d06706cf9f1203d987ba15c7168ede.jpg,DS1_C3_724_jpg.rf.18d06706cf9f1203d987ba15c7168ede.jpg,JPEG,224,224,1.0,0.3002307713031769,0.3356015384197235,0.21650481224060059,cac4773d5b0fd7ff4a5af0313ac040fc
Matang,Master_Dataset\Matang\DS1_C3_725_jpg.rf.9eee27d609a13bef14fe26c595a255d4.jpg,DS1_C3_725_jpg.rf.9eee27d609a13bef14fe26c595a255d4.jpg,JPEG,224,224,1.0,0.4607377350330353,0.469816654920578,0.35108327865600586,2a2184f70b1db2754844b2002d801a56
Matang,Master_Dataset\Matang\DS1_C3_726_jpg.rf.5ab4ca8ef031dba30e35de4bcac4f316.jpg,DS1_C3_726_jpg.rf.5ab4ca8ef031dba30e35de4bcac4f316.jpg,JPEG,224,224,1.0,0.42484551668167114,0.45042261481285095,0.30842071771621704,4c08ce280d1251bb648d778a23a0afb3
Matang,Master_Dataset\Matang\DS1_C3_727_jpg.rf.9ba084efb08e17ffaa43e3e796120f09.jpg,DS1_C3_727_jpg.rf.9ba084efb08e17ffaa43e3e796120f09.jpg,JPEG,224,224,1.0,0.525709867477417,0.5061283707618713,0.5119895935058594,82bc0835ef59a331ffefb6c22115f8fa
Matang,Master_Dataset\Matang\DS1_C3_728_jpg.rf.908b8bbf24660265b814c6744af08666.jpg,DS1_C3_728_jpg.rf.908b8bbf24660265b814c6744af08666.jpg,JPEG,224,224,1.0,0.3845559060573578,0.46837589144706726,0.2519684135913849,567b494f1e0d54248b72952dc4dbe1e0
Matang,Master_Dataset\Matang\DS1_C3_729_jpg.rf.93689373c33cfbdeebffddff09f1f3b6.jpg,DS1_C3_729_jpg.rf.93689373c33cfbdeebffddff09f1f3b6.jpg,JPEG,224,224,1.0,0.4549690783023834,0.4381122887134552,0.3020293116569519,331781c29b4dc9f24b5869af2690b7e9
Matang,Master_Dataset\Matang\DS1_C3_730_jpg.rf.6a0550b7b5c35c0102e07474a84530aa.jpg,DS1_C3_730_jpg.rf.6a0550b7b5c35c0102e07474a84530aa.jpg,JPEG,224,224,1.0,0.404055655002594,0.45225852727890015,0.3003593981266022,3145641204d6a6c57fde914c2e2f5f7e
Matang,Master_Dataset\Matang\DS1_C3_731_jpg.rf.1903a284675a3c60a4fdc3f067f51cf5.jpg,DS1_C3_731_jpg.rf.1903a284675a3c60a4fdc3f067f51cf5.jpg,JPEG,224,224,1.0,0.5251738429069519,0.4990362524986267,0.32604870200157166,a01f0f0e94e8f48516853b1d94aac3fc
Matang,Master_Dataset\Matang\DS1_C3_732_jpg.rf.12c60b060b38dedc9ef6840747cdc776.jpg,DS1_C3_732_jpg.rf.12c60b060b38dedc9ef6840747cdc776.jpg,JPEG,224,224,1.0,0.5879971385002136,0.5532381534576416,0.44792553782463074,52fb9b4243f2c7ceab1167e32310c64c
Matang,Master_Dataset\Matang\DS1_C3_733_jpg.rf.2bb911db4c85d3855d0e38d1e60ed25d.jpg,DS1_C3_733_jpg.rf.2bb911db4c85d3855d0e38d1e60ed25d.jpg,JPEG,224,224,1.0,0.45871615409851074,0.4425292909145355,0.3749140202999115,faf6d540fdfd6dd619d32d88afa126c4
Matang,Master_Dataset\Matang\DS1_C3_734_jpg.rf.10d56a0ee619528bad9e78b77b49e3a6.jpg,DS1_C3_734_jpg.rf.10d56a0ee619528bad9e78b77b49e3a6.jpg,JPEG,224,224,1.0,0.35577669739723206,0.3465118408203125,0.3150887191295624,ff38861aef37958cf8b279345b0757b5
Matang,Master_Dataset\Matang\DS1_C3_735_jpg.rf.7793f37e8fbccef5780cf699d7599f33.jpg,DS1_C3_735_jpg.rf.7793f37e8fbccef5780cf699d7599f33.jpg,JPEG,224,224,1.0,0.4514576196670532,0.4547828733921051,0.24075433611869812,b2362ea1cf1c8005904b42cde42fdc4e
Matang,Master_Dataset\Matang\DS1_C3_736_jpg.rf.6c205ea83c608b4eb6ea2d2d6a1a2282.jpg,DS1_C3_736_jpg.rf.6c205ea83c608b4eb6ea2d2d6a1a2282.jpg,JPEG,224,224,1.0,0.4804636538028717,0.450664758682251,0.32658621668815613,c444387c7e16836cc413841ca275056f
Matang,Master_Dataset\Matang\DS1_C3_737_jpg.rf.72b567ada31c5460755da6655937aa50.jpg,DS1_C3_737_jpg.rf.72b567ada31c5460755da6655937aa50.jpg,JPEG,224,224,1.0,0.49982452392578125,0.5039080381393433,0.3784237504005432,6b4494e8d6450bf30a7005ac06faa45e
Matang,Master_Dataset\Matang\DS1_C3_738_jpg.rf.54bd0a57524d3b76a6f19ff1942184dc.jpg,DS1_C3_738_jpg.rf.54bd0a57524d3b76a6f19ff1942184dc.jpg,JPEG,224,224,1.0,0.3909183740615845,0.415264368057251,0.29303863644599915,d7f6abbf54e75e60a9301a4353d1a459
Matang,Master_Dataset\Matang\DS1_C3_739_jpg.rf.0fcc3074363514fceefc6d6b0e689743.jpg,DS1_C3_739_jpg.rf.0fcc3074363514fceefc6d6b0e689743.jpg,JPEG,224,224,1.0,0.49555930495262146,0.5187222361564636,0.40946516394615173,4a4de3eeee96354b9947132b092aa47d
Matang,Master_Dataset\Matang\DS1_C3_740_jpg.rf.ceb7be0203aa12cd8a7e522f7fcfc061.jpg,DS1_C3_740_jpg.rf.ceb7be0203aa12cd8a7e522f7fcfc061.jpg,JPEG,224,224,1.0,0.4409925639629364,0.43615466356277466,0.4340660870075226,3c09cff38874314fdbbba61eb5469d9b
Matang,Master_Dataset\Matang\DS1_C3_741_jpg.rf.e27206e6787c74bd5a5ec9d70addc1e2.jpg,DS1_C3_741_jpg.rf.e27206e6787c74bd5a5ec9d70addc1e2.jpg,JPEG,224,224,1.0,0.5499457120895386,0.5241365432739258,0.4052942991256714,c85be56254e76e0196dd812e9d16fa5d
Matang,Master_Dataset\Matang\DS1_C3_742_jpg.rf.a3050446faba390db99bce0d7f1de6fe.jpg,DS1_C3_742_jpg.rf.a3050446faba390db99bce0d7f1de6fe.jpg,JPEG,224,224,1.0,0.45985281467437744,0.4590374231338501,0.3635433316230774,8aad04fa3102f0ef9c5995a02ed6948f
Matang,Master_Dataset\Matang\DS1_C3_743_jpg.rf.aa7e22f6f86587dce72404ec8016e7ca.jpg,DS1_C3_743_jpg.rf.aa7e22f6f86587dce72404ec8016e7ca.jpg,JPEG,224,224,1.0,0.47209951281547546,0.5017585754394531,0.367258220911026,9ff2683bd07f8df0ef9ada88a5829971
Matang,Master_Dataset\Matang\DS1_C3_744_jpg.rf.d9eb957f4cd5ca4a2225ffb376000339.jpg,DS1_C3_744_jpg.rf.d9eb957f4cd5ca4a2225ffb376000339.jpg,JPEG,224,224,1.0,0.5967673063278198,0.5129517316818237,0.37256142497062683,f2d0f620751957257032c87cc4cc8707
Matang,Master_Dataset\Matang\DS1_C3_745_jpg.rf.d58281a709b042d09ef597094629050f.jpg,DS1_C3_745_jpg.rf.d58281a709b042d09ef597094629050f.jpg,JPEG,224,224,1.0,0.43138694763183594,0.396484911441803,0.238390251994133,9aa6d05bfeedfd5d9eeb2315a3794ce8
Matang,Master_Dataset\Matang\DS1_C3_746_jpg.rf.385b9805b28c70f2070e14b263d81ad6.jpg,DS1_C3_746_jpg.rf.385b9805b28c70f2070e14b263d81ad6.jpg,JPEG,224,224,1.0,0.40184736251831055,0.42156925797462463,0.3551598787307739,0f5c9811b2084215f261a5d2b5cc5c99
Matang,Master_Dataset\Matang\DS1_C3_747_jpg.rf.5e40b625ee7600a9a72b65a1dc3093e4.jpg,DS1_C3_747_jpg.rf.5e40b625ee7600a9a72b65a1dc3093e4.jpg,JPEG,224,224,1.0,0.4891135096549988,0.47337839007377625,0.4757726192474365,ec3024c72fe22d48c46102c03837a712
Matang,Master_Dataset\Matang\DS1_C3_748_jpg.rf.024f78446b9ae0106f4c178b9ae03e92.jpg,DS1_C3_748_jpg.rf.024f78446b9ae0106f4c178b9ae03e92.jpg,JPEG,224,224,1.0,0.521649956703186,0.5386271476745605,0.43337729573249817,d29cd77d5907116bbd051454af5bbc4d
Matang,Master_Dataset\Matang\DS1_C3_749_jpg.rf.37de991cfc8a0a7bebac663963daa25b.jpg,DS1_C3_749_jpg.rf.37de991cfc8a0a7bebac663963daa25b.jpg,JPEG,224,224,1.0,0.37857702374458313,0.4125531017780304,0.25368794798851013,217d89385016c3131cd88a8c3d6d04e5
Matang,Master_Dataset\Matang\DS1_C3_750_jpg.rf.cb2601bd120817ee57ffcfb248c41533.jpg,DS1_C3_750_jpg.rf.cb2601bd120817ee57ffcfb248c41533.jpg,JPEG,224,224,1.0,0.6114659905433655,0.5666775107383728,0.4015330970287323,75894fff9df455c9359a7a35e2fcb0ba
Matang,Master_Dataset\Matang\DS1_C3_751_jpg.rf.30d702dc383e9fa0c81edde83793f691.jpg,DS1_C3_751_jpg.rf.30d702dc383e9fa0c81edde83793f691.jpg,JPEG,224,224,1.0,0.4620572328567505,0.42801517248153687,0.26107674837112427,6c5b41634728747adc68ea0ed53deba4
Matang,Master_Dataset\Matang\DS1_C3_752_jpg.rf.f0f47f1dcc44d53dd2c96fbc5ae7600c.jpg,DS1_C3_752_jpg.rf.f0f47f1dcc44d53dd2c96fbc5ae7600c.jpg,JPEG,224,224,1.0,0.6429646611213684,0.5669119358062744,0.42969435453414917,2d4b5a12f0a3ee8109980ae46a138d26
Matang,Master_Dataset\Matang\DS1_C3_753_jpg.rf.9f67d36a0c362aa9072d4e3513edaf57.jpg,DS1_C3_753_jpg.rf.9f67d36a0c362aa9072d4e3513edaf57.jpg,JPEG,224,224,1.0,0.3808091878890991,0.4685734212398529,0.24761828780174255,b259ea5edcd3837a4e430e43bbf6ee5d
Matang,Master_Dataset\Matang\DS1_C3_754_jpg.rf.8889be2e8a72c47c5539d1fad7626ae2.jpg,DS1_C3_754_jpg.rf.8889be2e8a72c47c5539d1fad7626ae2.jpg,JPEG,224,224,1.0,0.39143526554107666,0.47488483786582947,0.24346016347408295,9e3cbe29805a5250cb1d2df87d395f30
Matang,Master_Dataset\Matang\DS1_C3_755_jpg.rf.979a149498f657e129851d3fe9117c1d.jpg,DS1_C3_755_jpg.rf.979a149498f657e129851d3fe9117c1d.jpg,JPEG,224,224,1.0,0.4536910653114319,0.4469364583492279,0.27511367201805115,cbc2da23771b388a6d6d3c193cbd1095
Matang,Master_Dataset\Matang\DS1_C3_756_jpg.rf.614dece46ccc9f3be92c97126c928932.jpg,DS1_C3_756_jpg.rf.614dece46ccc9f3be92c97126c928932.jpg,JPEG,224,224,1.0,0.42868369817733765,0.49333634972572327,0.3446003198623657,d14ef0d515ab54a9e3dc4fb314dc6fd4
Matang,Master_Dataset\Matang\DS1_C3_757_jpg.rf.f1c7a127d4d64ddfa4e45e9afc04d550.jpg,DS1_C3_757_jpg.rf.f1c7a127d4d64ddfa4e45e9afc04d550.jpg,JPEG,224,224,1.0,0.47198864817619324,0.5192744731903076,0.3312852382659912,276b1bbb6512165709454df615e1eefa
Matang,Master_Dataset\Matang\DS1_C3_758_jpg.rf.0aa043da7faa34ee2547365e57111460.jpg,DS1_C3_758_jpg.rf.0aa043da7faa34ee2547365e57111460.jpg,JPEG,224,224,1.0,0.42034298181533813,0.45456409454345703,0.28888195753097534,67baa2b223cfdd036d28691360c4a0d9
Matang,Master_Dataset\Matang\DS1_C3_759_jpg.rf.a1511a52efcbe09894423e77594dc834.jpg,DS1_C3_759_jpg.rf.a1511a52efcbe09894423e77594dc834.jpg,JPEG,224,224,1.0,0.4930846691131592,0.49545004963874817,0.33581697940826416,255c629654200587b79ebfe26d8fafc0
Matang,Master_Dataset\Matang\DS1_C3_760_jpg.rf.e73cd8104e4f6c77d94cc8a4358833c6.jpg,DS1_C3_760_jpg.rf.e73cd8104e4f6c77d94cc8a4358833c6.jpg,JPEG,224,224,1.0,0.38643908500671387,0.420302152633667,0.2744888365268707,61606ac93ec8a7f70fffbed27fbfa477
Matang,Master_Dataset\Matang\DS1_C3_761_jpg.rf.72b6249e930598baf7b75033077670df.jpg,DS1_C3_761_jpg.rf.72b6249e930598baf7b75033077670df.jpg,JPEG,224,224,1.0,0.5166763067245483,0.4843936860561371,0.3661081790924072,0a29917db1c17c55ea9d1e57e0d534ff
Matang,Master_Dataset\Matang\DS1_C3_762_jpg.rf.32ea1826884b0efeb49967ce744fc0bb.jpg,DS1_C3_762_jpg.rf.32ea1826884b0efeb49967ce744fc0bb.jpg,JPEG,224,224,1.0,0.5609224438667297,0.5986143350601196,0.383684366941452,5c67f8cdc4acc6e3b13f3087d5060a2b
Matang,Master_Dataset\Matang\DS1_C3_763_jpg.rf.66001c542d5acf6dfd5ea352aed00134.jpg,DS1_C3_763_jpg.rf.66001c542d5acf6dfd5ea352aed00134.jpg,JPEG,224,224,1.0,0.31386232376098633,0.3122952878475189,0.26866593956947327,1419bb9708c34a1af10247db26a8f399
Matang,Master_Dataset\Matang\DS1_C3_764_jpg.rf.bb49ea2fa1093604951c3816f5d2ce78.jpg,DS1_C3_764_jpg.rf.bb49ea2fa1093604951c3816f5d2ce78.jpg,JPEG,224,224,1.0,0.4070545434951782,0.4639875888824463,0.23641635477542877,703d41012e1a18e88df39a9a4a73562d
Matang,Master_Dataset\Matang\DS1_C3_765_jpg.rf.6bbbecd4a6f777ab064051ed871507a8.jpg,DS1_C3_765_jpg.rf.6bbbecd4a6f777ab064051ed871507a8.jpg,JPEG,224,224,1.0,0.4542469084262848,0.45432645082473755,0.38069620728492737,88001109c466f80d362cfc526322b596
Matang,Master_Dataset\Matang\DS1_C3_766_jpg.rf.5915c215959e5cd314ff0af115a75061.jpg,DS1_C3_766_jpg.rf.5915c215959e5cd314ff0af115a75061.jpg,JPEG,224,224,1.0,0.5060720443725586,0.5177595615386963,0.3347896635532379,3183cb683b242c5bb2c498ee94a06b78
Matang,Master_Dataset\Matang\DS1_C3_767_jpg.rf.4f979273db17aa67b294d3bb911e3a95.jpg,DS1_C3_767_jpg.rf.4f979273db17aa67b294d3bb911e3a95.jpg,JPEG,224,224,1.0,0.4491291046142578,0.4317872226238251,0.2867954671382904,21b9641bf5016171b949c09a33a9c3f8
Matang,Master_Dataset\Matang\DS1_C3_768_jpg.rf.db41bd2b516b026981cc33c714a60a68.jpg,DS1_C3_768_jpg.rf.db41bd2b516b026981cc33c714a60a68.jpg,JPEG,224,224,1.0,0.5051900744438171,0.47738149762153625,0.3686846196651459,068bbe61424ba41fd2c03f722e356e69
Matang,Master_Dataset\Matang\DS1_C3_769_jpg.rf.ce6e3d41fa190f4842387b80a3dae05f.jpg,DS1_C3_769_jpg.rf.ce6e3d41fa190f4842387b80a3dae05f.jpg,JPEG,224,224,1.0,0.5620864629745483,0.5563316345214844,0.3643241226673126,d816ebbb7e7aae140e869030c6c1aa03
Matang,Master_Dataset\Matang\DS1_C3_770_jpg.rf.e55c5bc512d3e0f4261859c896f886ef.jpg,DS1_C3_770_jpg.rf.e55c5bc512d3e0f4261859c896f886ef.jpg,JPEG,224,224,1.0,0.5878819227218628,0.6060104370117188,0.41198575496673584,7c22ac303793f1e3c9f188613319925e
Matang,Master_Dataset\Matang\DS1_C3_771_jpg.rf.f59fc2ff8a1ed6f6a5a40dc95b03dc3c.jpg,DS1_C3_771_jpg.rf.f59fc2ff8a1ed6f6a5a40dc95b03dc3c.jpg,JPEG,224,224,1.0,0.49827393889427185,0.48781129717826843,0.2872025668621063,e73539f69b581220c683c5523a15266c
Matang,Master_Dataset\Matang\DS1_C3_772_jpg.rf.77e17ec7ba20a7b621115242726369f0.jpg,DS1_C3_772_jpg.rf.77e17ec7ba20a7b621115242726369f0.jpg,JPEG,224,224,1.0,0.4353351294994354,0.43144240975379944,0.3722662925720215,83f7b9b294ee5917260d91b0cc5241c7
Matang,Master_Dataset\Matang\DS1_C3_773_jpg.rf.9fed6e84a29fbd492cf811fa1dba913a.jpg,DS1_C3_773_jpg.rf.9fed6e84a29fbd492cf811fa1dba913a.jpg,JPEG,224,224,1.0,0.5387709140777588,0.47565072774887085,0.3518245816230774,420d0a1b2db32767c3b8cf091ab0335e
Matang,Master_Dataset\Matang\DS1_C3_774_jpg.rf.61d9ef49e3359d93ca750b5715847ecc.jpg,DS1_C3_774_jpg.rf.61d9ef49e3359d93ca750b5715847ecc.jpg,JPEG,224,224,1.0,0.46926477551460266,0.4753347635269165,0.37790587544441223,e05cad43e1c068607cb6c3726f57df31
Matang,Master_Dataset\Matang\DS1_C3_775_jpg.rf.d00f182b52768050c85d3deaa82d6924.jpg,DS1_C3_775_jpg.rf.d00f182b52768050c85d3deaa82d6924.jpg,JPEG,224,224,1.0,0.5408707857131958,0.4547739624977112,0.2879272401332855,ec33fbee8adb6270e31e70ff4e5eb986
Matang,Master_Dataset\Matang\DS1_C3_776_jpg.rf.b84054f6f97962657734cae35386f760.jpg,DS1_C3_776_jpg.rf.b84054f6f97962657734cae35386f760.jpg,JPEG,224,224,1.0,0.4548223316669464,0.43564459681510925,0.3652184307575226,d8ac0466a1260b636433aeb7f15f6385
Matang,Master_Dataset\Matang\DS1_C3_777_jpg.rf.468b1d74c9b94f23a8c58e09f3bee7bc.jpg,DS1_C3_777_jpg.rf.468b1d74c9b94f23a8c58e09f3bee7bc.jpg,JPEG,224,224,1.0,0.5488708019256592,0.5128933787345886,0.4066220819950104,dc47c21cb7ab7c95b9abe4ec432743b7
Matang,Master_Dataset\Matang\DS1_C3_778_jpg.rf.1806e7c6719e1787fbfef8ad7545692b.jpg,DS1_C3_778_jpg.rf.1806e7c6719e1787fbfef8ad7545692b.jpg,JPEG,224,224,1.0,0.4686622619628906,0.42645272612571716,0.2821670472621918,b4a236a7604e23bc8b6e4c40699a48f5
Matang,Master_Dataset\Matang\DS1_C3_779_jpg.rf.d9105d5df5631816b2c70fba7549c80d.jpg,DS1_C3_779_jpg.rf.d9105d5df5631816b2c70fba7549c80d.jpg,JPEG,224,224,1.0,0.49101102352142334,0.512866199016571,0.38043084740638733,60d40027caa9f2427792fc8047745b41
Matang,Master_Dataset\Matang\DS1_C3_780_jpg.rf.930ba07e4984f7c88de9d5bd92cb0b34.jpg,DS1_C3_780_jpg.rf.930ba07e4984f7c88de9d5bd92cb0b34.jpg,JPEG,224,224,1.0,0.5046885013580322,0.5090017318725586,0.37889260053634644,97c8651584861aeac8cc1f9c66318edc
Matang,Master_Dataset\Matang\DS1_C3_781_jpg.rf.6a6da8a1603eb99b9bdef6c0b36fce3b.jpg,DS1_C3_781_jpg.rf.6a6da8a1603eb99b9bdef6c0b36fce3b.jpg,JPEG,224,224,1.0,0.5139861106872559,0.4810873568058014,0.3905038833618164,6e2c9619a4bcf990d67e56839e40ffbf
Matang,Master_Dataset\Matang\DS1_C3_782_jpg.rf.b254cebcccb05b7107c8da6790f515dd.jpg,DS1_C3_782_jpg.rf.b254cebcccb05b7107c8da6790f515dd.jpg,JPEG,224,224,1.0,0.5216740369796753,0.4568330645561218,0.3124515414237976,fe5a8eaa1c427888a3124713a2556e53
Matang,Master_Dataset\Matang\DS1_C3_783_jpg.rf.7ed2360b9b143846f0d0792562d1a489.jpg,DS1_C3_783_jpg.rf.7ed2360b9b143846f0d0792562d1a489.jpg,JPEG,224,224,1.0,0.5068374872207642,0.4860444664955139,0.2737358808517456,d709129464e94b5dec162eef1223a22c
Matang,Master_Dataset\Matang\DS1_C3_784_jpg.rf.10da9ce1ee270d1efed83c2e284b935a.jpg,DS1_C3_784_jpg.rf.10da9ce1ee270d1efed83c2e284b935a.jpg,JPEG,224,224,1.0,0.5056437253952026,0.49047204852104187,0.38415440917015076,9bc293246d4e7124af4dd5c40e8905f4
Matang,Master_Dataset\Matang\DS1_C3_785_jpg.rf.69d2f28237996162e13e088273adaa7c.jpg,DS1_C3_785_jpg.rf.69d2f28237996162e13e088273adaa7c.jpg,JPEG,224,224,1.0,0.5198405981063843,0.46559542417526245,0.36890140175819397,8d9634d09248303a48aad22ef80cf40a
Matang,Master_Dataset\Matang\DS1_C3_786_jpg.rf.9a962909d41c4dd04be7f0e4400a54dd.jpg,DS1_C3_786_jpg.rf.9a962909d41c4dd04be7f0e4400a54dd.jpg,JPEG,224,224,1.0,0.4235210716724396,0.42401835322380066,0.32422739267349243,fc0ae7d9f74183a7b6a68cdcbe5c6267
Matang,Master_Dataset\Matang\DS1_C3_787_jpg.rf.b4217632490a6e8bec844771afa1e999.jpg,DS1_C3_787_jpg.rf.b4217632490a6e8bec844771afa1e999.jpg,JPEG,224,224,1.0,0.4268832504749298,0.41966259479522705,0.3599669933319092,41e67db635641faaf7b9afd7fb2b6175
Matang,Master_Dataset\Matang\DS1_C3_788_jpg.rf.dfc40072eaba61cfeba8aaa15d02594d.jpg,DS1_C3_788_jpg.rf.dfc40072eaba61cfeba8aaa15d02594d.jpg,JPEG,224,224,1.0,0.4142158031463623,0.47145166993141174,0.22331097722053528,970fbdd2fd3148b161360c6d416aa8b3
Matang,Master_Dataset\Matang\DS1_C3_789_jpg.rf.1256a30a959bc2424569dab19f804d06.jpg,DS1_C3_789_jpg.rf.1256a30a959bc2424569dab19f804d06.jpg,JPEG,224,224,1.0,0.4577038288116455,0.44436779618263245,0.4050763249397278,852e4c4198c1564c4bbac035e5c56ef2
Matang,Master_Dataset\Matang\DS1_C3_790_jpg.rf.919783e8e38a206f6b198b8fb1de2097.jpg,DS1_C3_790_jpg.rf.919783e8e38a206f6b198b8fb1de2097.jpg,JPEG,224,224,1.0,0.4885055720806122,0.549159586429596,0.3833678364753723,58ee067e1899701ac43a8dd7bf9ef2f1
Matang,Master_Dataset\Matang\DS1_C3_791_jpg.rf.b17f3254f75fc411286394696dd5e33c.jpg,DS1_C3_791_jpg.rf.b17f3254f75fc411286394696dd5e33c.jpg,JPEG,224,224,1.0,0.45850467681884766,0.44681042432785034,0.2655525505542755,ceb7ed18e1a1d87ccd7e46491347419a
Matang,Master_Dataset\Matang\DS1_C3_792_jpg.rf.2b17d943da6c588f8d2b5b07711a74dc.jpg,DS1_C3_792_jpg.rf.2b17d943da6c588f8d2b5b07711a74dc.jpg,JPEG,224,224,1.0,0.3807235062122345,0.37026020884513855,0.3301699757575989,cf414e35e678e992fd9a20439e67f789
Matang,Master_Dataset\Matang\DS1_C3_793_jpg.rf.0fd3e4fc52d4b2b7eaae9389e91cda7c.jpg,DS1_C3_793_jpg.rf.0fd3e4fc52d4b2b7eaae9389e91cda7c.jpg,JPEG,224,224,1.0,0.3679020404815674,0.4098886549472809,0.2969129979610443,601a5b4cf0b626c9f1977faca6e32a7c
Matang,Master_Dataset\Matang\DS1_C3_794_jpg.rf.8508a0a95ad41e535359cf76da06c0d4.jpg,DS1_C3_794_jpg.rf.8508a0a95ad41e535359cf76da06c0d4.jpg,JPEG,224,224,1.0,0.5046917200088501,0.5029011964797974,0.43108776211738586,7274973b5b2ae43e318fe5ec10bc2459
Matang,Master_Dataset\Matang\DS1_C3_795_jpg.rf.833fe8c5967b03acba5ac4b13d7f054d.jpg,DS1_C3_795_jpg.rf.833fe8c5967b03acba5ac4b13d7f054d.jpg,JPEG,224,224,1.0,0.4578336477279663,0.48297470808029175,0.32638999819755554,b21d14e72be352d339be6e77dbfd7fd6
Matang,Master_Dataset\Matang\DS1_C3_796_jpg.rf.600add1e4b2c580f8a73614a286a7ea2.jpg,DS1_C3_796_jpg.rf.600add1e4b2c580f8a73614a286a7ea2.jpg,JPEG,224,224,1.0,0.5262020230293274,0.5123844742774963,0.43970945477485657,f50ff4c8cb12220eb707a9ea12571971
Matang,Master_Dataset\Matang\DS1_C3_797_jpg.rf.3751832dd8f77b85207d87c5f9d1d104.jpg,DS1_C3_797_jpg.rf.3751832dd8f77b85207d87c5f9d1d104.jpg,JPEG,224,224,1.0,0.3704853057861328,0.3847915828227997,0.2545369565486908,b1d5a573ef0af18af0999f1d23c2af5e
Matang,Master_Dataset\Matang\DS1_C3_798_jpg.rf.be1fbc21c32d13a3ae27ce0253aecada.jpg,DS1_C3_798_jpg.rf.be1fbc21c32d13a3ae27ce0253aecada.jpg,JPEG,224,224,1.0,0.3960244655609131,0.4093852639198303,0.2807632386684418,51e2451da1caead69806a42ffe9680a1
Matang,Master_Dataset\Matang\DS1_C3_799_jpg.rf.1927714d6f86f30f5964415ff96a777d.jpg,DS1_C3_799_jpg.rf.1927714d6f86f30f5964415ff96a777d.jpg,JPEG,224,224,1.0,0.54416823387146,0.5389440059661865,0.3923310935497284,a0e209ae196b2b765b88e2a1a2228e0c
Matang,Master_Dataset\Matang\DS1_C3_800_jpg.rf.fc8038f6fe571fb9f3e3dbf560db6815.jpg,DS1_C3_800_jpg.rf.fc8038f6fe571fb9f3e3dbf560db6815.jpg,JPEG,224,224,1.0,0.348172664642334,0.3500630557537079,0.2829607129096985,c41069359b1ae31160c653c545933c0b
Matang,Master_Dataset\Matang\DS1_C3_801_jpg.rf.e6fd35d7db11a63cd07da9f816e49b6e.jpg,DS1_C3_801_jpg.rf.e6fd35d7db11a63cd07da9f816e49b6e.jpg,JPEG,224,224,1.0,0.6237431764602661,0.6258556842803955,0.48478060960769653,000f92a4d5189efd3172a30777e81031
Matang,Master_Dataset\Matang\DS1_C3_802_jpg.rf.a984790dfd9bfbde432a314d51f8bc37.jpg,DS1_C3_802_jpg.rf.a984790dfd9bfbde432a314d51f8bc37.jpg,JPEG,224,224,1.0,0.5494239330291748,0.5511400103569031,0.37930426001548767,d6dd4d939d6999cfcc3733a2475a9c8f
Matang,Master_Dataset\Matang\DS1_C3_803_jpg.rf.a207431c36c32375fdcf04d322997c33.jpg,DS1_C3_803_jpg.rf.a207431c36c32375fdcf04d322997c33.jpg,JPEG,224,224,1.0,0.5141353607177734,0.5120357275009155,0.3885239362716675,9a8778c808985be007b97d3ad4621801
Matang,Master_Dataset\Matang\DS1_C3_804_jpg.rf.925dda78d559eceb8d2aa68f8e3b9ac1.jpg,DS1_C3_804_jpg.rf.925dda78d559eceb8d2aa68f8e3b9ac1.jpg,JPEG,224,224,1.0,0.4770566523075104,0.4879577159881592,0.38782137632369995,01f7661412060e1aa0a71db34689e57f
Matang,Master_Dataset\Matang\DS1_C3_805_jpg.rf.fb376ffba79385a8452df7dd4254e3f0.jpg,DS1_C3_805_jpg.rf.fb376ffba79385a8452df7dd4254e3f0.jpg,JPEG,224,224,1.0,0.3956705927848816,0.3789576590061188,0.35247567296028137,7383d04edbd2695f1b3e996cfe966de9
Matang,Master_Dataset\Matang\DS1_C3_806_jpg.rf.6b9d24d4106768e852fdc7a16923dcdc.jpg,DS1_C3_806_jpg.rf.6b9d24d4106768e852fdc7a16923dcdc.jpg,JPEG,224,224,1.0,0.525867223739624,0.5016137361526489,0.29173544049263,f6bdcebfbb3d6d8ead040ebed1db6d2b
Matang,Master_Dataset\Matang\DS1_C3_807_jpg.rf.3c99bb96c5e83916f417320b6cd86e83.jpg,DS1_C3_807_jpg.rf.3c99bb96c5e83916f417320b6cd86e83.jpg,JPEG,224,224,1.0,0.4244421422481537,0.4624130427837372,0.31050315499305725,696f7d4c38fdac7713c470214c35abb6
Matang,Master_Dataset\Matang\DS1_C3_808_jpg.rf.68ed440fa6c7bfd9dccee633380e0552.jpg,DS1_C3_808_jpg.rf.68ed440fa6c7bfd9dccee633380e0552.jpg,JPEG,224,224,1.0,0.49908795952796936,0.5052721500396729,0.37708142399787903,fcae2e0067d21aaad80d7c8cb45e9bc0
Matang,Master_Dataset\Matang\DS1_C3_809_jpg.rf.b501323765693705dc3838cd9dd039d6.jpg,DS1_C3_809_jpg.rf.b501323765693705dc3838cd9dd039d6.jpg,JPEG,224,224,1.0,0.4985700845718384,0.5127907991409302,0.39513906836509705,0e7370880802f2fbecf70d7ef2a43c91
Matang,Master_Dataset\Matang\DS1_C3_810_jpg.rf.900ccda724c51fc156c072877c03e05e.jpg,DS1_C3_810_jpg.rf.900ccda724c51fc156c072877c03e05e.jpg,JPEG,224,224,1.0,0.4353750944137573,0.4177715480327606,0.3819708526134491,67ae0e578c64c1d2ea8f9edf7a062073
Matang,Master_Dataset\Matang\DS1_C3_811_jpg.rf.8c2b2247625b216343ca36824b1cf2a2.jpg,DS1_C3_811_jpg.rf.8c2b2247625b216343ca36824b1cf2a2.jpg,JPEG,224,224,1.0,0.5367190837860107,0.5437014698982239,0.4321318566799164,e0b16b03ffe0ccefef9b344babd86df2
Matang,Master_Dataset\Matang\DS1_C3_812_jpg.rf.d0a5dab48408ff9b4b91bae6c44e9d08.jpg,DS1_C3_812_jpg.rf.d0a5dab48408ff9b4b91bae6c44e9d08.jpg,JPEG,224,224,1.0,0.39020243287086487,0.390344500541687,0.30025026202201843,421bb0315ca881f845974e7692f60665
Matang,Master_Dataset\Matang\DS1_C3_813_jpg.rf.40a468de88c371f2c6e4f18965b3864a.jpg,DS1_C3_813_jpg.rf.40a468de88c371f2c6e4f18965b3864a.jpg,JPEG,224,224,1.0,0.46707743406295776,0.4853580594062805,0.33146771788597107,11cd8e7d23806649d07e88119f3dfe12
Matang,Master_Dataset\Matang\DS1_C3_814_jpg.rf.f4c0744abec9b055fe98de5576e78712.jpg,DS1_C3_814_jpg.rf.f4c0744abec9b055fe98de5576e78712.jpg,JPEG,224,224,1.0,0.49602973461151123,0.46654921770095825,0.43249085545539856,7b7bfde140cb8f1647a609971c3c5969
Matang,Master_Dataset\Matang\DS1_C3_815_jpg.rf.866eb33d1141b5fad8d7649322b2d95b.jpg,DS1_C3_815_jpg.rf.866eb33d1141b5fad8d7649322b2d95b.jpg,JPEG,224,224,1.0,0.4380080997943878,0.455119252204895,0.3378407955169678,65b8d2485334629e11cb26b6e2f76db2
Matang,Master_Dataset\Matang\DS1_C3_816_jpg.rf.abbbeee886d33a6036d55df09241e01f.jpg,DS1_C3_816_jpg.rf.abbbeee886d33a6036d55df09241e01f.jpg,JPEG,224,224,1.0,0.5338195562362671,0.49035099148750305,0.380636990070343,a183427d6465f9950cca8f601e891c40
Matang,Master_Dataset\Matang\DS1_C3_817_jpg.rf.ffd9c9f7436776754208d749456bc893.jpg,DS1_C3_817_jpg.rf.ffd9c9f7436776754208d749456bc893.jpg,JPEG,224,224,1.0,0.5216034650802612,0.5008792877197266,0.48454535007476807,64386074f32579d4e660bf4981097587
Matang,Master_Dataset\Matang\DS1_C3_818_jpg.rf.8c02c34d6024810586bdb25df3ab0b5c.jpg,DS1_C3_818_jpg.rf.8c02c34d6024810586bdb25df3ab0b5c.jpg,JPEG,224,224,1.0,0.5030308365821838,0.4720100462436676,0.4194355607032776,66558dfe285fb47f953999da4f3dcb5e
Matang,Master_Dataset\Matang\DS1_C3_819_jpg.rf.37e2883a6ab00ba8d4f8db5cb7854712.jpg,DS1_C3_819_jpg.rf.37e2883a6ab00ba8d4f8db5cb7854712.jpg,JPEG,224,224,1.0,0.4151495695114136,0.4103684425354004,0.27593955397605896,0f873ca610c2daf08f6c30e887c471f1
Matang,Master_Dataset\Matang\DS1_C3_820_jpg.rf.084e4b1eb0ac94795c2d64684fb78b0d.jpg,DS1_C3_820_jpg.rf.084e4b1eb0ac94795c2d64684fb78b0d.jpg,JPEG,224,224,1.0,0.4111287295818329,0.40414848923683167,0.23962917923927307,0d6d57e05bb51752d52d6032459f01d2
Matang,Master_Dataset\Matang\DS1_C3_821_jpg.rf.0b143b930f262bfb3f2007c03eeb699e.jpg,DS1_C3_821_jpg.rf.0b143b930f262bfb3f2007c03eeb699e.jpg,JPEG,224,224,1.0,0.41895729303359985,0.436280220746994,0.33282607793807983,3fd20ef9ba4b521afdfb5359f4b8fffb
Matang,Master_Dataset\Matang\DS1_C3_822_jpg.rf.ba6ec626ea4043fc1cb63445629237e5.jpg,DS1_C3_822_jpg.rf.ba6ec626ea4043fc1cb63445629237e5.jpg,JPEG,224,224,1.0,0.5252152681350708,0.45888084173202515,0.3200150430202484,b0f22100d9194669c4b8184f2bc48982
Matang,Master_Dataset\Matang\DS1_C3_823_jpg.rf.d0738354ccb677b678bc1fdb4beafd17.jpg,DS1_C3_823_jpg.rf.d0738354ccb677b678bc1fdb4beafd17.jpg,JPEG,224,224,1.0,0.3821088671684265,0.4598248302936554,0.2681926488876343,a68ba00e963f0e2b822a13586f73adf1
Matang,Master_Dataset\Matang\DS1_C3_824_jpg.rf.05f21bc81134b203a55b381d751146bc.jpg,DS1_C3_824_jpg.rf.05f21bc81134b203a55b381d751146bc.jpg,JPEG,224,224,1.0,0.36188948154449463,0.38850459456443787,0.2524944245815277,844b277417cc7a618eebdb49f5a30a53
Matang,Master_Dataset\Matang\DS1_C3_825_jpg.rf.c35f7f1720248cf1ac73d2e8081c5bff.jpg,DS1_C3_825_jpg.rf.c35f7f1720248cf1ac73d2e8081c5bff.jpg,JPEG,224,224,1.0,0.45334354043006897,0.4381788372993469,0.3648985028266907,bb5cdb4aa643845d47d52edb25568aea
Matang,Master_Dataset\Matang\DS1_C3_826_jpg.rf.b0cab52cba398a5e62f85aeef54d8879.jpg,DS1_C3_826_jpg.rf.b0cab52cba398a5e62f85aeef54d8879.jpg,JPEG,224,224,1.0,0.45337623357772827,0.4357505440711975,0.3986234962940216,b3e58042e9c8cc74be8406f4c9a34e6a
Matang,Master_Dataset\Matang\DS1_C3_827_jpg.rf.4272b6a72606af36e7aa63813cc12e33.jpg,DS1_C3_827_jpg.rf.4272b6a72606af36e7aa63813cc12e33.jpg,JPEG,224,224,1.0,0.4194023013114929,0.42096424102783203,0.29224395751953125,3ba8f33d6cc1e3df60f525cc6c909c27
Matang,Master_Dataset\Matang\DS1_C3_828_jpg.rf.48e8a59c6e353cf52227676e6215931b.jpg,DS1_C3_828_jpg.rf.48e8a59c6e353cf52227676e6215931b.jpg,JPEG,224,224,1.0,0.44568997621536255,0.469861775636673,0.2876095771789551,40f26e73d460201fbe17808c269d398d
Matang,Master_Dataset\Matang\DS1_C3_829_jpg.rf.565a27ba2bb71eb7f82285ed6ce80ac2.jpg,DS1_C3_829_jpg.rf.565a27ba2bb71eb7f82285ed6ce80ac2.jpg,JPEG,224,224,1.0,0.49123039841651917,0.4975024163722992,0.37152397632598877,ee5563c4680f8631d14e12fd0965029b
Matang,Master_Dataset\Matang\DS1_C3_830_jpg.rf.37d8ac917015ebc29cc07ea5c73bc507.jpg,DS1_C3_830_jpg.rf.37d8ac917015ebc29cc07ea5c73bc507.jpg,JPEG,224,224,1.0,0.46183717250823975,0.44309893250465393,0.31557437777519226,6e29b089b6f9a1294b24620234796303
Matang,Master_Dataset\Matang\DS1_C3_831_jpg.rf.4c72571307c33fabbcb1c16c3fff22a4.jpg,DS1_C3_831_jpg.rf.4c72571307c33fabbcb1c16c3fff22a4.jpg,JPEG,224,224,1.0,0.4300094544887543,0.3872058093547821,0.2640639543533325,0b3ab9f23dafa6ce4af96ca013307387
Matang,Master_Dataset\Matang\DS1_C3_832_jpg.rf.2b2ae58e7af777f537b8d87e24a83443.jpg,DS1_C3_832_jpg.rf.2b2ae58e7af777f537b8d87e24a83443.jpg,JPEG,224,224,1.0,0.40445074439048767,0.44079267978668213,0.23220989108085632,0060180ff7577119b1d2bbe7627e75cc
Matang,Master_Dataset\Matang\DS1_C3_833_jpg.rf.5dd5837335addd77fbaa5225423ac882.jpg,DS1_C3_833_jpg.rf.5dd5837335addd77fbaa5225423ac882.jpg,JPEG,224,224,1.0,0.47548162937164307,0.45793259143829346,0.3296155035495758,6ba2597f9879f8858d0e4d5dd82dcbf1
Matang,Master_Dataset\Matang\DS1_C3_834_jpg.rf.67457f191430f7ddeb9d075f7ec894e7.jpg,DS1_C3_834_jpg.rf.67457f191430f7ddeb9d075f7ec894e7.jpg,JPEG,224,224,1.0,0.5453002452850342,0.5384546518325806,0.43660011887550354,f56779a669641924b37b3bdef25ebfa3
Matang,Master_Dataset\Matang\DS1_C3_835_jpg.rf.5ab822694ab9237a628da91966cecce6.jpg,DS1_C3_835_jpg.rf.5ab822694ab9237a628da91966cecce6.jpg,JPEG,224,224,1.0,0.6142082810401917,0.5715467929840088,0.4154495894908905,07a3b4820c1f4b57d15619198cf5746f
Matang,Master_Dataset\Matang\DS1_C3_836_jpg.rf.7bb99745d5189b437462743b0a30dd6a.jpg,DS1_C3_836_jpg.rf.7bb99745d5189b437462743b0a30dd6a.jpg,JPEG,224,224,1.0,0.3194596767425537,0.3693593740463257,0.2020367532968521,f1b30e98a8a0e8f4bf467456a73c220b
Matang,Master_Dataset\Matang\DS1_C3_837_jpg.rf.a8b67f7cf9775a75c6ad6d7e0cf64e5c.jpg,DS1_C3_837_jpg.rf.a8b67f7cf9775a75c6ad6d7e0cf64e5c.jpg,JPEG,224,224,1.0,0.4061458706855774,0.3918672800064087,0.30587664246559143,d6f920c07c66388eca3540dbd8feef9e
Matang,Master_Dataset\Matang\DS1_C3_838_jpg.rf.63e9b4e223064bdd270305bb00e40eba.jpg,DS1_C3_838_jpg.rf.63e9b4e223064bdd270305bb00e40eba.jpg,JPEG,224,224,1.0,0.5394675135612488,0.5465913414955139,0.373380571603775,de38bdc58ae8f137cd237a88c0ae1d2d
Matang,Master_Dataset\Matang\DS1_C3_839_jpg.rf.7322d155573b0dd97f5a8d75a23f9191.jpg,DS1_C3_839_jpg.rf.7322d155573b0dd97f5a8d75a23f9191.jpg,JPEG,224,224,1.0,0.48419174551963806,0.49469658732414246,0.3965376615524292,11630962ec946e11817635629c4d1713
Matang,Master_Dataset\Matang\DS1_C3_840_jpg.rf.4e2de446220dbb486aa61cfbe3592a63.jpg,DS1_C3_840_jpg.rf.4e2de446220dbb486aa61cfbe3592a63.jpg,JPEG,224,224,1.0,0.48484766483306885,0.4856016933917999,0.3683539032936096,40abba20bf8b7bf9d5841b5a735f93ad
Matang,Master_Dataset\Matang\DS1_C3_841_jpg.rf.3fe23eef931d738358dd82e6a2aea25e.jpg,DS1_C3_841_jpg.rf.3fe23eef931d738358dd82e6a2aea25e.jpg,JPEG,224,224,1.0,0.3825317323207855,0.42130425572395325,0.29305580258369446,9fa0272bcafe7883c56c53584fc66388
Matang,Master_Dataset\Matang\DS1_C3_842_jpg.rf.9ed6423045bbd5cf4b4cd3fe42c04adf.jpg,DS1_C3_842_jpg.rf.9ed6423045bbd5cf4b4cd3fe42c04adf.jpg,JPEG,224,224,1.0,0.397323340177536,0.4699246883392334,0.2950502336025238,55a38483a3c2962976b0885d79ac2b3c
Matang,Master_Dataset\Matang\DS1_C3_843_jpg.rf.68cca283fbeffda988aed51b567d991d.jpg,DS1_C3_843_jpg.rf.68cca283fbeffda988aed51b567d991d.jpg,JPEG,224,224,1.0,0.5571218132972717,0.5118160843849182,0.45671477913856506,9364cfc3b69bd42fae1d8527912d3e0d
Matang,Master_Dataset\Matang\DS1_C3_844_jpg.rf.ad5d45645951a875cfbbcc7d09f7ea14.jpg,DS1_C3_844_jpg.rf.ad5d45645951a875cfbbcc7d09f7ea14.jpg,JPEG,224,224,1.0,0.47459208965301514,0.40620866417884827,0.29536139965057373,16cbea7d4a34cc1cdb7eca270c7586f5
Matang,Master_Dataset\Matang\DS1_C3_845_jpg.rf.50ea9c36e69985f7f0a6bffb091f1f8d.jpg,DS1_C3_845_jpg.rf.50ea9c36e69985f7f0a6bffb091f1f8d.jpg,JPEG,224,224,1.0,0.5185933709144592,0.49509769678115845,0.3603768050670624,d71612b59a9e6929e33dcccf44825f7b
Matang,Master_Dataset\Matang\DS1_C3_846_jpg.rf.190e133fe2d0628dc11fcc8c6356518f.jpg,DS1_C3_846_jpg.rf.190e133fe2d0628dc11fcc8c6356518f.jpg,JPEG,224,224,1.0,0.594042956829071,0.5508312582969666,0.34373101592063904,ae987d0d08b0770fe2347d995eb60c02
Matang,Master_Dataset\Matang\DS1_C3_847_jpg.rf.3a6440d0cadc9037925af939059729a9.jpg,DS1_C3_847_jpg.rf.3a6440d0cadc9037925af939059729a9.jpg,JPEG,224,224,1.0,0.43883779644966125,0.4277201294898987,0.359452486038208,7c0789288dcc65f0c8f59aeed2e10c8b
Matang,Master_Dataset\Matang\DS1_C3_848_jpg.rf.e03ef3d83f40d24ef6203175088b790f.jpg,DS1_C3_848_jpg.rf.e03ef3d83f40d24ef6203175088b790f.jpg,JPEG,224,224,1.0,0.46849486231803894,0.4822092652320862,0.3351172208786011,058e2527fc1bcdb18fa0b505ce11355d
Matang,Master_Dataset\Matang\DS1_C3_849_jpg.rf.072a81ff3d52d09186569cf326fdb1d0.jpg,DS1_C3_849_jpg.rf.072a81ff3d52d09186569cf326fdb1d0.jpg,JPEG,224,224,1.0,0.5821297764778137,0.5289598703384399,0.4388156235218048,0d602db0d496c70ed7d93cdc4ab85ba3
Matang,Master_Dataset\Matang\DS1_C3_850_jpg.rf.c27a3d05fe0249442d42702bdf16ea47.jpg,DS1_C3_850_jpg.rf.c27a3d05fe0249442d42702bdf16ea47.jpg,JPEG,224,224,1.0,0.5164825916290283,0.5313798189163208,0.4351612627506256,4c8b07e70d1e4ade8d44b399b8378010
Matang,Master_Dataset\Matang\DS1_C3_851_jpg.rf.e8f8db019dd3d26963c229b1d8e1f685.jpg,DS1_C3_851_jpg.rf.e8f8db019dd3d26963c229b1d8e1f685.jpg,JPEG,224,224,1.0,0.5224406719207764,0.5040977001190186,0.42263275384902954,700671dd664d4d401e3c211cb1044285
Matang,Master_Dataset\Matang\DS1_C3_852_jpg.rf.9a2c468cf2b263fd6e6c7c9c5a1a5ed4.jpg,DS1_C3_852_jpg.rf.9a2c468cf2b263fd6e6c7c9c5a1a5ed4.jpg,JPEG,224,224,1.0,0.3884797990322113,0.44040700793266296,0.28427034616470337,ea7f39ce51275cd27b325e7981041127
Matang,Master_Dataset\Matang\DS1_C3_853_jpg.rf.14d8e2aa7a5474a8c0c308ce2be2aaab.jpg,DS1_C3_853_jpg.rf.14d8e2aa7a5474a8c0c308ce2be2aaab.jpg,JPEG,224,224,1.0,0.3781527876853943,0.3761415481567383,0.2506195306777954,605407a4a3f0c5f619d05fdceeff6084
Matang,Master_Dataset\Matang\DS1_C3_854_jpg.rf.1babcbbf85432f16334c134310b03b51.jpg,DS1_C3_854_jpg.rf.1babcbbf85432f16334c134310b03b51.jpg,JPEG,224,224,1.0,0.4171645939350128,0.4163168668746948,0.30646830797195435,2de46fb46ecfeb07cc7d92a3c000674c
Matang,Master_Dataset\Matang\DS1_C3_855_jpg.rf.8a036562456918c515715afd44f98500.jpg,DS1_C3_855_jpg.rf.8a036562456918c515715afd44f98500.jpg,JPEG,224,224,1.0,0.4607609510421753,0.445173442363739,0.3763886094093323,a01ff51f7aab9ffe25eef5a6c6c7885e
Matang,Master_Dataset\Matang\DS1_C3_856_jpg.rf.5afce2772607bf379cd9d807382bcc8d.jpg,DS1_C3_856_jpg.rf.5afce2772607bf379cd9d807382bcc8d.jpg,JPEG,224,224,1.0,0.5153641104698181,0.5490456223487854,0.33913105726242065,786d53421cf15cc594c49c232dccc937
Matang,Master_Dataset\Matang\DS1_C3_857_jpg.rf.c32cbc33edc7778b826cc6647e4e8d2d.jpg,DS1_C3_857_jpg.rf.c32cbc33edc7778b826cc6647e4e8d2d.jpg,JPEG,224,224,1.0,0.5034688115119934,0.5087385177612305,0.28365451097488403,a3fc620309c8937e991561312245f397
Matang,Master_Dataset\Matang\DS1_C3_858_jpg.rf.5f0ee43e758a590c914a9ee760f95d11.jpg,DS1_C3_858_jpg.rf.5f0ee43e758a590c914a9ee760f95d11.jpg,JPEG,224,224,1.0,0.3822929859161377,0.43227648735046387,0.27660417556762695,a249fda47132e263c7246b2893e15a92
Matang,Master_Dataset\Matang\DS1_C3_859_jpg.rf.c768ad49b96ff965cdde1f185aacdbc9.jpg,DS1_C3_859_jpg.rf.c768ad49b96ff965cdde1f185aacdbc9.jpg,JPEG,224,224,1.0,0.475295752286911,0.4738643765449524,0.2902434766292572,212f0c2244b7866436fb1c438bc44486
Matang,Master_Dataset\Matang\DS1_C3_860_jpg.rf.a9d18ee08719e7045018a8d1fc7b553d.jpg,DS1_C3_860_jpg.rf.a9d18ee08719e7045018a8d1fc7b553d.jpg,JPEG,224,224,1.0,0.5577980279922485,0.5266669392585754,0.289721816778183,8335707d9907bb452c2eb80edd7236fb
Matang,Master_Dataset\Matang\DS1_C3_861_jpg.rf.416ff358c0ccb6c96da06341b02bba24.jpg,DS1_C3_861_jpg.rf.416ff358c0ccb6c96da06341b02bba24.jpg,JPEG,224,224,1.0,0.5393368005752563,0.48153945803642273,0.3871868848800659,d7033e4d602d6eec1bcd20f92e1a93e9
Matang,Master_Dataset\Matang\DS1_C3_862_jpg.rf.02e35fc6cb41e81b631aee1e3dcec6d6.jpg,DS1_C3_862_jpg.rf.02e35fc6cb41e81b631aee1e3dcec6d6.jpg,JPEG,224,224,1.0,0.4177456498146057,0.45694103837013245,0.29386934638023376,83ee86f8ac241e586375e835ed74aa1f
Matang,Master_Dataset\Matang\DS1_C3_863_jpg.rf.786c511aad8aa246896a6f65a74ba69a.jpg,DS1_C3_863_jpg.rf.786c511aad8aa246896a6f65a74ba69a.jpg,JPEG,224,224,1.0,0.5758540034294128,0.5668939352035522,0.42057743668556213,0e050885c61c92c99197009978bd5dcb
Matang,Master_Dataset\Matang\DS1_C3_864_jpg.rf.b7f6a4839158376172073eccebd6130e.jpg,DS1_C3_864_jpg.rf.b7f6a4839158376172073eccebd6130e.jpg,JPEG,224,224,1.0,0.4452669024467468,0.4556637704372406,0.4033522605895996,d6280d974a96508f3c6de4a527684be7
Matang,Master_Dataset\Matang\DS1_C3_865_jpg.rf.47120477059bd0b4dc766bec60dbe52c.jpg,DS1_C3_865_jpg.rf.47120477059bd0b4dc766bec60dbe52c.jpg,JPEG,224,224,1.0,0.5219650864601135,0.4791824519634247,0.33784225583076477,5389024fa91ca16fc4392ffc525acfab
Matang,Master_Dataset\Matang\DS1_C3_866_jpg.rf.2662ec16bf26a640b11b692b1ef418e5.jpg,DS1_C3_866_jpg.rf.2662ec16bf26a640b11b692b1ef418e5.jpg,JPEG,224,224,1.0,0.5037207007408142,0.48065316677093506,0.4090074598789215,7058c3038c511bbf256a0ef06cc57ce7
Matang,Master_Dataset\Matang\DS1_C3_867_jpg.rf.07c5a9ddb6b579c64c807533cddf45b3.jpg,DS1_C3_867_jpg.rf.07c5a9ddb6b579c64c807533cddf45b3.jpg,JPEG,224,224,1.0,0.4564417898654938,0.5002596378326416,0.34169575572013855,146ac92be5831899b8a9e8c83fe64fd5
Matang,Master_Dataset\Matang\DS1_C3_868_jpg.rf.50ab448a276883bde517eedefe1e20dc.jpg,DS1_C3_868_jpg.rf.50ab448a276883bde517eedefe1e20dc.jpg,JPEG,224,224,1.0,0.43368032574653625,0.4114196300506592,0.2542577087879181,a8ee58887a47da1649217b9c490d03ec
Matang,Master_Dataset\Matang\DS1_C3_869_jpg.rf.4abc55f0fb84fdba65da4e7c057f63e0.jpg,DS1_C3_869_jpg.rf.4abc55f0fb84fdba65da4e7c057f63e0.jpg,JPEG,224,224,1.0,0.5211074948310852,0.5254638195037842,0.3959540128707886,847dc5d96aaeb23d9e2cdf6a8ddce5ff
Matang,Master_Dataset\Matang\DS1_C3_870_jpg.rf.f7da9466e82087e6a95a54a40a8c9366.jpg,DS1_C3_870_jpg.rf.f7da9466e82087e6a95a54a40a8c9366.jpg,JPEG,224,224,1.0,0.485785573720932,0.4855378270149231,0.3168337047100067,39960938189ed19cfb71b99f85a83ecb
Matang,Master_Dataset\Matang\DS1_C3_871_jpg.rf.bcfc5034bb617d184775c5d7838fe3bf.jpg,DS1_C3_871_jpg.rf.bcfc5034bb617d184775c5d7838fe3bf.jpg,JPEG,224,224,1.0,0.3602719306945801,0.35945799946784973,0.24278363585472107,511d29a2348a2fa11cf8e9346ada28e2
Matang,Master_Dataset\Matang\DS1_C3_872_jpg.rf.b62dc1b4104f1ec4b69abbbc16784d86.jpg,DS1_C3_872_jpg.rf.b62dc1b4104f1ec4b69abbbc16784d86.jpg,JPEG,224,224,1.0,0.47945791482925415,0.46771425008773804,0.38463637232780457,44fda4d7f1bfc9f7a7f2c55cdc6ff53e
Matang,Master_Dataset\Matang\DS1_C3_873_jpg.rf.69e65536d9907cdb45648cb1aa588f4d.jpg,DS1_C3_873_jpg.rf.69e65536d9907cdb45648cb1aa588f4d.jpg,JPEG,224,224,1.0,0.4951382875442505,0.4762713313102722,0.4647464454174042,713f1dea5433f1af0d61da1dfb10d4e1
Matang,Master_Dataset\Matang\DS1_C3_874_jpg.rf.d77b3f48bc379948d091575e4ba09e54.jpg,DS1_C3_874_jpg.rf.d77b3f48bc379948d091575e4ba09e54.jpg,JPEG,224,224,1.0,0.5377199649810791,0.5253306031227112,0.4423374533653259,8636f1ed9db33a2ea056217002299d8d
Matang,Master_Dataset\Matang\DS1_C3_875_jpg.rf.3fa2789e30eb4294f49475448efe5a7a.jpg,DS1_C3_875_jpg.rf.3fa2789e30eb4294f49475448efe5a7a.jpg,JPEG,224,224,1.0,0.4967413544654846,0.48592278361320496,0.43405261635780334,f06d3e47af4a38524f53e062709bf505
Matang,Master_Dataset\Matang\DS1_C3_876_jpg.rf.0d3e52f935f09e02e410aba60aa4633f.jpg,DS1_C3_876_jpg.rf.0d3e52f935f09e02e410aba60aa4633f.jpg,JPEG,224,224,1.0,0.46092846989631653,0.46825358271598816,0.24740073084831238,f197bc6d5bb012a923ad77d08cffdc13
Matang,Master_Dataset\Matang\DS1_C3_877_jpg.rf.9668495ce4198c8d71b3279a629247fd.jpg,DS1_C3_877_jpg.rf.9668495ce4198c8d71b3279a629247fd.jpg,JPEG,224,224,1.0,0.48291927576065063,0.4617910385131836,0.31550657749176025,990c04329f3c7e285b3bd0d4b1461239
Matang,Master_Dataset\Matang\DS1_C3_878_jpg.rf.a866612f5466dbe1bbbd1a1ecbb7413c.jpg,DS1_C3_878_jpg.rf.a866612f5466dbe1bbbd1a1ecbb7413c.jpg,JPEG,224,224,1.0,0.47074970602989197,0.4344639182090759,0.21503566205501556,5d8500cf177f56510f129726c264f92e
Matang,Master_Dataset\Matang\DS1_C3_879_jpg.rf.da1de5b8a340c7f70bd0fd8da7ede323.jpg,DS1_C3_879_jpg.rf.da1de5b8a340c7f70bd0fd8da7ede323.jpg,JPEG,224,224,1.0,0.606757402420044,0.5615900754928589,0.339942991733551,7fc9cad2ba6af3c2c38336e1663b5129
Matang,Master_Dataset\Matang\DS1_C3_880_jpg.rf.a840f42f4dde8ccf556441483011feec.jpg,DS1_C3_880_jpg.rf.a840f42f4dde8ccf556441483011feec.jpg,JPEG,224,224,1.0,0.48101526498794556,0.4257300794124603,0.3258398473262787,ef85c44e3ab9454bdf435ace3cc370d0
Matang,Master_Dataset\Matang\DS1_C3_881_jpg.rf.d102a1082994fa091a6412fd4826c03c.jpg,DS1_C3_881_jpg.rf.d102a1082994fa091a6412fd4826c03c.jpg,JPEG,224,224,1.0,0.44047701358795166,0.4463554322719574,0.348264217376709,4d2cfec1a8d27b4678cfc98e71a04ea4
Matang,Master_Dataset\Matang\DS1_C3_882_jpg.rf.50dc65db33e88644def4ae4d48c30144.jpg,DS1_C3_882_jpg.rf.50dc65db33e88644def4ae4d48c30144.jpg,JPEG,224,224,1.0,0.4414699077606201,0.44679033756256104,0.3488118350505829,09da6bb306f3570e98c84ba7737b93a3
Matang,Master_Dataset\Matang\DS1_C3_883_jpg.rf.45da0f65dbf4fb3d2558a4cb67a1343b.jpg,DS1_C3_883_jpg.rf.45da0f65dbf4fb3d2558a4cb67a1343b.jpg,JPEG,224,224,1.0,0.5083714723587036,0.5088975429534912,0.3916338384151459,474301aeb045d7a0ddbfc2a80f6cf0a9
Matang,Master_Dataset\Matang\DS1_C3_884_jpg.rf.08c0d994dd3fc5e1ad115b88ec2ff166.jpg,DS1_C3_884_jpg.rf.08c0d994dd3fc5e1ad115b88ec2ff166.jpg,JPEG,224,224,1.0,0.4844750761985779,0.47037172317504883,0.4676508903503418,c0802cef102299e301e4bf54b96820c1
Matang,Master_Dataset\Matang\DS1_C3_885_jpg.rf.32b81decf021ad3a73a21ec6aa99ee68.jpg,DS1_C3_885_jpg.rf.32b81decf021ad3a73a21ec6aa99ee68.jpg,JPEG,224,224,1.0,0.4744339883327484,0.45722323656082153,0.40426939725875854,ccb6388be6e6b01341026e8afce8d101
Matang,Master_Dataset\Matang\DS1_C3_886_jpg.rf.2d90a2ebccfa7a8d29d808b5ea999674.jpg,DS1_C3_886_jpg.rf.2d90a2ebccfa7a8d29d808b5ea999674.jpg,JPEG,224,224,1.0,0.5714720487594604,0.5186073780059814,0.45566993951797485,bd330af1536aa14f9f18bf3e7ab725f5
Matang,Master_Dataset\Matang\DS1_C3_887_jpg.rf.288ebcc8f5a22a414f93b1a76638510a.jpg,DS1_C3_887_jpg.rf.288ebcc8f5a22a414f93b1a76638510a.jpg,JPEG,224,224,1.0,0.4444268047809601,0.46762457489967346,0.3108290135860443,c479665f54216820cbbfeef2296c84cc
Matang,Master_Dataset\Matang\DS1_C3_888_jpg.rf.90cc638d40866fc5f9d36445956cbdfa.jpg,DS1_C3_888_jpg.rf.90cc638d40866fc5f9d36445956cbdfa.jpg,JPEG,224,224,1.0,0.59901362657547,0.5944368243217468,0.42827650904655457,287e695736cb6c166f9f09051155cd67
Matang,Master_Dataset\Matang\DS1_C3_889_jpg.rf.93407fb676e92b92b7ee86cc3da7e031.jpg,DS1_C3_889_jpg.rf.93407fb676e92b92b7ee86cc3da7e031.jpg,JPEG,224,224,1.0,0.411792516708374,0.39040490984916687,0.24189969897270203,4c80e0d642086c82872be9595c7fad9d
Matang,Master_Dataset\Matang\DS1_C3_890_jpg.rf.3bb5d6420e8c0d4a58d09bae71586d18.jpg,DS1_C3_890_jpg.rf.3bb5d6420e8c0d4a58d09bae71586d18.jpg,JPEG,224,224,1.0,0.5155766606330872,0.5186652541160583,0.3391655683517456,b2557b73511c4fd7b4d8f4c27223b412
Matang,Master_Dataset\Matang\DS1_C3_891_jpg.rf.64707449425308026660350d78dfef8b.jpg,DS1_C3_891_jpg.rf.64707449425308026660350d78dfef8b.jpg,JPEG,224,224,1.0,0.4693377614021301,0.4533421993255615,0.32464924454689026,0df18716e72c6b0b89558e2a6e682f5f
Matang,Master_Dataset\Matang\DS1_C3_892_jpg.rf.96a230ba84da5f0672da3e61d28c46e6.jpg,DS1_C3_892_jpg.rf.96a230ba84da5f0672da3e61d28c46e6.jpg,JPEG,224,224,1.0,0.5887486338615417,0.5410822629928589,0.47556552290916443,25563278f498fb4ff193dfdef54d409d
Matang,Master_Dataset\Matang\DS1_C3_893_jpg.rf.203f28eaeb6a31d63f763eb1ecddae9b.jpg,DS1_C3_893_jpg.rf.203f28eaeb6a31d63f763eb1ecddae9b.jpg,JPEG,224,224,1.0,0.45542052388191223,0.47046470642089844,0.3670334815979004,a60295412b2eda170c5e1163915d2bc5
Matang,Master_Dataset\Matang\DS1_C3_894_jpg.rf.02122e09d634946914a419085ce38958.jpg,DS1_C3_894_jpg.rf.02122e09d634946914a419085ce38958.jpg,JPEG,224,224,1.0,0.45480409264564514,0.46134498715400696,0.30615755915641785,c401749d6aec5a38ba09d85053039f68
Matang,Master_Dataset\Matang\DS1_C3_895_jpg.rf.88b6a6304364810f2cd139c6c2ffd52d.jpg,DS1_C3_895_jpg.rf.88b6a6304364810f2cd139c6c2ffd52d.jpg,JPEG,224,224,1.0,0.5297632217407227,0.532872200012207,0.43460163474082947,762d6fc1bf4400c1f3df72fd11212fe0
Matang,Master_Dataset\Matang\DS1_C3_896_jpg.rf.3172fb12c575f4dcb9fb561a12ce3f57.jpg,DS1_C3_896_jpg.rf.3172fb12c575f4dcb9fb561a12ce3f57.jpg,JPEG,224,224,1.0,0.5458976030349731,0.524654746055603,0.42686232924461365,67d85f51eb8663619015f2d2ff62f104
Matang,Master_Dataset\Matang\DS1_C3_897_jpg.rf.b8fb3f9684e41a0df77dfcd6e8dcb165.jpg,DS1_C3_897_jpg.rf.b8fb3f9684e41a0df77dfcd6e8dcb165.jpg,JPEG,224,224,1.0,0.43675243854522705,0.4322117865085602,0.37531399726867676,2dfb1911eec77404398f87caf5519bfb
Matang,Master_Dataset\Matang\DS1_C3_898_jpg.rf.37377504fea2f92a3b1b5d35324ba2b6.jpg,DS1_C3_898_jpg.rf.37377504fea2f92a3b1b5d35324ba2b6.jpg,JPEG,224,224,1.0,0.5104360580444336,0.530422031879425,0.3510826826095581,3ef2a54c49bbf8d28317ddcc9b0d1a8b
Matang,Master_Dataset\Matang\DS1_C3_899_jpg.rf.37afed37f3d6b94a9dbf741c2eba437c.jpg,DS1_C3_899_jpg.rf.37afed37f3d6b94a9dbf741c2eba437c.jpg,JPEG,224,224,1.0,0.3960573673248291,0.48036617040634155,0.18588624894618988,61d8217266a738e8655a85e0c4af2c72
Matang,Master_Dataset\Matang\DS1_C3_900_jpg.rf.5854546a2e2cca5608e209e9c483c3d2.jpg,DS1_C3_900_jpg.rf.5854546a2e2cca5608e209e9c483c3d2.jpg,JPEG,224,224,1.0,0.45621350407600403,0.44057077169418335,0.36642515659332275,169da599fdf4de9cfff66a6cd01787ed
Matang,Master_Dataset\Matang\DS1_C3_901_jpg.rf.6ac140fb25084235406e7cde6ef149d9.jpg,DS1_C3_901_jpg.rf.6ac140fb25084235406e7cde6ef149d9.jpg,JPEG,224,224,1.0,0.4665432274341583,0.4723837375640869,0.3827815353870392,e65efd005269dc68459b7dd7a36d86ec
Matang,Master_Dataset\Matang\DS1_C3_902_jpg.rf.db1e7f4e265f8d02cdddcc9c4aac40c0.jpg,DS1_C3_902_jpg.rf.db1e7f4e265f8d02cdddcc9c4aac40c0.jpg,JPEG,224,224,1.0,0.4970911145210266,0.4750090539455414,0.45801740884780884,d7b0bf97dc5a0b613690c35eec9f967c
Matang,Master_Dataset\Matang\DS1_C3_903_jpg.rf.38a1c93eb2b87ac4593a21169fe7a537.jpg,DS1_C3_903_jpg.rf.38a1c93eb2b87ac4593a21169fe7a537.jpg,JPEG,224,224,1.0,0.5135861039161682,0.4775058627128601,0.2900654375553131,6bbf873ccafbb17ca09298ccda1bd70d
Matang,Master_Dataset\Matang\DS1_C3_904_jpg.rf.f285b18d4e28544f8e704b373824d01d.jpg,DS1_C3_904_jpg.rf.f285b18d4e28544f8e704b373824d01d.jpg,JPEG,224,224,1.0,0.44673675298690796,0.4305731952190399,0.2774127423763275,9f0e6aa5659552a5587192d636b2350d
Matang,Master_Dataset\Matang\DS1_C3_905_jpg.rf.3a354a24d541f047dcd5a5e70d60dfc0.jpg,DS1_C3_905_jpg.rf.3a354a24d541f047dcd5a5e70d60dfc0.jpg,JPEG,224,224,1.0,0.4782080352306366,0.4936332702636719,0.3347891867160797,d78df01c7c47e097c4de4ef32d80bc84
Matang,Master_Dataset\Matang\DS1_C3_906_jpg.rf.8d94ee6f4023c0a70e7558c23b1535e2.jpg,DS1_C3_906_jpg.rf.8d94ee6f4023c0a70e7558c23b1535e2.jpg,JPEG,224,224,1.0,0.47773972153663635,0.4294281601905823,0.3377593457698822,41afcbff337d3dc1e1bfbd520ada0510
Matang,Master_Dataset\Matang\DS1_C3_907_jpg.rf.e5c73393e1b7248dc162d257aff3f48a.jpg,DS1_C3_907_jpg.rf.e5c73393e1b7248dc162d257aff3f48a.jpg,JPEG,224,224,1.0,0.4326893091201782,0.4672303795814514,0.3678071200847626,6154f0cfc8a07596ab37cad060dc2820
Matang,Master_Dataset\Matang\DS1_C3_908_jpg.rf.c31106553641d5127bcc4e3996101a4a.jpg,DS1_C3_908_jpg.rf.c31106553641d5127bcc4e3996101a4a.jpg,JPEG,224,224,1.0,0.5201789736747742,0.4984942376613617,0.4837234318256378,5435320d7c676ebcfc24ed5638d0c762
Matang,Master_Dataset\Matang\DS1_C3_909_jpg.rf.72ea6f85c78a2f5e3e61232d298a8899.jpg,DS1_C3_909_jpg.rf.72ea6f85c78a2f5e3e61232d298a8899.jpg,JPEG,224,224,1.0,0.4328427314758301,0.40257322788238525,0.36237603425979614,739ccb3329c1b040d8a1fa1d5291b1c7
Matang,Master_Dataset\Matang\DS1_C3_910_jpg.rf.f1f2efc10435d7eae79921dc812396bb.jpg,DS1_C3_910_jpg.rf.f1f2efc10435d7eae79921dc812396bb.jpg,JPEG,224,224,1.0,0.4986867904663086,0.49498435854911804,0.4241544008255005,f9242a1a3120ae1e16d6bb286061d90c
Matang,Master_Dataset\Matang\DS1_C3_911_jpg.rf.450aa028182bf905593828a391ff6c8c.jpg,DS1_C3_911_jpg.rf.450aa028182bf905593828a391ff6c8c.jpg,JPEG,224,224,1.0,0.5031384229660034,0.5013734698295593,0.39117947220802307,0a4dbb54df4cac9a5437caa00cf22cc7
Matang,Master_Dataset\Matang\DS1_C3_912_jpg.rf.0781a0f6adaf8d733dead8f9f562dc22.jpg,DS1_C3_912_jpg.rf.0781a0f6adaf8d733dead8f9f562dc22.jpg,JPEG,224,224,1.0,0.47760164737701416,0.4689144790172577,0.3670904040336609,eaaae206ba23f20bbfbca70d17c36229
Matang,Master_Dataset\Matang\DS1_C3_913_jpg.rf.141ac6a2d29ee172ae7cd1905cc67047.jpg,DS1_C3_913_jpg.rf.141ac6a2d29ee172ae7cd1905cc67047.jpg,JPEG,224,224,1.0,0.467847615480423,0.4381949305534363,0.38665449619293213,15ad75c1e827a0bf85020adb909d6d24
Matang,Master_Dataset\Matang\DS1_C3_914_jpg.rf.41641e58cbb012cf555532b60a5b1012.jpg,DS1_C3_914_jpg.rf.41641e58cbb012cf555532b60a5b1012.jpg,JPEG,224,224,1.0,0.46569693088531494,0.450751930475235,0.23586329817771912,c450622b81d863020a96a4381b6db20c
Matang,Master_Dataset\Matang\DS1_C3_915_jpg.rf.de75bb7e8f0d6232b2dbab46c1b4edd1.jpg,DS1_C3_915_jpg.rf.de75bb7e8f0d6232b2dbab46c1b4edd1.jpg,JPEG,224,224,1.0,0.4836030900478363,0.4998701810836792,0.28207942843437195,fbaa31cac4fd6b50e1f1ab8e565bced9
Matang,Master_Dataset\Matang\DS1_C3_916_jpg.rf.83d7b05be92880a257bbbba0659af77b.jpg,DS1_C3_916_jpg.rf.83d7b05be92880a257bbbba0659af77b.jpg,JPEG,224,224,1.0,0.4121384620666504,0.45416387915611267,0.26638734340667725,552bada9c608b7ef99a2fdf3d5499b03
Matang,Master_Dataset\Matang\DS1_C3_917_jpg.rf.ce9c0bb5b165b55d429ec5d0c6901846.jpg,DS1_C3_917_jpg.rf.ce9c0bb5b165b55d429ec5d0c6901846.jpg,JPEG,224,224,1.0,0.6597221493721008,0.6131296157836914,0.4587724506855011,1804a934f529cd248a4fdb1f49ad345e
Matang,Master_Dataset\Matang\DS1_C3_918_jpg.rf.606b539a2422a0c0b00ac2e06b6c81fa.jpg,DS1_C3_918_jpg.rf.606b539a2422a0c0b00ac2e06b6c81fa.jpg,JPEG,224,224,1.0,0.4351990222930908,0.45461586117744446,0.2949258089065552,202d9338d2d9a215976dc78503f5e75b
Matang,Master_Dataset\Matang\DS1_C3_919_jpg.rf.325776d080219ce215a0af3c658f4789.jpg,DS1_C3_919_jpg.rf.325776d080219ce215a0af3c658f4789.jpg,JPEG,224,224,1.0,0.4596940577030182,0.4613554775714874,0.330810546875,20f3b8bbe8c974c65bd746ff62a54cd5
Matang,Master_Dataset\Matang\DS1_C3_920_jpg.rf.1134cf543ce71790864de0c98e1038c2.jpg,DS1_C3_920_jpg.rf.1134cf543ce71790864de0c98e1038c2.jpg,JPEG,224,224,1.0,0.5514664053916931,0.47868430614471436,0.3267263174057007,02fb13703c30e5e8792b10126dc5ef72
Matang,Master_Dataset\Matang\DS1_C3_921_jpg.rf.4a90a5ac4bd8c9d792a33eb6dbea3934.jpg,DS1_C3_921_jpg.rf.4a90a5ac4bd8c9d792a33eb6dbea3934.jpg,JPEG,224,224,1.0,0.44513076543807983,0.43149352073669434,0.3791266977787018,9d9318b9082ff866789b61dc976d2a95
Matang,Master_Dataset\Matang\DS1_C3_922_jpg.rf.2a4568979fd93cf90480fece5c639304.jpg,DS1_C3_922_jpg.rf.2a4568979fd93cf90480fece5c639304.jpg,JPEG,224,224,1.0,0.536014199256897,0.5172851085662842,0.31621596217155457,66a5747318f747697b9640cbf6b7f93a
Matang,Master_Dataset\Matang\DS1_C3_923_jpg.rf.ffea32709e94b6e20b7616e3d46bec33.jpg,DS1_C3_923_jpg.rf.ffea32709e94b6e20b7616e3d46bec33.jpg,JPEG,224,224,1.0,0.48838672041893005,0.44327855110168457,0.30689507722854614,ae02e393dd27618209005b988190bfc4
Matang,Master_Dataset\Matang\DS1_C3_924_jpg.rf.94dbc74a347a61741d39f5b315243005.jpg,DS1_C3_924_jpg.rf.94dbc74a347a61741d39f5b315243005.jpg,JPEG,224,224,1.0,0.5446955561637878,0.5269985198974609,0.3107742667198181,3069770141ecc34ffeb302aca573210c
Matang,Master_Dataset\Matang\DS1_C3_925_jpg.rf.279e6c65c8e354d01926dd0470295084.jpg,DS1_C3_925_jpg.rf.279e6c65c8e354d01926dd0470295084.jpg,JPEG,224,224,1.0,0.47892919182777405,0.4260669946670532,0.2716127336025238,520565a62d098b3ce7dc3d8c89970176
Matang,Master_Dataset\Matang\DS1_C3_926_jpg.rf.b68d73dd1dcd0ecb82d65f4475dadc65.jpg,DS1_C3_926_jpg.rf.b68d73dd1dcd0ecb82d65f4475dadc65.jpg,JPEG,224,224,1.0,0.3874149024486542,0.4371802508831024,0.2718392014503479,6f97b4c90f74b72b2511aaf03b338faa
Matang,Master_Dataset\Matang\DS1_C3_927_jpg.rf.26af198d62f3a65a14d922320b482400.jpg,DS1_C3_927_jpg.rf.26af198d62f3a65a14d922320b482400.jpg,JPEG,224,224,1.0,0.4479389786720276,0.4644071161746979,0.3014766275882721,1d55d5355f88a3dd7b259533d649c500
Matang,Master_Dataset\Matang\DS1_C3_928_jpg.rf.7c9a266d31511633aa5f03191c145c5d.jpg,DS1_C3_928_jpg.rf.7c9a266d31511633aa5f03191c145c5d.jpg,JPEG,224,224,1.0,0.4807685911655426,0.46690434217453003,0.3959178030490875,2b0a8c80cadb062a48db9ed6a479d874
Matang,Master_Dataset\Matang\DS1_C3_929_jpg.rf.c4ea295ecc5d55bd620790be8ae52f26.jpg,DS1_C3_929_jpg.rf.c4ea295ecc5d55bd620790be8ae52f26.jpg,JPEG,224,224,1.0,0.5236234068870544,0.5546960830688477,0.3539966642856598,af37dbc957a5798d6dc9ff147b591848
Matang,Master_Dataset\Matang\DS1_C3_930_jpg.rf.f044d683574cf8312fea2faa40f28a9f.jpg,DS1_C3_930_jpg.rf.f044d683574cf8312fea2faa40f28a9f.jpg,JPEG,224,224,1.0,0.4706345498561859,0.4697114825248718,0.40130043029785156,40679cf1a32033c76a89832d1db3f2c0
Matang,Master_Dataset\Matang\DS1_C3_931_jpg.rf.5f39c6fb2e0a1f6adc247559495db7a7.jpg,DS1_C3_931_jpg.rf.5f39c6fb2e0a1f6adc247559495db7a7.jpg,JPEG,224,224,1.0,0.5850000977516174,0.567156970500946,0.5237463712692261,ac25ac99d7429b6206e498082758a5a1
Matang,Master_Dataset\Matang\DS1_C3_932_jpg.rf.49de8c79da5b83444ecfbb0b422ea3e2.jpg,DS1_C3_932_jpg.rf.49de8c79da5b83444ecfbb0b422ea3e2.jpg,JPEG,224,224,1.0,0.5234367847442627,0.5175637006759644,0.36789846420288086,90ecdb12ba9bf93b1d779399746d9796
Matang,Master_Dataset\Matang\DS1_C3_933_jpg.rf.b2576da562820dc4fb70b5cc08a8cd13.jpg,DS1_C3_933_jpg.rf.b2576da562820dc4fb70b5cc08a8cd13.jpg,JPEG,224,224,1.0,0.5222107172012329,0.4830629229545593,0.4280831813812256,3fc4c3c1965c77f1bf4e9f618815c617
Matang,Master_Dataset\Matang\DS1_C3_934_jpg.rf.97f181bc7e9ca7a924570a8fc62f1fea.jpg,DS1_C3_934_jpg.rf.97f181bc7e9ca7a924570a8fc62f1fea.jpg,JPEG,224,224,1.0,0.41248974204063416,0.4263974726200104,0.3112849295139313,e71c9b68ee5fea117f26be745904fbd5
Matang,Master_Dataset\Matang\DS1_C3_935_jpg.rf.0594623d986b264e351967ec180e0a70.jpg,DS1_C3_935_jpg.rf.0594623d986b264e351967ec180e0a70.jpg,JPEG,224,224,1.0,0.43793293833732605,0.460722953081131,0.33487606048583984,cd24aeda49e4f1a8cd73b3d2f39aca39
Matang,Master_Dataset\Matang\DS1_C3_936_jpg.rf.5e63575c8fe857267b69bbb1b54eb10d.jpg,DS1_C3_936_jpg.rf.5e63575c8fe857267b69bbb1b54eb10d.jpg,JPEG,224,224,1.0,0.49721774458885193,0.47967633605003357,0.36501795053482056,6f2e71671946b3cffa7e9f43155ef56b
Matang,Master_Dataset\Matang\DS1_C3_937_jpg.rf.58c7f0fc610a924dcb4d9dafc12f4d9c.jpg,DS1_C3_937_jpg.rf.58c7f0fc610a924dcb4d9dafc12f4d9c.jpg,JPEG,224,224,1.0,0.44886359572410583,0.43194252252578735,0.3855040967464447,38bebdd0c3df5a0331212f151db9da06
Matang,Master_Dataset\Matang\DS1_C3_938_jpg.rf.196766484a15e2abb9d5f034993932a1.jpg,DS1_C3_938_jpg.rf.196766484a15e2abb9d5f034993932a1.jpg,JPEG,224,224,1.0,0.5035240650177002,0.4480581283569336,0.26521703600883484,9a82768d3da80e026f284aa71d47a174
Matang,Master_Dataset\Matang\DS1_C3_939_jpg.rf.00d19c0f87f5e017ddd554c07bf6908a.jpg,DS1_C3_939_jpg.rf.00d19c0f87f5e017ddd554c07bf6908a.jpg,JPEG,224,224,1.0,0.48336347937583923,0.47342947125434875,0.37177151441574097,0cb29df4862ecdcae7d0d0c9fc36d07c
Matang,Master_Dataset\Matang\DS1_C3_940_jpg.rf.8764d095be9abd05ed15a6f121ec766e.jpg,DS1_C3_940_jpg.rf.8764d095be9abd05ed15a6f121ec766e.jpg,JPEG,224,224,1.0,0.43262213468551636,0.4626425504684448,0.3088299632072449,81f8b716b579f1c7b4583b7680408adb
Matang,Master_Dataset\Matang\DS1_C3_941_jpg.rf.01dec55cbc59245b774e06f767672f72.jpg,DS1_C3_941_jpg.rf.01dec55cbc59245b774e06f767672f72.jpg,JPEG,224,224,1.0,0.421773225069046,0.47285982966423035,0.30118322372436523,8beda5c974c2b6906d2e07fc2c477663
Matang,Master_Dataset\Matang\DS1_C3_942_jpg.rf.ab7489eef26ea94a5cf0d664d4ca0846.jpg,DS1_C3_942_jpg.rf.ab7489eef26ea94a5cf0d664d4ca0846.jpg,JPEG,224,224,1.0,0.5254625678062439,0.5061994791030884,0.5077127814292908,c64acf56cdb6a6d3acb2e0cae81f59df
Matang,Master_Dataset\Matang\DS1_C3_943_jpg.rf.8fd225c952a7e58ee7cd97d4d577e1d3.jpg,DS1_C3_943_jpg.rf.8fd225c952a7e58ee7cd97d4d577e1d3.jpg,JPEG,224,224,1.0,0.4850955009460449,0.4307778477668762,0.26872366666793823,d45271c96948e67f758303f9261c3a54
Matang,Master_Dataset\Matang\DS1_C3_944_jpg.rf.0d67ff37ac1b1ccc3d43e91e65fe00cb.jpg,DS1_C3_944_jpg.rf.0d67ff37ac1b1ccc3d43e91e65fe00cb.jpg,JPEG,224,224,1.0,0.4951193928718567,0.4655323028564453,0.3209826648235321,5718a20f560ec8cab6c5ba3ad1b939d0
Matang,Master_Dataset\Matang\DS1_C3_945_jpg.rf.6f2b1f04409a53a945d9255f7c7035b6.jpg,DS1_C3_945_jpg.rf.6f2b1f04409a53a945d9255f7c7035b6.jpg,JPEG,224,224,1.0,0.5050560832023621,0.46616217494010925,0.311704158782959,a443152f6576a29fc7cd3cf3cd13d2ba
Matang,Master_Dataset\Matang\DS1_C3_946_jpg.rf.2c64f769afdad4fb4abf400770884367.jpg,DS1_C3_946_jpg.rf.2c64f769afdad4fb4abf400770884367.jpg,JPEG,224,224,1.0,0.5763602256774902,0.57200688123703,0.35610824823379517,6bcf0b869149189bb3fcdb22cdc43600
Matang,Master_Dataset\Matang\DS1_C3_947_jpg.rf.b3bab4505ae9607add1ec5d7a493dbee.jpg,DS1_C3_947_jpg.rf.b3bab4505ae9607add1ec5d7a493dbee.jpg,JPEG,224,224,1.0,0.45287570357322693,0.46701887249946594,0.3914892375469208,25af3ae41fe69fe50867c1a6ecc992b4
Matang,Master_Dataset\Matang\DS1_C3_948_jpg.rf.b7d58506868bccb34f802382cee7ff16.jpg,DS1_C3_948_jpg.rf.b7d58506868bccb34f802382cee7ff16.jpg,JPEG,224,224,1.0,0.4673154950141907,0.4552929699420929,0.3875241279602051,e67ac30d98e140bd6e6df04af0102841
Matang,Master_Dataset\Matang\DS1_C3_949_jpg.rf.2d28661d4715964038451e2f46480076.jpg,DS1_C3_949_jpg.rf.2d28661d4715964038451e2f46480076.jpg,JPEG,224,224,1.0,0.5336142182350159,0.5465382933616638,0.3730836808681488,2f531a318b5c1456cebe5a5623880db4
Matang,Master_Dataset\Matang\DS1_C3_950_jpg.rf.63e268386361cd3ba36a92159a57eb3c.jpg,DS1_C3_950_jpg.rf.63e268386361cd3ba36a92159a57eb3c.jpg,JPEG,224,224,1.0,0.49924436211586,0.4725067913532257,0.42001157999038696,e852bcb49e33d3c1cccdb0d7106f3464
Matang,Master_Dataset\Matang\DS1_C3_951_jpg.rf.fea36423afb19218643c7e8ca38f8af4.jpg,DS1_C3_951_jpg.rf.fea36423afb19218643c7e8ca38f8af4.jpg,JPEG,224,224,1.0,0.4666885733604431,0.4564599096775055,0.38075998425483704,eeda6f6778d5a84c3af416a4557ff6f5
Matang,Master_Dataset\Matang\DS1_C3_952_jpg.rf.4e812991e9a710b18d4b079b1f222f2a.jpg,DS1_C3_952_jpg.rf.4e812991e9a710b18d4b079b1f222f2a.jpg,JPEG,224,224,1.0,0.533994734287262,0.4942740797996521,0.3694719970226288,78773aa615450ee93e55db26ffed629e
Matang,Master_Dataset\Matang\DS1_C3_953_jpg.rf.356777b5805a7e1b4e4658d8f521ebbc.jpg,DS1_C3_953_jpg.rf.356777b5805a7e1b4e4658d8f521ebbc.jpg,JPEG,224,224,1.0,0.43108177185058594,0.5096642374992371,0.29197952151298523,7daf1660fd474fece1b0d2a2a01b42f9
Matang,Master_Dataset\Matang\DS1_C3_954_jpg.rf.44cfd1df6fa78febd31e59ca29e20941.jpg,DS1_C3_954_jpg.rf.44cfd1df6fa78febd31e59ca29e20941.jpg,JPEG,224,224,1.0,0.46595731377601624,0.4850885272026062,0.3628716766834259,a729b555a98f689dbb8d9a24daf710f3
Matang,Master_Dataset\Matang\DS1_C3_955_jpg.rf.3b6df4b99d3de6eed825d6c39d82dbb4.jpg,DS1_C3_955_jpg.rf.3b6df4b99d3de6eed825d6c39d82dbb4.jpg,JPEG,224,224,1.0,0.5356537103652954,0.5066575407981873,0.39279401302337646,38e48ec73dedfd8e8562617ed343d0f5
Matang,Master_Dataset\Matang\DS1_C3_956_jpg.rf.f82372a4336f9b0d5a4115e1c64605e6.jpg,DS1_C3_956_jpg.rf.f82372a4336f9b0d5a4115e1c64605e6.jpg,JPEG,224,224,1.0,0.5031382441520691,0.48882442712783813,0.44881826639175415,a6feeab5b3476735a744267b5df1b272
Matang,Master_Dataset\Matang\DS1_C3_957_jpg.rf.94e60db714dd2e26ee34006cb304ac02.jpg,DS1_C3_957_jpg.rf.94e60db714dd2e26ee34006cb304ac02.jpg,JPEG,224,224,1.0,0.5334709882736206,0.5014393329620361,0.3480047583580017,0a9dc8f76c1374dd340bed1a0bbc4daf
Matang,Master_Dataset\Matang\DS1_C3_958_jpg.rf.573f2ff0a5dae594b7e731d312acceea.jpg,DS1_C3_958_jpg.rf.573f2ff0a5dae594b7e731d312acceea.jpg,JPEG,224,224,1.0,0.48010849952697754,0.4860713481903076,0.36673504114151,71a9ccd52a95cbf5da6274db9184cb99
Matang,Master_Dataset\Matang\DS1_C3_959_jpg.rf.e33af5e68a266c1ccd7ccfde12cfbc9b.jpg,DS1_C3_959_jpg.rf.e33af5e68a266c1ccd7ccfde12cfbc9b.jpg,JPEG,224,224,1.0,0.5063858032226562,0.5016783475875854,0.39794600009918213,f3c46bf511295f76d49746c091659ee4
Matang,Master_Dataset\Matang\DS1_C3_960_jpg.rf.d9690556d9845b159f87a3cff010af16.jpg,DS1_C3_960_jpg.rf.d9690556d9845b159f87a3cff010af16.jpg,JPEG,224,224,1.0,0.39756348729133606,0.403076708316803,0.2829006314277649,d3504f3949ea02bda6ae905ba8e9ab72
Matang,Master_Dataset\Matang\DS1_C3_961_jpg.rf.8556f4756a99950797a32864df891311.jpg,DS1_C3_961_jpg.rf.8556f4756a99950797a32864df891311.jpg,JPEG,224,224,1.0,0.5392028093338013,0.5283046364784241,0.39917901158332825,fe975927d3eba6f7b9de26a1c17974ae
Matang,Master_Dataset\Matang\DS1_C3_962_jpg.rf.446eadde70d16cf6fa3988994c85c468.jpg,DS1_C3_962_jpg.rf.446eadde70d16cf6fa3988994c85c468.jpg,JPEG,224,224,1.0,0.555728018283844,0.5860934257507324,0.4895865023136139,ac3662965a13de23f31be8c2aa16d49e
Matang,Master_Dataset\Matang\DS1_C3_963_jpg.rf.ad0974a0387d785769500fb9735cd36a.jpg,DS1_C3_963_jpg.rf.ad0974a0387d785769500fb9735cd36a.jpg,JPEG,224,224,1.0,0.4321965277194977,0.45645758509635925,0.32444342970848083,5602bff234666139e276191515439145
Matang,Master_Dataset\Matang\DS1_C3_964_jpg.rf.df1ed541384a4aaf33563dc39012baaa.jpg,DS1_C3_964_jpg.rf.df1ed541384a4aaf33563dc39012baaa.jpg,JPEG,224,224,1.0,0.41057705879211426,0.4900836646556854,0.28331851959228516,3053a89f239f80c49c1dcba7bbf9a92a
Matang,Master_Dataset\Matang\DS1_C3_965_jpg.rf.b869add3804a27dd80070d0b01ad475c.jpg,DS1_C3_965_jpg.rf.b869add3804a27dd80070d0b01ad475c.jpg,JPEG,224,224,1.0,0.49169376492500305,0.4772379696369171,0.430961549282074,37c14a211d2f082afc2c86f4c9c2a2bb
Matang,Master_Dataset\Matang\DS1_C3_966_jpg.rf.b1e500235ba534ce31ae03ac43762ecd.jpg,DS1_C3_966_jpg.rf.b1e500235ba534ce31ae03ac43762ecd.jpg,JPEG,224,224,1.0,0.46036654710769653,0.48624008893966675,0.285310298204422,5451a02d605bdb29eac0c399d542d0da
Matang,Master_Dataset\Matang\DS1_C3_967_jpg.rf.b6e082fbaa17d3a3759dc76cc4c36aa5.jpg,DS1_C3_967_jpg.rf.b6e082fbaa17d3a3759dc76cc4c36aa5.jpg,JPEG,224,224,1.0,0.387725293636322,0.3572671115398407,0.29506608843803406,db7b1645c879dbead348538c71c55e2d
Matang,Master_Dataset\Matang\DS1_C3_968_jpg.rf.ed598ceeb012dd73b2a39bb022c092fe.jpg,DS1_C3_968_jpg.rf.ed598ceeb012dd73b2a39bb022c092fe.jpg,JPEG,224,224,1.0,0.5342657566070557,0.5111314058303833,0.498482882976532,20fce272910b17b3804f13d28ce53e83
Matang,Master_Dataset\Matang\DS1_C3_969_jpg.rf.23a03c321b475e7fcbca6b1001f9be84.jpg,DS1_C3_969_jpg.rf.23a03c321b475e7fcbca6b1001f9be84.jpg,JPEG,224,224,1.0,0.5103570818901062,0.5177953839302063,0.36240851879119873,8d06b5b82b939487a6f2a12878e2ebc0
Matang,Master_Dataset\Matang\DS1_C3_970_jpg.rf.e6c507754e07b89854843291bee65ca7.jpg,DS1_C3_970_jpg.rf.e6c507754e07b89854843291bee65ca7.jpg,JPEG,224,224,1.0,0.5215050578117371,0.48247039318084717,0.32008254528045654,84e6c03f084a8e1c1ea5f7389cbce261
Matang,Master_Dataset\Matang\DS1_C3_971_jpg.rf.958b01c78dc827abbfec3f225ef9b7fe.jpg,DS1_C3_971_jpg.rf.958b01c78dc827abbfec3f225ef9b7fe.jpg,JPEG,224,224,1.0,0.5025484561920166,0.5094452500343323,0.40520375967025757,13c28c4a2bd75d1d73bd126602e70aba
Matang,Master_Dataset\Matang\DS1_C3_972_jpg.rf.73a1f1573aa6d157d2fcb3c7fb72ac49.jpg,DS1_C3_972_jpg.rf.73a1f1573aa6d157d2fcb3c7fb72ac49.jpg,JPEG,224,224,1.0,0.36594176292419434,0.38485246896743774,0.2704024612903595,a3131b6815b63960fc38d06c949ac51a
Matang,Master_Dataset\Matang\DS1_C3_973_jpg.rf.643eb6aec8e18ef38e70d228a7bc3a00.jpg,DS1_C3_973_jpg.rf.643eb6aec8e18ef38e70d228a7bc3a00.jpg,JPEG,224,224,1.0,0.5047509074211121,0.5088369846343994,0.39677566289901733,d0c6d0018fc3277fa2985d859a9f2aef
Matang,Master_Dataset\Matang\DS1_C3_974_jpg.rf.0d91c0f6874cf10aa69c3c6a68087c22.jpg,DS1_C3_974_jpg.rf.0d91c0f6874cf10aa69c3c6a68087c22.jpg,JPEG,224,224,1.0,0.5285276174545288,0.5186842083930969,0.3994041681289673,5e05dbc9ce41e6095c72e2c2f020a521
Matang,Master_Dataset\Matang\DS1_C3_975_jpg.rf.a272f70adc31a85672e2ec577c890cc5.jpg,DS1_C3_975_jpg.rf.a272f70adc31a85672e2ec577c890cc5.jpg,JPEG,224,224,1.0,0.41048160195350647,0.4085042476654053,0.37195098400115967,5d2a5b9081f0177e32968dc7397f6387
Matang,Master_Dataset\Matang\DS1_C3_976_jpg.rf.cc40c05aaa769ae2e0bc248af4a9927f.jpg,DS1_C3_976_jpg.rf.cc40c05aaa769ae2e0bc248af4a9927f.jpg,JPEG,224,224,1.0,0.4793204665184021,0.4403062164783478,0.2567918598651886,a145cb941bb069596437ad04bbf0d370
Matang,Master_Dataset\Matang\DS1_C3_977_jpg.rf.f739e243e7df141a44a0c0d2a085070d.jpg,DS1_C3_977_jpg.rf.f739e243e7df141a44a0c0d2a085070d.jpg,JPEG,224,224,1.0,0.37978091835975647,0.43354499340057373,0.28406867384910583,0a2edfccc48c16372e82fb3df0a0ad08
Matang,Master_Dataset\Matang\DS1_C3_978_jpg.rf.3d2898dab1daeb4c8cdd0ed60f89990c.jpg,DS1_C3_978_jpg.rf.3d2898dab1daeb4c8cdd0ed60f89990c.jpg,JPEG,224,224,1.0,0.4155702292919159,0.4299980401992798,0.3098774552345276,3fa5003454cf00a7fafc927ecd2f2f42
Matang,Master_Dataset\Matang\DS1_C3_979_jpg.rf.d528860d9f12ca677fb9c063aa24aaf7.jpg,DS1_C3_979_jpg.rf.d528860d9f12ca677fb9c063aa24aaf7.jpg,JPEG,224,224,1.0,0.4768953323364258,0.48998817801475525,0.3832360506057739,484dd092c45571095abea7ec5385a32c
Matang,Master_Dataset\Matang\DS1_C3_980_jpg.rf.6e60eddbc00424da03ad64b290d8e97a.jpg,DS1_C3_980_jpg.rf.6e60eddbc00424da03ad64b290d8e97a.jpg,JPEG,224,224,1.0,0.513158917427063,0.5247147679328918,0.3231711685657501,e44bdda34e5aacc8a05508699736dfe7
Matang,Master_Dataset\Matang\DS1_C3_981_jpg.rf.820148e0654a1f0d52b233d05bd5b69a.jpg,DS1_C3_981_jpg.rf.820148e0654a1f0d52b233d05bd5b69a.jpg,JPEG,224,224,1.0,0.4652983844280243,0.46527642011642456,0.3622082769870758,daa3da657d7cda1b584faaeb8d713b03
Matang,Master_Dataset\Matang\DS1_C3_982_jpg.rf.aedb776c52e0b4300524a5e0cbac59db.jpg,DS1_C3_982_jpg.rf.aedb776c52e0b4300524a5e0cbac59db.jpg,JPEG,224,224,1.0,0.4916456341743469,0.5003368258476257,0.37579673528671265,75ab32f7329365f361890baeca70a860
Matang,Master_Dataset\Matang\DS1_C3_983_jpg.rf.bda75a9cf4865fc313db9b9e4974cadc.jpg,DS1_C3_983_jpg.rf.bda75a9cf4865fc313db9b9e4974cadc.jpg,JPEG,224,224,1.0,0.4572181701660156,0.42763757705688477,0.346768319606781,aa0835e666a52e992aa0239be43334ac
Matang,Master_Dataset\Matang\DS1_C3_984_jpg.rf.ce0d1eeac86c8a19fc2f8795ded8d225.jpg,DS1_C3_984_jpg.rf.ce0d1eeac86c8a19fc2f8795ded8d225.jpg,JPEG,224,224,1.0,0.5402836799621582,0.53291916847229,0.304979532957077,42e1dd183678b40b9b3241ced0b24635
Matang,Master_Dataset\Matang\DS1_C3_985_jpg.rf.6cee6053053161dbed1016d2ba9046f6.jpg,DS1_C3_985_jpg.rf.6cee6053053161dbed1016d2ba9046f6.jpg,JPEG,224,224,1.0,0.6200137734413147,0.5780524015426636,0.4869231581687927,e8092b87a8c3b0d21d4215d50776907f
Matang,Master_Dataset\Matang\DS1_C3_986_jpg.rf.133cd2c44207862ed6f45a059d2645ee.jpg,DS1_C3_986_jpg.rf.133cd2c44207862ed6f45a059d2645ee.jpg,JPEG,224,224,1.0,0.46550992131233215,0.48272061347961426,0.33266347646713257,1ae23cff4cfdda9611e279e0f5d34a05
Matang,Master_Dataset\Matang\DS1_C3_987_jpg.rf.3ba1aa76d98a5852331cc3dce28e0397.jpg,DS1_C3_987_jpg.rf.3ba1aa76d98a5852331cc3dce28e0397.jpg,JPEG,224,224,1.0,0.4185306131839752,0.45495474338531494,0.27314430475234985,60b49c9772067640b922ae4b23adff1c
Matang,Master_Dataset\Matang\DS1_C3_988_jpg.rf.e912b2108c073d00139f603e606f68d9.jpg,DS1_C3_988_jpg.rf.e912b2108c073d00139f603e606f68d9.jpg,JPEG,224,224,1.0,0.5466352105140686,0.5220955014228821,0.4486556947231293,069cef8e83773067c73e635ba8fb0309
Matang,Master_Dataset\Matang\DS1_C3_989_jpg.rf.c6797780abbd38ba4ff9e52cd844132f.jpg,DS1_C3_989_jpg.rf.c6797780abbd38ba4ff9e52cd844132f.jpg,JPEG,224,224,1.0,0.46420830488204956,0.46550896763801575,0.3707873821258545,9cbf1b8688d3127d2b5433243057822c
Matang,Master_Dataset\Matang\DS1_C3_990_jpg.rf.0de4cfd5874f6870c97db1ae8403fcb0.jpg,DS1_C3_990_jpg.rf.0de4cfd5874f6870c97db1ae8403fcb0.jpg,JPEG,224,224,1.0,0.4620276689529419,0.46768489480018616,0.33931711316108704,0fc66bfc4f03214fe266ebec41fdd627
Matang,Master_Dataset\Matang\DS1_C3_991_jpg.rf.7fe79c3c9760a88ad6d6f23777e4b401.jpg,DS1_C3_991_jpg.rf.7fe79c3c9760a88ad6d6f23777e4b401.jpg,JPEG,224,224,1.0,0.5043597221374512,0.5296329259872437,0.45797666907310486,d0b4188af0cb7ddc660f3f193c900bbf
Matang,Master_Dataset\Matang\DS1_C3_992_jpg.rf.f99bdfca4d7b68ff99fa0c14433a80ac.jpg,DS1_C3_992_jpg.rf.f99bdfca4d7b68ff99fa0c14433a80ac.jpg,JPEG,224,224,1.0,0.43631142377853394,0.4321858584880829,0.3289017379283905,0b735d16fc1dfbf944d2c9d310ffb8f0
Matang,Master_Dataset\Matang\DS1_C3_993_jpg.rf.90af5958e5d931c69ea452db64e32b34.jpg,DS1_C3_993_jpg.rf.90af5958e5d931c69ea452db64e32b34.jpg,JPEG,224,224,1.0,0.38729962706565857,0.42613136768341064,0.23290421068668365,5cf517aa9d04d8240162cf49b8e70482
Matang,Master_Dataset\Matang\DS1_C3_994_jpg.rf.79bd7ced9390e044bdff686036357a0f.jpg,DS1_C3_994_jpg.rf.79bd7ced9390e044bdff686036357a0f.jpg,JPEG,224,224,1.0,0.5216898322105408,0.519212007522583,0.38912102580070496,bc7764a52e8fb0337e4e019f2be48365
Matang,Master_Dataset\Matang\DS1_C3_995_jpg.rf.4ad1433570110cf084e1548b5b6c2526.jpg,DS1_C3_995_jpg.rf.4ad1433570110cf084e1548b5b6c2526.jpg,JPEG,224,224,1.0,0.5288143754005432,0.5017858743667603,0.4893642067909241,6207cd46a1e4b90daf21418f075c73e6
Matang,Master_Dataset\Matang\DS1_C3_996_jpg.rf.6581ef906915651dfa8d809885b84ae8.jpg,DS1_C3_996_jpg.rf.6581ef906915651dfa8d809885b84ae8.jpg,JPEG,224,224,1.0,0.5583041310310364,0.5503590703010559,0.4796786904335022,ceeee7e5132d91661dab06da21b1ec10
Matang,Master_Dataset\Matang\DS1_C3_997_jpg.rf.b7f381e118f168680cb267f66040b27e.jpg,DS1_C3_997_jpg.rf.b7f381e118f168680cb267f66040b27e.jpg,JPEG,224,224,1.0,0.34226253628730774,0.33437222242355347,0.3035581111907959,c63fd6918aab214f5c25956e69a401de
Matang,Master_Dataset\Matang\DS1_C3_998_jpg.rf.d6537ee8c1e469882769c14d32b16c67.jpg,DS1_C3_998_jpg.rf.d6537ee8c1e469882769c14d32b16c67.jpg,JPEG,224,224,1.0,0.5220591425895691,0.5058227777481079,0.4295516312122345,cff6e6e6d9b2472b369a5acab56bb130
Matang,Master_Dataset\Matang\DS1_C3_999_jpg.rf.9c262bb640b72fbb69f7ffb9851f5e16.jpg,DS1_C3_999_jpg.rf.9c262bb640b72fbb69f7ffb9851f5e16.jpg,JPEG,224,224,1.0,0.37504762411117554,0.4206031858921051,0.27038654685020447,04384c93efe074353be50d06e5093f1e
Matang,Master_Dataset\Matang\DS2_M1.jpg,DS2_M1.jpg,JPEG,505,505,1.0,0.30076342821121216,0.3807602524757385,0.1588970273733139,5a4a3cb431c417be7a52efab6d31296e
Matang,Master_Dataset\Matang\DS2_M10.jpg,DS2_M10.jpg,JPEG,505,505,1.0,0.27225780487060547,0.2757173478603363,0.25513529777526855,cc106cade97023d23e0f146cc9877389
Matang,Master_Dataset\Matang\DS2_M11.jpg,DS2_M11.jpg,JPEG,505,505,1.0,0.31708765029907227,0.3171917498111725,0.2893860638141632,a0af0d4e4838472ac6e5dd58030ea42b
Matang,Master_Dataset\Matang\DS2_M12.jpg,DS2_M12.jpg,JPEG,505,505,1.0,0.3751513957977295,0.3754100799560547,0.36003023386001587,e622cb4c3db134fd771b118259060f21
Matang,Master_Dataset\Matang\DS2_M13.jpg,DS2_M13.jpg,JPEG,505,505,1.0,0.36434271931648254,0.3555684983730316,0.34937912225723267,e167b1e19c86e358cd4ac2616acc2085
Matang,Master_Dataset\Matang\DS2_M14.jpg,DS2_M14.jpg,JPEG,505,505,1.0,0.40657541155815125,0.4170905649662018,0.38581791520118713,5d4b0d233cca1a7ccda3b3c6ebc387c3
Matang,Master_Dataset\Matang\DS2_M15.jpg,DS2_M15.jpg,JPEG,505,505,1.0,0.3716781437397003,0.37812289595603943,0.34490299224853516,4566b77194e006a609d74e325bb0ec6b
Matang,Master_Dataset\Matang\DS2_M16.jpg,DS2_M16.jpg,JPEG,505,505,1.0,0.37149912118911743,0.38029614090919495,0.353799045085907,c15856a2a355051bbe63024142ca5098
Matang,Master_Dataset\Matang\DS2_M17.jpg,DS2_M17.jpg,JPEG,505,505,1.0,0.3729817867279053,0.3799557685852051,0.3586474657058716,8c42d208fa680ef149e753369216a909
Matang,Master_Dataset\Matang\DS2_M18.jpg,DS2_M18.jpg,JPEG,505,505,1.0,0.3971474766731262,0.3850870430469513,0.3758932650089264,d04c5330154465bf93bc5031aa34daf6
Matang,Master_Dataset\Matang\DS2_M19.jpg,DS2_M19.jpg,JPEG,505,505,1.0,0.4294721782207489,0.4259859323501587,0.4088701903820038,3c3ba79e49f2e772f3808df4c7f2eecc
Matang,Master_Dataset\Matang\DS2_M2.jpg,DS2_M2.jpg,JPEG,505,505,1.0,0.5567949414253235,0.5473089218139648,0.4914689064025879,3fb5d00c969629caff8f80a2585d29f5
Matang,Master_Dataset\Matang\DS2_M20.jpg,DS2_M20.jpg,JPEG,505,505,1.0,0.40462803840637207,0.3947327435016632,0.38312986493110657,f4f2e70832d524690c58713cc78103f3
Matang,Master_Dataset\Matang\DS2_M21.jpg,DS2_M21.jpg,JPEG,505,505,1.0,0.45693016052246094,0.46408119797706604,0.39074644446372986,ca0198b25515caa0eaeac8640ab27cc5
Matang,Master_Dataset\Matang\DS2_M22.jpg,DS2_M22.jpg,JPEG,505,505,1.0,0.24949568510055542,0.3086665868759155,0.14986386895179749,25fdc734d471c8b9fcacf6475b725fae
Matang,Master_Dataset\Matang\DS2_M23.jpg,DS2_M23.jpg,JPEG,505,505,1.0,0.22919438779354095,0.2985624074935913,0.13753628730773926,211c1e9c45c09fc588eeeba49e26e02e
Matang,Master_Dataset\Matang\DS2_M24.jpg,DS2_M24.jpg,JPEG,505,505,1.0,0.2566760182380676,0.33364585041999817,0.13869279623031616,ea5fe81b95d4b68acce165e7b8a4fac8
Matang,Master_Dataset\Matang\DS2_M25.jpg,DS2_M25.jpg,JPEG,505,505,1.0,0.2675701379776001,0.3264356851577759,0.1504591405391693,44ea40e0511f0cbadedf6b2b03908f75
Matang,Master_Dataset\Matang\DS2_M26.jpg,DS2_M26.jpg,JPEG,505,505,1.0,0.2638978064060211,0.32286036014556885,0.13418324291706085,ef3aab2da65de91351a49334b873719c
Matang,Master_Dataset\Matang\DS2_M27.jpg,DS2_M27.jpg,JPEG,505,505,1.0,0.271228164434433,0.3311408460140228,0.13650520145893097,f00378eb9dca34e46c0fd206242ae061
Matang,Master_Dataset\Matang\DS2_M28.jpg,DS2_M28.jpg,JPEG,505,505,1.0,0.2686120867729187,0.32516592741012573,0.15566787123680115,c3dea4bff90e12890e80afd1672603be
Matang,Master_Dataset\Matang\DS2_M29.jpg,DS2_M29.jpg,JPEG,505,505,1.0,0.2615320086479187,0.32094240188598633,0.14458560943603516,d470a867711df860fd802b89c29a5f4d
Matang,Master_Dataset\Matang\DS2_M3.jpg,DS2_M3.jpg,JPEG,505,505,1.0,0.4273775517940521,0.4283032715320587,0.39643949270248413,30f880bdb2a0ad9e1cf951b9bc53d2fb
Matang,Master_Dataset\Matang\DS2_M30.jpg,DS2_M30.jpg,JPEG,505,505,1.0,0.2684992253780365,0.3412967920303345,0.1357928216457367,5645ba0bce7f1939a586a64ae16b9243
Matang,Master_Dataset\Matang\DS2_M31.jpg,DS2_M31.jpg,JPEG,505,505,1.0,0.4272591769695282,0.40074703097343445,0.38904356956481934,e1c4ab502b0fa92d5824b58f8fc2c7ac
Matang,Master_Dataset\Matang\DS2_M32.jpg,DS2_M32.jpg,JPEG,505,505,1.0,0.4492475092411041,0.4218556880950928,0.4041213095188141,860b66c0bb4d846e2b5f4dc6a6fb681c
Matang,Master_Dataset\Matang\DS2_M33.jpg,DS2_M33.jpg,JPEG,505,505,1.0,0.5005919337272644,0.46638405323028564,0.4468856155872345,944fbe34186fbbf32dd481ce29ecff74
Matang,Master_Dataset\Matang\DS2_M34.jpg,DS2_M34.jpg,JPEG,505,505,1.0,0.49654603004455566,0.4657025933265686,0.45068320631980896,f3fc893412036463fda062d40bdf136e
Matang,Master_Dataset\Matang\DS2_M35.jpg,DS2_M35.jpg,JPEG,505,505,1.0,0.3973802924156189,0.37277868390083313,0.3625958561897278,c903e3c83dbe2738c6f2ebaeaf98c4dd
Matang,Master_Dataset\Matang\DS2_M36.jpg,DS2_M36.jpg,JPEG,505,505,1.0,0.43489864468574524,0.40681159496307373,0.3946935534477234,99c519ca6867cd51c68984012fe329de
Matang,Master_Dataset\Matang\DS2_M37.jpg,DS2_M37.jpg,JPEG,505,505,1.0,0.40979599952697754,0.38271191716194153,0.371757447719574,58bedd4f7f55d6cb92c85a912733b90b
Matang,Master_Dataset\Matang\DS2_M38.jpg,DS2_M38.jpg,JPEG,505,505,1.0,0.4097617566585541,0.3947453796863556,0.38563546538352966,a85613232094461f7ef089a1c791cba6
Matang,Master_Dataset\Matang\DS2_M39.jpg,DS2_M39.jpg,JPEG,505,505,1.0,0.40559467673301697,0.3807317912578583,0.37051570415496826,f0c7e37bb9feadf356f02909aa768d84
Matang,Master_Dataset\Matang\DS2_M4.jpg,DS2_M4.jpg,JPEG,505,505,1.0,0.5386747717857361,0.5087953209877014,0.4285496473312378,c3c6469b5cb6ee36162371290f86b3a2
Matang,Master_Dataset\Matang\DS2_M40.jpg,DS2_M40.jpg,JPEG,505,505,1.0,0.42946621775627136,0.3961937129497528,0.38668307662010193,d43874f40a1788552262bc1e7f10b4ed
Matang,Master_Dataset\Matang\DS2_M41.jpg,DS2_M41.jpg,JPEG,505,505,1.0,0.4407065808773041,0.40329575538635254,0.3928106427192688,4547ccca9ff9ffb2ecf465071ba24b02
Matang,Master_Dataset\Matang\DS2_M42.jpg,DS2_M42.jpg,JPEG,505,505,1.0,0.4628688395023346,0.4348568916320801,0.42560407519340515,d931e1b819bee08998ea083a45565b1b
Matang,Master_Dataset\Matang\DS2_M43.jpg,DS2_M43.jpg,JPEG,505,505,1.0,0.5429245829582214,0.5224134922027588,0.5086509585380554,0216f91ec625e02d63a91d554c8eeb40
Matang,Master_Dataset\Matang\DS2_M44.jpg,DS2_M44.jpg,JPEG,505,505,1.0,0.5529670119285583,0.5098080039024353,0.47975292801856995,b153d5e0d15e34a798b046bf2fe9feb8
Matang,Master_Dataset\Matang\DS2_M45.jpg,DS2_M45.jpg,JPEG,505,505,1.0,0.44879674911499023,0.4118223190307617,0.39618322253227234,106c2d4d8945cbda7dcf44021490791f
Matang,Master_Dataset\Matang\DS2_M46.jpg,DS2_M46.jpg,JPEG,505,505,1.0,0.5145583152770996,0.48753154277801514,0.472014456987381,91d4e55934bbb5d32c1a2544f4562be6
Matang,Master_Dataset\Matang\DS2_M47.jpg,DS2_M47.jpg,JPEG,505,505,1.0,0.5199024677276611,0.5018820762634277,0.4871722161769867,d8fa017fce1c1cb67f71793d07f4631b
Matang,Master_Dataset\Matang\DS2_M48.jpg,DS2_M48.jpg,JPEG,505,505,1.0,0.4263106882572174,0.4082353711128235,0.39802035689353943,433229d5097d991dc395647a7cdfc378
Matang,Master_Dataset\Matang\DS2_M49.jpg,DS2_M49.jpg,JPEG,505,505,1.0,0.49254700541496277,0.47921881079673767,0.4650954306125641,379a2fa0f766e17fca2fb511d3964c7b
Matang,Master_Dataset\Matang\DS2_M5.jpg,DS2_M5.jpg,JPEG,505,505,1.0,0.41150137782096863,0.4129675030708313,0.3840952217578888,ec897eaabaa251de60ab5824b9fd46d6
Matang,Master_Dataset\Matang\DS2_M50.jpg,DS2_M50.jpg,JPEG,505,505,1.0,0.4249420464038849,0.4030658006668091,0.3927845060825348,f490b7a369b238d5ce44df4b04a33172
Matang,Master_Dataset\Matang\DS2_M51.jpg,DS2_M51.jpg,JPEG,505,505,1.0,0.4144866168498993,0.3898721933364868,0.3807271718978882,8df52cab0158ebddc6cc6e131d8edbd6
Matang,Master_Dataset\Matang\DS2_M52.jpg,DS2_M52.jpg,JPEG,505,505,1.0,0.42697039246559143,0.3947153687477112,0.3848686218261719,8e089b1d28235d2431b81ce4591657f1
Matang,Master_Dataset\Matang\DS2_M53.jpg,DS2_M53.jpg,JPEG,505,505,1.0,0.44056060910224915,0.42646923661231995,0.41777652502059937,8166760b4de22caba5df7d210db51e75
Matang,Master_Dataset\Matang\DS2_M54.jpg,DS2_M54.jpg,JPEG,505,505,1.0,0.5296614170074463,0.5089293122291565,0.4914620816707611,9ff94dc7d01d12fdce6caeb1fbde1e9e
Matang,Master_Dataset\Matang\DS2_M55.jpg,DS2_M55.jpg,JPEG,505,505,1.0,0.43152788281440735,0.4132673144340515,0.40142500400543213,6a68b39e885b34f103e39f5d1ba4584f
Matang,Master_Dataset\Matang\DS2_M56.jpg,DS2_M56.jpg,JPEG,505,505,1.0,0.44013693928718567,0.41336122155189514,0.39583149552345276,ed1ed43a1ac4c80cc8d4a244d317b4dd
Matang,Master_Dataset\Matang\DS2_M57.jpg,DS2_M57.jpg,JPEG,505,505,1.0,0.37281718850135803,0.3589783310890198,0.3524368703365326,663fc43c0ffa199f3954f50ba2af569c
Matang,Master_Dataset\Matang\DS2_M58.jpg,DS2_M58.jpg,JPEG,505,505,1.0,0.373473584651947,0.3435995578765869,0.3345375657081604,5d61744be1f5e75362cdeb61e15a8686
Matang,Master_Dataset\Matang\DS2_M59.jpg,DS2_M59.jpg,JPEG,505,505,1.0,0.39651864767074585,0.3671537935733795,0.354851633310318,e9fe75fc964b53277641a2cc931547f8
Matang,Master_Dataset\Matang\DS2_M6.jpg,DS2_M6.jpg,JPEG,505,505,1.0,0.5085148215293884,0.49302494525909424,0.4507376551628113,e84ecf2986ecc0df08565df7f581bd0d
Matang,Master_Dataset\Matang\DS2_M60.jpg,DS2_M60.jpg,JPEG,505,505,1.0,0.4089295268058777,0.3847687244415283,0.3729229271411896,16324fc2e7a0f4876bf37676d79c5fdb
Matang,Master_Dataset\Matang\DS2_M61.jpg,DS2_M61.jpg,JPEG,505,505,1.0,0.26312747597694397,0.3258326053619385,0.1413436233997345,2db806550425c41c04c50c7dc442ac8d
Matang,Master_Dataset\Matang\DS2_M62.jpg,DS2_M62.jpg,JPEG,505,505,1.0,0.34292393922805786,0.3985744118690491,0.21447858214378357,40e05ebe57e62ba3d2cedf128ea8cf9b
Matang,Master_Dataset\Matang\DS2_M63.jpg,DS2_M63.jpg,JPEG,505,505,1.0,0.27149999141693115,0.3279016613960266,0.14208810031414032,402f4a9230fa6fc51698e1ad070b8321
Matang,Master_Dataset\Matang\DS2_M64.jpg,DS2_M64.jpg,JPEG,505,505,1.0,0.25041136145591736,0.28477686643600464,0.14479748904705048,2f16157c58e2a08771c9d0f1ba9b5ff7
Matang,Master_Dataset\Matang\DS2_M65.jpg,DS2_M65.jpg,JPEG,505,505,1.0,0.24707862734794617,0.28747355937957764,0.14244641363620758,181e7f389ccbdd009a8d166eae1d6f66
Matang,Master_Dataset\Matang\DS2_M66.jpg,DS2_M66.jpg,JPEG,505,505,1.0,0.3269675076007843,0.38786372542381287,0.1675848513841629,9b9c750970f26670f74e4fe949de617c
Matang,Master_Dataset\Matang\DS2_M67.jpg,DS2_M67.jpg,JPEG,505,505,1.0,0.38774874806404114,0.3335035443305969,0.26141783595085144,9fdad0ffbf3385add988d07a567b182b
Matang,Master_Dataset\Matang\DS2_M68.jpg,DS2_M68.jpg,JPEG,505,505,1.0,0.3839039206504822,0.3202604353427887,0.23303212225437164,7446ffe5a8c9620b5e84d6d1d3507d8e
Matang,Master_Dataset\Matang\DS2_M69.jpg,DS2_M69.jpg,JPEG,505,505,1.0,0.40459102392196655,0.32946112751960754,0.2479790300130844,13c999748357d5f07a3356df7cb8c4df
Matang,Master_Dataset\Matang\DS2_M7.jpg,DS2_M7.jpg,JPEG,505,505,1.0,0.5686407685279846,0.5435762405395508,0.48203566670417786,8e877a1c71a056b0883cda33f4bee965
Matang,Master_Dataset\Matang\DS2_M70.jpg,DS2_M70.jpg,JPEG,505,505,1.0,0.4043773114681244,0.3347434997558594,0.29709985852241516,38fd3a469c8d5feda9ae895d3a6b2418
Matang,Master_Dataset\Matang\DS2_M71.jpg,DS2_M71.jpg,JPEG,505,505,1.0,0.2260764241218567,0.27289122343063354,0.1240735799074173,7849697a7b11a75487372dd5a481834f
Matang,Master_Dataset\Matang\DS2_M72.jpg,DS2_M72.jpg,JPEG,505,505,1.0,0.29823848605155945,0.3323458135128021,0.1369463950395584,9cb7514f26f1c1a9b18a3fd1b3d28572
Matang,Master_Dataset\Matang\DS2_M73.jpg,DS2_M73.jpg,JPEG,505,505,1.0,0.2980298101902008,0.31860101222991943,0.14107203483581543,46b7b089c380447dd7386c5c54b1e553
Matang,Master_Dataset\Matang\DS2_M74.jpg,DS2_M74.jpg,JPEG,505,505,1.0,0.3434532880783081,0.36820468306541443,0.1635846197605133,75823628954c3711e3c420b03d2762dd
Matang,Master_Dataset\Matang\DS2_M75.jpg,DS2_M75.jpg,JPEG,505,505,1.0,0.320087194442749,0.34502044320106506,0.16153737902641296,9def3f112f00d2568b3587315b197f12
Matang,Master_Dataset\Matang\DS2_M76.jpg,DS2_M76.jpg,JPEG,505,505,1.0,0.2937851846218109,0.35144150257110596,0.14808332920074463,7173b1eef530bc7086fe380e2bca3300
Matang,Master_Dataset\Matang\DS2_M8.jpg,DS2_M8.jpg,JPEG,505,505,1.0,0.3953629434108734,0.3997127413749695,0.38052335381507874,7a7430256cbe523ca76d56e3b45afd45
Matang,Master_Dataset\Matang\DS2_M9.jpg,DS2_M9.jpg,JPEG,505,505,1.0,0.24997343122959137,0.25053176283836365,0.2334250658750534,fc41b2a6ce9f9ef8a357b6d7f8bf245d
Matang,Master_Dataset\Matang\DS3_Amelonado_DSC_0632.jpg,DS3_Amelonado_DSC_0632.jpg,JPEG,5568,3712,1.5,0.5931881070137024,0.6355123519897461,0.3948339521884918,ac3c8cc1f83e4f04fa3c755cbd623fd4
Matang,Master_Dataset\Matang\DS3_Amelonado_DSC_0633.jpg,DS3_Amelonado_DSC_0633.jpg,JPEG,5568,3712,1.5,0.5858343243598938,0.6285526156425476,0.3889392614364624,1bbf91e01ac196cc57c99f195e267eac
Matang,Master_Dataset\Matang\DS3_Amelonado_DSC_0636.jpg,DS3_Amelonado_DSC_0636.jpg,JPEG,5568,3712,1.5,0.36003485321998596,0.3569994866847992,0.3204570710659027,055b93a7b2063e38be0993819cee7d6d
Matang,Master_Dataset\Matang\DS3_Amelonado_DSC_0637.jpg,DS3_Amelonado_DSC_0637.jpg,JPEG,5568,3712,1.5,0.35545212030410767,0.351919949054718,0.3172651529312134,8fb0bebb070655275c82167b9c3358e1
Matang,Master_Dataset\Matang\DS3_Amelonado_DSC_0639.jpg,DS3_Amelonado_DSC_0639.jpg,JPEG,5568,3712,1.5,0.36059197783470154,0.36352333426475525,0.30930304527282715,749d88f2a24b9457380fbc8f984e08c8
Matang,Master_Dataset\Matang\DS3_Amelonado_DSC_0640.jpg,DS3_Amelonado_DSC_0640.jpg,JPEG,5568,3712,1.5,0.37009140849113464,0.3478012979030609,0.31086623668670654,9e7ce09371c183592ff1e010e143ef25
Matang,Master_Dataset\Matang\DS3_Amelonado_DSC_0641.jpg,DS3_Amelonado_DSC_0641.jpg,JPEG,5568,3712,1.5,0.37092578411102295,0.3484189808368683,0.311550110578537,dd265554c036fce08200db6f58a2b0a7
Matang,Master_Dataset\Matang\DS3_Amelonado_DSC_0642.jpg,DS3_Amelonado_DSC_0642.jpg,JPEG,5568,3712,1.5,0.41049620509147644,0.3890320658683777,0.3656226098537445,9ebeef3cd329b2d48412c6e84eca40ea
Matang,Master_Dataset\Matang\DS3_Amelonado_DSC_0644.jpg,DS3_Amelonado_DSC_0644.jpg,JPEG,3712,5568,0.6667,0.3880465626716614,0.3421441316604614,0.3266514539718628,4dfe0359a24868cad75412f9cd5492d3
Matang,Master_Dataset\Matang\DS3_Amelonado_DSC_0645.jpg,DS3_Amelonado_DSC_0645.jpg,JPEG,3712,5568,0.6667,0.3924906849861145,0.34728845953941345,0.3315619230270386,97b7fa3f273f9acb383f056038d2e32c
Matang,Master_Dataset\Matang\DS3_Amelonado_DSC_0646.jpg,DS3_Amelonado_DSC_0646.jpg,JPEG,3712,5568,0.6667,0.34676629304885864,0.3086917996406555,0.29362091422080994,a5363b1454d9e36924990cef0ff3a57d
Matang,Master_Dataset\Matang\DS3_Amelonado_DSC_0647.jpg,DS3_Amelonado_DSC_0647.jpg,JPEG,3712,5568,0.6667,0.3398236930370331,0.3039553463459015,0.2886175513267517,cf0df9eee9948e35f038a50cf0a5ba50
Matang,Master_Dataset\Matang\DS3_Amelonado_DSC_0648.jpg,DS3_Amelonado_DSC_0648.jpg,JPEG,5568,3712,1.5,0.3011796772480011,0.2663276493549347,0.25539493560791016,e3276317ad2b9f1a6f2be4ca955d3d4a
Matang,Master_Dataset\Matang\DS3_Amelonado_DSC_0649.jpg,DS3_Amelonado_DSC_0649.jpg,JPEG,5568,3712,1.5,0.30829355120658875,0.2748323380947113,0.26365262269973755,b312c11ef658c33f05a3e86ced4f821c
Matang,Master_Dataset\Matang\DS3_Amelonado_DSC_0650.jpg,DS3_Amelonado_DSC_0650.jpg,JPEG,5568,3712,1.5,0.4131642282009125,0.3752841353416443,0.3577931821346283,40f958118dce9e403757f41ec11615c6
Matang,Master_Dataset\Matang\DS3_Amelonado_DSC_0651.jpg,DS3_Amelonado_DSC_0651.jpg,JPEG,5568,3712,1.5,0.4160339832305908,0.3778733015060425,0.36116695404052734,eb3c40d6136c971ce6e892e44826e07a
Matang,Master_Dataset\Matang\DS3_Amelonado_DSC_0652.jpg,DS3_Amelonado_DSC_0652.jpg,JPEG,5568,3712,1.5,0.4652526080608368,0.44019168615341187,0.4183622896671295,30b9045cb486cabd0f6e3f3ab41132b6
Matang,Master_Dataset\Matang\DS3_Amelonado_DSC_0653.jpg,DS3_Amelonado_DSC_0653.jpg,JPEG,5568,3712,1.5,0.46096646785736084,0.43322518467903137,0.4127475619316101,c0e9c94004acaf027c442a916a2955c6
Matang,Master_Dataset\Matang\DS3_Amelonado_DSC_0654.jpg,DS3_Amelonado_DSC_0654.jpg,JPEG,3712,5568,0.6667,0.46718013286590576,0.4125787317752838,0.39340606331825256,6988802042c9c69fd4d6ed03ac93fbe6
Matang,Master_Dataset\Matang\DS3_Amelonado_DSC_0655.jpg,DS3_Amelonado_DSC_0655.jpg,JPEG,3712,5568,0.6667,0.47502031922340393,0.41669076681137085,0.39965081214904785,4455d008bc5ca628d11e33310e1f32b7
Matang,Master_Dataset\Matang\DS3_Amelonado_DSC_0656.jpg,DS3_Amelonado_DSC_0656.jpg,JPEG,5568,3712,1.5,0.4178154766559601,0.5110332369804382,0.31320494413375854,f5e6e57e9fb841661f7c2faf5dc6a807
Matang,Master_Dataset\Matang\DS3_Amelonado_DSC_0657.jpg,DS3_Amelonado_DSC_0657.jpg,JPEG,5568,3712,1.5,0.4214856028556824,0.5167127847671509,0.3151460289955139,21316a53a626ae3d02a1d3f5da50cbc4
Matang,Master_Dataset\Matang\DS3_Amelonado_DSC_0658.jpg,DS3_Amelonado_DSC_0658.jpg,JPEG,5568,3712,1.5,0.39720621705055237,0.4342745840549469,0.33896979689598083,a3c648a531ec24c63715b936154eb636
Matang,Master_Dataset\Matang\DS3_Amelonado_DSC_0659.jpg,DS3_Amelonado_DSC_0659.jpg,JPEG,5568,3712,1.5,0.40089181065559387,0.4336279034614563,0.3461395800113678,562a861162067ca45a0dc3925b616e51
Matang,Master_Dataset\Matang\DS3_Amelonado_DSC_0660.jpg,DS3_Amelonado_DSC_0660.jpg,JPEG,5568,3712,1.5,0.38733169436454773,0.45658770203590393,0.3080185353755951,c53bf0e8df572dec9b91a9b74ba46fe4
Matang,Master_Dataset\Matang\DS3_Amelonado_DSC_0661.jpg,DS3_Amelonado_DSC_0661.jpg,JPEG,5568,3712,1.5,0.4021838903427124,0.47274142503738403,0.3176516592502594,6ea0c737d6fcd6bd73771d65a8291738
Matang,Master_Dataset\Matang\DS3_Amelonado_DSC_0664.jpg,DS3_Amelonado_DSC_0664.jpg,JPEG,5568,3712,1.5,0.5137594938278198,0.5582537055015564,0.35478633642196655,9dfd072e64179c322136d7fe6d2eb53a
Matang,Master_Dataset\Matang\DS3_Amelonado_DSC_0665.jpg,DS3_Amelonado_DSC_0665.jpg,JPEG,5568,3712,1.5,0.5154871940612793,0.5620575547218323,0.35757941007614136,3985ee655344bf2e7ab6ef9cfdd4a16b
Matang,Master_Dataset\Matang\DS3_Amelonado_DSC_0666.jpg,DS3_Amelonado_DSC_0666.jpg,JPEG,5568,3712,1.5,0.5608959197998047,0.5890165567398071,0.5439556241035461,038c2625b4f7900cee16ea76845bec2f
Matang,Master_Dataset\Matang\DS3_Amelonado_DSC_0667.jpg,DS3_Amelonado_DSC_0667.jpg,JPEG,5568,3712,1.5,0.5625559687614441,0.5915336012840271,0.5404915809631348,689230b2dd435231a155e820ef03b6c2
Matang,Master_Dataset\Matang\DS3_Amelonado_DSC_0668.jpg,DS3_Amelonado_DSC_0668.jpg,JPEG,5568,3712,1.5,0.5068592429161072,0.522065281867981,0.37498557567596436,3965438ea17caa74eb8d9b665294ec38
Matang,Master_Dataset\Matang\DS3_Amelonado_DSC_0669.jpg,DS3_Amelonado_DSC_0669.jpg,JPEG,5568,3712,1.5,0.4980057179927826,0.5121913552284241,0.3764769732952118,5ec33dafebb96da6e736a04bc16cb5a7
Matang,Master_Dataset\Matang\DS3_Amelonado_DSC_0671.jpg,DS3_Amelonado_DSC_0671.jpg,JPEG,5568,3712,1.5,0.5502787828445435,0.6230316162109375,0.3998028635978699,2bcfb43b66af9b9e255277d2dcb9c403
Matang,Master_Dataset\Matang\DS3_Amelonado_DSC_0672.jpg,DS3_Amelonado_DSC_0672.jpg,JPEG,5568,3712,1.5,0.4859817922115326,0.5667576789855957,0.35984212160110474,f6af4dae3fc690f03b3eb8f44f54906d
Matang,Master_Dataset\Matang\DS3_Amelonado_DSC_0673.jpg,DS3_Amelonado_DSC_0673.jpg,JPEG,5568,3712,1.5,0.4857189655303955,0.5681487917900085,0.36285215616226196,3bead5c17249de8f884689c3b2134c60
Matang,Master_Dataset\Matang\DS3_Amelonado_DSC_0674.jpg,DS3_Amelonado_DSC_0674.jpg,JPEG,5568,3712,1.5,0.46971315145492554,0.49471554160118103,0.4050528109073639,37608d76b66bb06d716fed35d95cd52e
Matang,Master_Dataset\Matang\DS3_Amelonado_DSC_0675.jpg,DS3_Amelonado_DSC_0675.jpg,JPEG,5568,3712,1.5,0.4494125247001648,0.4970721900463104,0.4009155333042145,f0c8f4b1dc4560fd3c3904e1806097d8
Matang,Master_Dataset\Matang\DS3_Amelonado_DSC_0676.jpg,DS3_Amelonado_DSC_0676.jpg,JPEG,5568,3712,1.5,0.6594288349151611,0.6893321871757507,0.5665503144264221,3d0cbfe5e83a6c64435df837f73b71c2
Matang,Master_Dataset\Matang\DS3_Amelonado_DSC_0677.jpg,DS3_Amelonado_DSC_0677.jpg,JPEG,5568,3712,1.5,0.6610535979270935,0.6922488808631897,0.5709185004234314,ecf7f451b482b8d11c0a004a60e5f4b6
Matang,Master_Dataset\Matang\DS3_Amelonado_DSC_0678.jpg,DS3_Amelonado_DSC_0678.jpg,JPEG,5568,3712,1.5,0.6502939462661743,0.6797876954078674,0.5491818189620972,bbc7556d4fbfad2fadb4f2980d2a7ff8
Matang,Master_Dataset\Matang\DS3_Amelonado_DSC_0688.jpg,DS3_Amelonado_DSC_0688.jpg,JPEG,5568,3712,1.5,0.4485686421394348,0.4459153115749359,0.41275936365127563,938ae1333bb41c15715b291d6ce849d3
Matang,Master_Dataset\Matang\DS3_Amelonado_DSC_0689.jpg,DS3_Amelonado_DSC_0689.jpg,JPEG,5568,3712,1.5,0.45782163739204407,0.4548105299472809,0.42190003395080566,6321dce1333679ec11ef30d06fdb2d75
Matang,Master_Dataset\Matang\DS3_Amelonado_DSC_0690.jpg,DS3_Amelonado_DSC_0690.jpg,JPEG,5568,3712,1.5,0.4581620395183563,0.45421868562698364,0.42056092619895935,96585649f944ade705f4f3403af8329c
Matang,Master_Dataset\Matang\DS3_Amelonado_DSC_0691.jpg,DS3_Amelonado_DSC_0691.jpg,JPEG,5568,3712,1.5,0.480007141828537,0.4817824959754944,0.4553256034851074,8dc8a46e2a3ef7b51ab8259126fbb900
Matang,Master_Dataset\Matang\DS3_Amelonado_DSC_0692.jpg,DS3_Amelonado_DSC_0692.jpg,JPEG,5568,3712,1.5,0.4828891158103943,0.48578470945358276,0.4593072831630707,6c91a1756372abdcb6ee192406fc9e0e
Matang,Master_Dataset\Matang\DS3_Amelonado_DSC_0693.jpg,DS3_Amelonado_DSC_0693.jpg,JPEG,3712,5568,0.6667,0.4175204634666443,0.4701754152774811,0.24867263436317444,52e7642a9723c20c67d4c052205fd699
Matang,Master_Dataset\Matang\DS3_Amelonado_DSC_0694.jpg,DS3_Amelonado_DSC_0694.jpg,JPEG,3712,5568,0.6667,0.43508416414260864,0.46692758798599243,0.224672332406044,e4f0bdf46b601da2f6fb3f682a0fc682
Matang,Master_Dataset\Matang\DS3_Amelonado_DSC_0695.jpg,DS3_Amelonado_DSC_0695.jpg,JPEG,5568,3712,1.5,0.6331379413604736,0.6531811356544495,0.5042234659194946,8f0d2902cda61eea1e5db52b2e536a92
Matang,Master_Dataset\Matang\DS3_Amelonado_DSC_0696.jpg,DS3_Amelonado_DSC_0696.jpg,JPEG,5568,3712,1.5,0.636256217956543,0.6551342606544495,0.5088430047035217,3624229a33e5c8af09e4fa64231cebdc
Matang,Master_Dataset\Matang\DS3_Amelonado_DSC_0735.jpg,DS3_Amelonado_DSC_0735.jpg,JPEG,5568,3712,1.5,0.5302347540855408,0.6094754934310913,0.40892481803894043,1c91c3f1a66c657a30217bef24924fa0
Matang,Master_Dataset\Matang\DS3_Amelonado_DSC_0736.jpg,DS3_Amelonado_DSC_0736.jpg,JPEG,5568,3712,1.5,0.5234454274177551,0.6124570369720459,0.4279811978340149,2e9a56dc51b149c05694bc3b4e1fa77f
Matang,Master_Dataset\Matang\DS3_Amelonado_DSC_0737.jpg,DS3_Amelonado_DSC_0737.jpg,JPEG,5568,3712,1.5,0.5448992252349854,0.612268328666687,0.42380490899086,363c52bddcdc425ee2ba0ba1e9bf56d6
Matang,Master_Dataset\Matang\DS3_Amelonado_DSC_0738.jpg,DS3_Amelonado_DSC_0738.jpg,JPEG,5568,3712,1.5,0.5450395941734314,0.6158592104911804,0.4218422472476959,15fec1ba39510160e98efbb1d65a7778
Matang,Master_Dataset\Matang\DS3_Amelonado_DSC_0739.jpg,DS3_Amelonado_DSC_0739.jpg,JPEG,5568,3712,1.5,0.47322559356689453,0.5410168766975403,0.3211238384246826,a3072c1d3080d2c0be4583e0eb0da4eb
Matang,Master_Dataset\Matang\DS3_Amelonado_DSC_0740.jpg,DS3_Amelonado_DSC_0740.jpg,JPEG,5568,3712,1.5,0.48012691736221313,0.5476938486099243,0.3209584951400757,f6e357f454aedfda7e005ef6968e138a
Matang,Master_Dataset\Matang\DS3_Amelonado_DSC_0749.jpg,DS3_Amelonado_DSC_0749.jpg,JPEG,5568,3712,1.5,0.5307438969612122,0.6374735236167908,0.386528342962265,4341463dc91fc1f9bd5bbde0f1cc3180
Matang,Master_Dataset\Matang\DS3_Amelonado_DSC_0752.jpg,DS3_Amelonado_DSC_0752.jpg,JPEG,5568,3712,1.5,0.6227806210517883,0.6907229423522949,0.47503405809402466,0a8880f9543278fe0486254639eab1b7
Matang,Master_Dataset\Matang\DS3_Amelonado_DSC_0753.jpg,DS3_Amelonado_DSC_0753.jpg,JPEG,5568,3712,1.5,0.6248375773429871,0.691935122013092,0.47973817586898804,c4ee8dcec60b0457f69016da71e2e3a9
Matang,Master_Dataset\Matang\DS3_Amelonado_DSC_0755.jpg,DS3_Amelonado_DSC_0755.jpg,JPEG,5568,3712,1.5,0.7332243323326111,0.775793731212616,0.6280585527420044,fb1201d736b7a910d5de0f219f12c529
Matang,Master_Dataset\Matang\DS3_Amelonado_DSC_0758.jpg,DS3_Amelonado_DSC_0758.jpg,JPEG,5568,3712,1.5,0.7164597511291504,0.7523760199546814,0.6316080093383789,6d2cba80a3b872cb888d4b07b3684b8f
Matang,Master_Dataset\Matang\DS3_Amelonado_DSC_0759.jpg,DS3_Amelonado_DSC_0759.jpg,JPEG,5568,3712,1.5,0.7197045683860779,0.7554829716682434,0.6357282996177673,714b8733c7afba7c78f16c41592132bb
Matang,Master_Dataset\Matang\DS3_Amelonado_DSC_0760.jpg,DS3_Amelonado_DSC_0760.jpg,JPEG,5568,3712,1.5,0.6096222400665283,0.6503655314445496,0.4710715413093567,85ccd17a5b4b1c586f7aec29c41baa2f
Matang,Master_Dataset\Matang\DS3_Amelonado_DSC_0761.jpg,DS3_Amelonado_DSC_0761.jpg,JPEG,5568,3712,1.5,0.6245517730712891,0.6686292886734009,0.4927045404911041,172ee1dae7412eed79fb8fa99523467e
Matang,Master_Dataset\Matang\DS3_Amelonado_DSC_0762.jpg,DS3_Amelonado_DSC_0762.jpg,JPEG,5568,3712,1.5,0.6332386136054993,0.6735746264457703,0.4987150728702545,3ae0c1d0a3fdf100197c1aa09de6ab71
Matang,Master_Dataset\Matang\DS3_Amelonado_DSC_0763.jpg,DS3_Amelonado_DSC_0763.jpg,JPEG,5568,3712,1.5,0.6442402005195618,0.6833757162094116,0.5074982047080994,f415610b88770917c10ec856446ad18b
Matang,Master_Dataset\Matang\DS3_Amelonado_DSC_0764.jpg,DS3_Amelonado_DSC_0764.jpg,JPEG,5568,3712,1.5,0.6270983815193176,0.7058676481246948,0.4526577591896057,dc4316c9bc05c29daf012ab8e3d170d4
Matang,Master_Dataset\Matang\DS3_Amelonado_DSC_0765.jpg,DS3_Amelonado_DSC_0765.jpg,JPEG,5568,3712,1.5,0.6472168564796448,0.713287889957428,0.4992802143096924,bbd78c641370afbe258da5fc04231bfe
Matang,Master_Dataset\Matang\DS3_Amelonado_DSC_0766.jpg,DS3_Amelonado_DSC_0766.jpg,JPEG,5568,3712,1.5,0.7414361238479614,0.7862550616264343,0.598118007183075,7540f8821e18519004f3a57dd2d12ef6
Matang,Master_Dataset\Matang\DS3_Amelonado_DSC_0767.jpg,DS3_Amelonado_DSC_0767.jpg,JPEG,5568,3712,1.5,0.7389082312583923,0.7855594158172607,0.5942012667655945,0976efbc2921f07563ffb887d90d17bf
Matang,Master_Dataset\Matang\DS3_Amelonado_DSC_0824.jpg,DS3_Amelonado_DSC_0824.jpg,JPEG,5568,3712,1.5,0.440655380487442,0.48837101459503174,0.2739972770214081,1fde9d53e90a9e7db9fb0ee922aaa6f9
Matang,Master_Dataset\Matang\DS3_Amelonado_DSC_0825.jpg,DS3_Amelonado_DSC_0825.jpg,JPEG,5568,3712,1.5,0.46360793709754944,0.5210813283920288,0.2740057706832886,1a4d2a2035d305b89b407e735bfebef2
Matang,Master_Dataset\Matang\DS3_Amelonado_DSC_0860.jpg,DS3_Amelonado_DSC_0860.jpg,JPEG,5568,3712,1.5,0.3906864821910858,0.4382406771183014,0.30858296155929565,e4031e48a9b9337d01a2811175783799
Matang,Master_Dataset\Matang\DS3_Amelonado_DSC_0861.jpg,DS3_Amelonado_DSC_0861.jpg,JPEG,5568,3712,1.5,0.3822290301322937,0.4315873086452484,0.304985374212265,5567caaaf4d7addbb9546fc18e358f49
Matang,Master_Dataset\Matang\DS3_Amelonado_DSC_0883.jpg,DS3_Amelonado_DSC_0883.jpg,JPEG,5568,3712,1.5,0.4500804543495178,0.48809653520584106,0.3068867325782776,d6f782bc34758a77fe1018031ab05d79
Matang,Master_Dataset\Matang\DS3_Amelonado_DSC_0884.jpg,DS3_Amelonado_DSC_0884.jpg,JPEG,5568,3712,1.5,0.44870898127555847,0.4874509572982788,0.3072899878025055,27c181c3af1e075bae395ba08647a758
Matang,Master_Dataset\Matang\DS3_Amelonado_DSC_0956.jpg,DS3_Amelonado_DSC_0956.jpg,JPEG,5568,3712,1.5,0.5610974431037903,0.6277576088905334,0.3968062698841095,b9a826368241c3ef36f7346fde942bec
Matang,Master_Dataset\Matang\DS3_Amelonado_DSC_0957.jpg,DS3_Amelonado_DSC_0957.jpg,JPEG,5568,3712,1.5,0.575904369354248,0.6393545269966125,0.40712928771972656,3a3601ccf5b6cb991ebaabf8249f9245
Matang,Master_Dataset\Matang\DS3_Amelonado_DSC_0958.jpg,DS3_Amelonado_DSC_0958.jpg,JPEG,5568,3712,1.5,0.6617144346237183,0.7095906734466553,0.43554139137268066,3565a746a00a3de8c723d18712a47781
Matang,Master_Dataset\Matang\DS3_Amelonado_DSC_0960.jpg,DS3_Amelonado_DSC_0960.jpg,JPEG,5568,3712,1.5,0.6488642692565918,0.6767863035202026,0.44754183292388916,8c823ee12371524f59846f35b8eb18d7
Matang,Master_Dataset\Matang\DS3_Amelonado_DSC_0961.jpg,DS3_Amelonado_DSC_0961.jpg,JPEG,5568,3712,1.5,0.6547221541404724,0.6835451126098633,0.45827141404151917,be74c70c3953494ecc447fef773c2749
Matang,Master_Dataset\Matang\DS3_Amelonado_DSC_0962.jpg,DS3_Amelonado_DSC_0962.jpg,JPEG,5568,3712,1.5,0.6174979209899902,0.655033528804779,0.43450191617012024,8d9813890a5c89bb60cffdb7172f346b
Matang,Master_Dataset\Matang\DS3_Amelonado_DSC_0963.jpg,DS3_Amelonado_DSC_0963.jpg,JPEG,5568,3712,1.5,0.5807674527168274,0.6390587091445923,0.38827964663505554,7c0bd307b8079fe8903dd19e1d2f4266
Matang,Master_Dataset\Matang\DS3_Amelonado_DSC_1046.jpg,DS3_Amelonado_DSC_1046.jpg,JPEG,5568,3712,1.5,0.6968312859535217,0.7999254465103149,0.6963741779327393,8f90e7a06563cdb91da90c788bbf9613
Matang,Master_Dataset\Matang\DS3_Amelonado_DSC_1047.jpg,DS3_Amelonado_DSC_1047.jpg,JPEG,5568,3712,1.5,0.716410219669342,0.8219155073165894,0.7235049605369568,6b2c9b28637bf764b4accb6de3df4348
Matang,Master_Dataset\Matang\DS3_Amelonado_DSC_1050.jpg,DS3_Amelonado_DSC_1050.jpg,JPEG,5568,3712,1.5,0.7902231216430664,0.8643357157707214,0.7957627177238464,91a1935c7d50bc4e5561df80e4e667d4
Matang,Master_Dataset\Matang\DS3_Amelonado_DSC_1051.jpg,DS3_Amelonado_DSC_1051.jpg,JPEG,5568,3712,1.5,0.7848488688468933,0.8603052496910095,0.7896211743354797,6afe08ec6cdeddf907044ba4291af7cc
Matang,Master_Dataset\Matang\DS3_Amelonado_DSC_1052.jpg,DS3_Amelonado_DSC_1052.jpg,JPEG,5568,3712,1.5,0.4403286576271057,0.5911228060722351,0.38016852736473083,8d933264b14fbd93eae960bdb3889582
Matang,Master_Dataset\Matang\DS3_Amelonado_DSC_1053.jpg,DS3_Amelonado_DSC_1053.jpg,JPEG,5568,3712,1.5,0.4329395890235901,0.5857007503509521,0.3791414499282837,9504d2f13cdf1aa7662048850bce796c
Matang,Master_Dataset\Matang\DS3_Amelonado_DSC_1160.jpg,DS3_Amelonado_DSC_1160.jpg,JPEG,5568,3712,1.5,0.37714913487434387,0.4941525459289551,0.34069910645484924,d74e5bcbae79d35f5d59882a7a2f18fe
Matang,Master_Dataset\Matang\DS3_Amelonado_DSC_1161.jpg,DS3_Amelonado_DSC_1161.jpg,JPEG,5568,3712,1.5,0.3859499394893646,0.5059771537780762,0.35236260294914246,2a750fcdb9d64f85f7447df48894c346
Matang,Master_Dataset\Matang\DS3_Amelonado_DSC_1162.jpg,DS3_Amelonado_DSC_1162.jpg,JPEG,5568,3712,1.5,0.3862996995449066,0.5054963827133179,0.3544366657733917,4a76179a4235ff73f05c1badc0434097
Matang,Master_Dataset\Matang\DS3_Amelonado_DSC_1183.jpg,DS3_Amelonado_DSC_1183.jpg,JPEG,5568,3712,1.5,0.48989638686180115,0.5140631198883057,0.434832900762558,0dabe8ac19943ac5ecbee5271508ba62
Matang,Master_Dataset\Matang\DS3_Amelonado_DSC_1184.jpg,DS3_Amelonado_DSC_1184.jpg,JPEG,5568,3712,1.5,0.4886058270931244,0.5101876854896545,0.4292295277118683,eea3190eba416d8dcc58724992a88d12
Matang,Master_Dataset\Matang\DS3_Amelonado_DSC_1185.jpg,DS3_Amelonado_DSC_1185.jpg,JPEG,5568,3712,1.5,0.4429379105567932,0.4607175588607788,0.4231617748737335,fbd3194739e207f64ad561bde7495fb0
Matang,Master_Dataset\Matang\DS3_Amelonado_DSC_1186.jpg,DS3_Amelonado_DSC_1186.jpg,JPEG,5568,3712,1.5,0.4586859345436096,0.4771600663661957,0.4395105242729187,d8cc2f5bbed605d03a09fd93b2889622
Matang,Master_Dataset\Matang\DS3_Amelonado_DSC_1214.jpg,DS3_Amelonado_DSC_1214.jpg,JPEG,5568,3712,1.5,0.3576938509941101,0.5162572264671326,0.3046078383922577,5aaff80c2c6430b627a05eaa807a0777
Matang,Master_Dataset\Matang\DS3_Amelonado_DSC_1215.jpg,DS3_Amelonado_DSC_1215.jpg,JPEG,5568,3712,1.5,0.3646474778652191,0.5260539650917053,0.31256192922592163,e4ed8e4f324c8c199031e8ef755c8ab9
Matang,Master_Dataset\Matang\DS3_Amelonado_DSC_1216.jpg,DS3_Amelonado_DSC_1216.jpg,JPEG,5568,3712,1.5,0.4090746343135834,0.5468978881835938,0.3620317280292511,6599b7a9407920eb31da2943607f57ac
Matang,Master_Dataset\Matang\DS3_Amelonado_DSC_1217.jpg,DS3_Amelonado_DSC_1217.jpg,JPEG,5568,3712,1.5,0.3923618197441101,0.5247069001197815,0.3432706892490387,04574977ca1a32667f791e08946dca45
Matang,Master_Dataset\Matang\DS3_Amelonado_DSC_1218.jpg,DS3_Amelonado_DSC_1218.jpg,JPEG,5568,3712,1.5,0.37665924429893494,0.5452225804328918,0.31525498628616333,8c72e0f2e4b03d25045248af8555ad0b
Matang,Master_Dataset\Matang\DS3_Amelonado_DSC_1219.jpg,DS3_Amelonado_DSC_1219.jpg,JPEG,5568,3712,1.5,0.3840227723121643,0.5526422262191772,0.3245045244693756,043312be260309cea43bc74583a2e986
Matang,Master_Dataset\Matang\DS3_Amelonado_DSC_1222.jpg,DS3_Amelonado_DSC_1222.jpg,JPEG,5568,3712,1.5,0.38395926356315613,0.5201978087425232,0.3328115940093994,056eff9c0a8f59efc628435019859d04
Matang,Master_Dataset\Matang\DS3_Amelonado_DSC_1223.jpg,DS3_Amelonado_DSC_1223.jpg,JPEG,5568,3712,1.5,0.38077181577682495,0.5138956904411316,0.33277788758277893,6f3752f644c4754a241eb179caf679b9
Matang,Master_Dataset\Matang\DS3_Amelonado_DSC_1224.jpg,DS3_Amelonado_DSC_1224.jpg,JPEG,5568,3712,1.5,0.3757321536540985,0.5443817973136902,0.30874598026275635,59e23645bc1f76d0db77b362d45d6958
Matang,Master_Dataset\Matang\DS3_Amelonado_DSC_1225.jpg,DS3_Amelonado_DSC_1225.jpg,JPEG,5568,3712,1.5,0.36731594800949097,0.5325285196304321,0.303846538066864,89d198dc5ee11dd0928dcdb13f66e3ce
Matang,Master_Dataset\Matang\DS3_Amelonado_DSC_1242.jpg,DS3_Amelonado_DSC_1242.jpg,JPEG,5568,3712,1.5,0.3851419687271118,0.5481046438217163,0.30970925092697144,c444ddd227a960da5c558620271536b6
Matang,Master_Dataset\Matang\DS3_Amelonado_DSC_1243.jpg,DS3_Amelonado_DSC_1243.jpg,JPEG,5568,3712,1.5,0.38087785243988037,0.5388755202293396,0.3077973425388336,1c6ceace33fbd45901553e8814bd08ce
Matang,Master_Dataset\Matang\DS3_Amelonado_DSC_1244.jpg,DS3_Amelonado_DSC_1244.jpg,JPEG,5568,3712,1.5,0.3884515166282654,0.5483570098876953,0.3138330578804016,135b980c93bac5ac24afebd5247c4f43
Matang,Master_Dataset\Matang\DS3_Amelonado_DSC_1254.jpg,DS3_Amelonado_DSC_1254.jpg,JPEG,5568,3712,1.5,0.4695838391780853,0.4852563142776489,0.44961583614349365,90955ecd7b20ff2b0f4acd466fa9cf1c
Matang,Master_Dataset\Matang\DS3_Amelonado_DSC_1255.jpg,DS3_Amelonado_DSC_1255.jpg,JPEG,5568,3712,1.5,0.46438130736351013,0.47955402731895447,0.44434988498687744,c400feaa6a19240be07e167396fd4329
Matang,Master_Dataset\Matang\DS3_Amelonado_DSC_1256.jpg,DS3_Amelonado_DSC_1256.jpg,JPEG,5568,3712,1.5,0.4679819941520691,0.47725585103034973,0.42142102122306824,1ccc57ba2e0ebd68d0e0d31b802e400c
Matang,Master_Dataset\Matang\DS3_Amelonado_DSC_1259.jpg,DS3_Amelonado_DSC_1259.jpg,JPEG,5568,3712,1.5,0.4768553078174591,0.48298656940460205,0.43099528551101685,68dccaf255a78b0547eb84860a656a6c
Matang,Master_Dataset\Matang\DS3_Amelonado_DSC_1263.jpg,DS3_Amelonado_DSC_1263.jpg,JPEG,5568,3712,1.5,0.4568096399307251,0.4906921982765198,0.4384993612766266,82dcc395cf96afe5a307e3c388db7185
Matang,Master_Dataset\Matang\DS3_Amelonado_DSC_1264.jpg,DS3_Amelonado_DSC_1264.jpg,JPEG,5568,3712,1.5,0.46405336260795593,0.4995100498199463,0.4450186789035797,d3f5bb5126b10eb30669e621be4d2ddc
Matang,Master_Dataset\Matang\DS3_Amelonado_DSC_1265.jpg,DS3_Amelonado_DSC_1265.jpg,JPEG,5568,3712,1.5,0.46438682079315186,0.49982553720474243,0.4461824297904968,b91928726b7187ff5c5f996a7a0f828d
Matang,Master_Dataset\Matang\DS3_Amelonado_DSC_1267.jpg,DS3_Amelonado_DSC_1267.jpg,JPEG,5568,3712,1.5,0.46577566862106323,0.47529393434524536,0.41711410880088806,657fec87b28f0cf6a281b2f98fd2adc5
Matang,Master_Dataset\Matang\DS3_Amelonado_DSC_1268.jpg,DS3_Amelonado_DSC_1268.jpg,JPEG,5568,3712,1.5,0.4670194387435913,0.47555315494537354,0.42023196816444397,0fa7fdb7d4766ffc3906375b64333a57
Matang,Master_Dataset\Matang\DS3_Amelonado_DSC_1269.jpg,DS3_Amelonado_DSC_1269.jpg,JPEG,5568,3712,1.5,0.4766061305999756,0.4865007698535919,0.41477981209754944,c353779fc5fa82f28f60c5c60c9f8fd7
Matang,Master_Dataset\Matang\DS3_Amelonado_DSC_1270.jpg,DS3_Amelonado_DSC_1270.jpg,JPEG,5568,3712,1.5,0.47663015127182007,0.4870731234550476,0.41231703758239746,feebe7b57af869e0a76f674216109a9e
Matang,Master_Dataset\Matang\DS3_Amelonado_DSC_1301.jpg,DS3_Amelonado_DSC_1301.jpg,JPEG,5568,3712,1.5,0.367978572845459,0.4858916103839874,0.36755114793777466,6472961824452ab8c2375f26a8bf680f
Matang,Master_Dataset\Matang\DS3_Amelonado_DSC_1302.jpg,DS3_Amelonado_DSC_1302.jpg,JPEG,5568,3712,1.5,0.3725060522556305,0.49013376235961914,0.3806276023387909,255a7162e707a560167f46822764696d
Matang,Master_Dataset\Matang\DS3_Amelonado_DSC_1307.jpg,DS3_Amelonado_DSC_1307.jpg,JPEG,5568,3712,1.5,0.3975863754749298,0.46951672434806824,0.3407925069332123,3a53d69318d3d78b3b97fec122338cd7
Matang,Master_Dataset\Matang\DS3_Amelonado_DSC_1308.jpg,DS3_Amelonado_DSC_1308.jpg,JPEG,5568,3712,1.5,0.40385177731513977,0.48114725947380066,0.34418806433677673,f46fffa9d3579a1d8064c9d0ab83bbac
Matang,Master_Dataset\Matang\DS3_Amelonado_DSC_1983.jpg,DS3_Amelonado_DSC_1983.jpg,JPEG,5568,3712,1.5,0.4162681996822357,0.5681300759315491,0.4218742549419403,96981dd1b4c8b44ee5fa5569683a3082
Matang,Master_Dataset\Matang\DS3_Amelonado_DSC_1984.jpg,DS3_Amelonado_DSC_1984.jpg,JPEG,5568,3712,1.5,0.41134411096572876,0.5644733905792236,0.41666746139526367,7683f326ab36c7ab2d55bd25109b6577
Matang,Master_Dataset\Matang\DS3_Amelonado_DSC_1985.jpg,DS3_Amelonado_DSC_1985.jpg,JPEG,5568,3712,1.5,0.4027576744556427,0.5621106624603271,0.43794161081314087,1e3e2046acbe503c8da5b83bae7bcf9c
Matang,Master_Dataset\Matang\DS3_Amelonado_DSC_1986.jpg,DS3_Amelonado_DSC_1986.jpg,JPEG,5568,3712,1.5,0.42778876423835754,0.579288899898529,0.4679678678512573,d4ad4fb05cccb7f02c9b48246a2d2519
Matang,Master_Dataset\Matang\DS3_Amelonado_DSC_1987.jpg,DS3_Amelonado_DSC_1987.jpg,JPEG,5568,3712,1.5,0.39401254057884216,0.5258347988128662,0.3892056345939636,09c41d3785ee809183f4a074f56eb4c9
Matang,Master_Dataset\Matang\DS3_Amelonado_DSC_1988.jpg,DS3_Amelonado_DSC_1988.jpg,JPEG,5568,3712,1.5,0.37563130259513855,0.5099114775657654,0.3605782985687256,3d1ea9ccd8e7b15b45854ab069d62fb1
Matang,Master_Dataset\Matang\DS3_Amelonado_DSC_2013.jpg,DS3_Amelonado_DSC_2013.jpg,JPEG,5568,3712,1.5,0.5355761647224426,0.5479751825332642,0.5376551747322083,4018ef85519ac931bdbd68d5b2e70629
Matang,Master_Dataset\Matang\DS3_Amelonado_DSC_2014.jpg,DS3_Amelonado_DSC_2014.jpg,JPEG,5568,3712,1.5,0.46444985270500183,0.4956689774990082,0.5248690247535706,d042b81952ed2f5add7b5971dbdd5bb8
Matang,Master_Dataset\Matang\DS3_Amelonado_DSC_2015.jpg,DS3_Amelonado_DSC_2015.jpg,JPEG,5568,3712,1.5,0.4639172852039337,0.4939955770969391,0.5223663449287415,b92875e8966c35d6925f36a52ed2ae34
Matang,Master_Dataset\Matang\DS3_Amelonado_DSC_2016.jpg,DS3_Amelonado_DSC_2016.jpg,JPEG,5568,3712,1.5,0.47154703736305237,0.4829370379447937,0.4857174754142761,42b790c9af2bf26323488efb1a59c44c
Matang,Master_Dataset\Matang\DS3_Amelonado_DSC_2017.jpg,DS3_Amelonado_DSC_2017.jpg,JPEG,5568,3712,1.5,0.47554752230644226,0.4864577353000641,0.48887118697166443,ad28e2cfdfba36a9d6e677ecdd16cd20
Matang,Master_Dataset\Matang\DS3_Amelonado_DSC_2018.jpg,DS3_Amelonado_DSC_2018.jpg,JPEG,5568,3712,1.5,0.46956896781921387,0.4833448827266693,0.508316695690155,88fe55155ce7b9b1127e51583e1ef0b8
Matang,Master_Dataset\Matang\DS3_Amelonado_DSC_2019.jpg,DS3_Amelonado_DSC_2019.jpg,JPEG,5568,3712,1.5,0.47014668583869934,0.4845970571041107,0.5097591280937195,fc9dc242ca538ba6a6e92e7fcd1731df
Matang,Master_Dataset\Matang\DS3_Amelonado_DSC_2020.jpg,DS3_Amelonado_DSC_2020.jpg,JPEG,5568,3712,1.5,0.43276017904281616,0.4695154130458832,0.5116077065467834,b6ded3d0ec83cc0995638de01acb420f
Matang,Master_Dataset\Matang\DS3_Amelonado_DSC_2021.jpg,DS3_Amelonado_DSC_2021.jpg,JPEG,5568,3712,1.5,0.42868658900260925,0.46568965911865234,0.5094696283340454,fa1165d1b36339d6fad73b7a354575f7
Matang,Master_Dataset\Matang\DS3_Amelonado_DSC_2022.jpg,DS3_Amelonado_DSC_2022.jpg,JPEG,5568,3712,1.5,0.44375693798065186,0.48097193241119385,0.5207840204238892,1446ace239a61df2f1c311002466791c
Matang,Master_Dataset\Matang\DS3_Amelonado_DSC_2023.jpg,DS3_Amelonado_DSC_2023.jpg,JPEG,5568,3712,1.5,0.43856602907180786,0.4763278663158417,0.5136367678642273,aee478f3dad09fd5f5805c3f335ebf6f
Matang,Master_Dataset\Matang\DS3_Amelonado_DSC_2024.jpg,DS3_Amelonado_DSC_2024.jpg,JPEG,5568,3712,1.5,0.49675458669662476,0.5047896504402161,0.5066200494766235,707331bb1036682731fb2da6d8b68d35
Matang,Master_Dataset\Matang\DS3_Amelonado_DSC_2025.jpg,DS3_Amelonado_DSC_2025.jpg,JPEG,5568,3712,1.5,0.489795446395874,0.5003656148910522,0.5053552389144897,e76a697e251751ae854fe079004ad39e
Matang,Master_Dataset\Matang\DS3_Amelonado_DSC_2026.jpg,DS3_Amelonado_DSC_2026.jpg,JPEG,5568,3712,1.5,0.49839502573013306,0.5382677316665649,0.5794532895088196,84747d474618f419f9fcefad3a3f625c
Matang,Master_Dataset\Matang\DS3_Amelonado_DSC_2027.jpg,DS3_Amelonado_DSC_2027.jpg,JPEG,5568,3712,1.5,0.48864421248435974,0.5284514427185059,0.5699201822280884,a58b5a1011c96ce688395ba316b6a6b0
Matang,Master_Dataset\Matang\DS3_Amelonado_DSC_2063.jpg,DS3_Amelonado_DSC_2063.jpg,JPEG,5568,3712,1.5,0.3036058843135834,0.42235124111175537,0.27619144320487976,774101ed71e2ac4cb0e27c74ff7b4021
Matang,Master_Dataset\Matang\DS3_Amelonado_DSC_2064.jpg,DS3_Amelonado_DSC_2064.jpg,JPEG,5568,3712,1.5,0.28488779067993164,0.40236541628837585,0.260640025138855,ca6b7171490b906dca0ed4ddbb43fc76
Matang,Master_Dataset\Matang\DS3_Amelonado_DSC_2065.jpg,DS3_Amelonado_DSC_2065.jpg,JPEG,5568,3712,1.5,0.2840769588947296,0.4028475880622864,0.2588222920894623,3dbe6d55644997fa7f1ed8fb45f2e7d2
Matang,Master_Dataset\Matang\DS3_Amelonado_DSC_2066.jpg,DS3_Amelonado_DSC_2066.jpg,JPEG,5568,3712,1.5,0.40684568881988525,0.5111322999000549,0.37491297721862793,46733fac2fcf36118788df85fb93f2a2
Matang,Master_Dataset\Matang\DS3_Amelonado_DSC_2067.jpg,DS3_Amelonado_DSC_2067.jpg,JPEG,5568,3712,1.5,0.40542057156562805,0.5123053789138794,0.36602041125297546,ece40a97289aca59f953caf30863d6a7
Matang,Master_Dataset\Matang\DS3_Amelonado_DSC_2068.jpg,DS3_Amelonado_DSC_2068.jpg,JPEG,5568,3712,1.5,0.3937698006629944,0.5066777467727661,0.3383391201496124,3217929ad57ec90022055cd7e59fa39e
Matang,Master_Dataset\Matang\DS3_Amelonado_DSC_2069.jpg,DS3_Amelonado_DSC_2069.jpg,JPEG,5568,3712,1.5,0.32060614228248596,0.4398145079612732,0.32485705614089966,20ee214bac94d1168eff722eaee7a42a
Matang,Master_Dataset\Matang\DS3_Amelonado_DSC_2070.jpg,DS3_Amelonado_DSC_2070.jpg,JPEG,5568,3712,1.5,0.308122456073761,0.42932048439979553,0.30051547288894653,b9bf9bbbb3296b68173a204f91daf3ef
Matang,Master_Dataset\Matang\DS3_Amelonado_DSC_2071.jpg,DS3_Amelonado_DSC_2071.jpg,JPEG,5568,3712,1.5,0.3038439452648163,0.42144495248794556,0.29735639691352844,aa21c1bf5139b2a33e06e92c03a761c4
Matang,Master_Dataset\Matang\DS3_Amelonado_DSC_2138.jpg,DS3_Amelonado_DSC_2138.jpg,JPEG,5568,3712,1.5,0.2954452335834503,0.38827961683273315,0.28884977102279663,35bfb028108dda6a5c91c58d661e269d
Matang,Master_Dataset\Matang\DS3_Amelonado_DSC_2139.jpg,DS3_Amelonado_DSC_2139.jpg,JPEG,5568,3712,1.5,0.3017764687538147,0.39897310733795166,0.3010570704936981,5802f60b1c2ea26f9440bca4b160684d
Matang,Master_Dataset\Matang\DS3_Amelonado_DSC_2140.jpg,DS3_Amelonado_DSC_2140.jpg,JPEG,5568,3712,1.5,0.3615453839302063,0.4240489900112152,0.3166865110397339,e933d72419267bff1a1d19a1e452e586
Matang,Master_Dataset\Matang\DS3_Amelonado_DSC_2141.jpg,DS3_Amelonado_DSC_2141.jpg,JPEG,5568,3712,1.5,0.35633236169815063,0.4236803650856018,0.3121139407157898,0ff7e2ad60140c6ea50820061d668e7c
Matang,Master_Dataset\Matang\DS3_Amelonado_DSC_2142.jpg,DS3_Amelonado_DSC_2142.jpg,JPEG,5568,3712,1.5,0.35674619674682617,0.4835512340068817,0.2777164876461029,4697fad2d3d077bca85fd8e9fe02e0cf
Matang,Master_Dataset\Matang\DS3_Amelonado_DSC_2143.jpg,DS3_Amelonado_DSC_2143.jpg,JPEG,5568,3712,1.5,0.3579443097114563,0.48488107323646545,0.2750203609466553,1ef699a5b6246d6fd2aa37606bbc4e2b
Matang,Master_Dataset\Matang\DS3_Amelonado_DSC_2219.jpg,DS3_Amelonado_DSC_2219.jpg,JPEG,5568,3712,1.5,0.38647380471229553,0.5303462147712708,0.439953476190567,548020fa8eca935b5edcd7637eee298a
Matang,Master_Dataset\Matang\DS3_Amelonado_DSC_2220.jpg,DS3_Amelonado_DSC_2220.jpg,JPEG,5568,3712,1.5,0.3884356915950775,0.5296090841293335,0.4399906396865845,9ee6093cc8313c178750ebc907f197db
Matang,Master_Dataset\Matang\DS3_Amelonado_DSC_2224.jpg,DS3_Amelonado_DSC_2224.jpg,JPEG,5568,3712,1.5,0.2582615613937378,0.3372637927532196,0.2993917763233185,a4682ab35ebbcba694010f7c2bb62df4
Matang,Master_Dataset\Matang\DS3_Amelonado_DSC_2225.jpg,DS3_Amelonado_DSC_2225.jpg,JPEG,5568,3712,1.5,0.2545272409915924,0.335522323846817,0.29081326723098755,f276c0cf6a93102d2ef721eed0465b3a
Matang,Master_Dataset\Matang\DS3_Amelonado_DSC_2226.jpg,DS3_Amelonado_DSC_2226.jpg,JPEG,5568,3712,1.5,0.23587392270565033,0.36125701665878296,0.16707652807235718,6ab19a0eb8f5d68c91103a861da9ebe3
Matang,Master_Dataset\Matang\DS3_Amelonado_DSC_2227.jpg,DS3_Amelonado_DSC_2227.jpg,JPEG,5568,3712,1.5,0.23305651545524597,0.35529863834381104,0.17036068439483643,909bbcbf4a8ab6639ee51e95e13ef853
Matang,Master_Dataset\Matang\DS3_Amelonado_DSC_2230.jpg,DS3_Amelonado_DSC_2230.jpg,JPEG,5568,3712,1.5,0.45124948024749756,0.516780436038971,0.4813980460166931,61a7adfa7ccfba13ac44dddcd24102af
Matang,Master_Dataset\Matang\DS3_Amelonado_DSC_2231.jpg,DS3_Amelonado_DSC_2231.jpg,JPEG,5568,3712,1.5,0.4551359713077545,0.5195322036743164,0.4820405840873718,28eb1f5d108791dc56e31967af46e8c5
Matang,Master_Dataset\Matang\DS3_Amelonado_DSC_2232.jpg,DS3_Amelonado_DSC_2232.jpg,JPEG,5568,3712,1.5,0.38151636719703674,0.5254265666007996,0.42636534571647644,401d293428958bc52543badb6287bae4
Matang,Master_Dataset\Matang\DS3_Amelonado_DSC_2233.jpg,DS3_Amelonado_DSC_2233.jpg,JPEG,5568,3712,1.5,0.3816162943840027,0.5245553255081177,0.4251768887042999,e631bf9dd93e67bc5f6927709a661d67
Matang,Master_Dataset\Matang\DS3_Amelonado_DSC_2234.jpg,DS3_Amelonado_DSC_2234.jpg,JPEG,5568,3712,1.5,0.3814443349838257,0.5245162844657898,0.42461350560188293,fd747c722e409e3865495b414a3ce09a
Matang,Master_Dataset\Matang\DS3_Amelonado_DSC_2235.jpg,DS3_Amelonado_DSC_2235.jpg,JPEG,5568,3712,1.5,0.3587836027145386,0.5280621647834778,0.40589308738708496,4939590ec2d8cf08aabce49c69f11a94
Matang,Master_Dataset\Matang\DS3_Amelonado_DSC_2236.jpg,DS3_Amelonado_DSC_2236.jpg,JPEG,5568,3712,1.5,0.359001100063324,0.527439296245575,0.40520766377449036,ceec2eb070e38e5753249006a4e3f21e
Matang,Master_Dataset\Matang\DS3_Amelonado_DSC_2237.jpg,DS3_Amelonado_DSC_2237.jpg,JPEG,5568,3712,1.5,0.3795088827610016,0.5297189950942993,0.404380202293396,c9b72e5504e53648ee0b184be8145bc8
Matang,Master_Dataset\Matang\DS3_Amelonado_DSC_2238.jpg,DS3_Amelonado_DSC_2238.jpg,JPEG,5568,3712,1.5,0.37649843096733093,0.52889484167099,0.40384402871131897,e302b889d205d5b9b3b01010d56b8ca1
Matang,Master_Dataset\Matang\DS3_Amelonado_DSC_2239.jpg,DS3_Amelonado_DSC_2239.jpg,JPEG,5568,3712,1.5,0.3777930438518524,0.5307888984680176,0.4049595892429352,5216fb6c4b0ffeda9ac803c26ece62ce
Matang,Master_Dataset\Matang\DS3_Amelonado_DSC_2240.jpg,DS3_Amelonado_DSC_2240.jpg,JPEG,5568,3712,1.5,0.46863412857055664,0.5256989002227783,0.4889397919178009,584365a20e848da75f785644302a1f34
Matang,Master_Dataset\Matang\DS3_Amelonado_DSC_2241.jpg,DS3_Amelonado_DSC_2241.jpg,JPEG,5568,3712,1.5,0.4639616012573242,0.5234480500221252,0.4866047501564026,f69608d0ee622d4c7eeaae069f75f3cb
Matang,Master_Dataset\Matang\DS3_Amelonado_DSC_2242.jpg,DS3_Amelonado_DSC_2242.jpg,JPEG,5568,3712,1.5,0.45366767048835754,0.5240346789360046,0.5136056542396545,10849ee298fba5d8da41cde21ac0bed8
Matang,Master_Dataset\Matang\DS3_Amelonado_DSC_2243.jpg,DS3_Amelonado_DSC_2243.jpg,JPEG,5568,3712,1.5,0.4557819664478302,0.524044930934906,0.51175856590271,9912ae42015d17e493fb5129f18d3149
Matang,Master_Dataset\Matang\DS3_Amelonado_DSC_2261.jpg,DS3_Amelonado_DSC_2261.jpg,JPEG,5568,3712,1.5,0.41938647627830505,0.49576759338378906,0.5231203436851501,41a5fe4d41c67486b9dfbe52843da3a7
Matang,Master_Dataset\Matang\DS3_Amelonado_DSC_2262.jpg,DS3_Amelonado_DSC_2262.jpg,JPEG,5568,3712,1.5,0.41931918263435364,0.49624156951904297,0.5234103798866272,68ab17a2e90eb8b4be30ad20e87ca767
Matang,Master_Dataset\Matang\DS3_Amelonado_DSC_2263.jpg,DS3_Amelonado_DSC_2263.jpg,JPEG,5568,3712,1.5,0.41640791296958923,0.49500563740730286,0.5190539956092834,da9dccd4236a0db8e5e36e5e7c45e1ba
Matang,Master_Dataset\Matang\DS3_Amelonado_DSC_2269.jpg,DS3_Amelonado_DSC_2269.jpg,JPEG,5568,3712,1.5,0.4140479266643524,0.49763861298561096,0.5227774381637573,6260aca07ee8f9072004ac56ddc1724b
Matang,Master_Dataset\Matang\DS3_Amelonado_DSC_2270.jpg,DS3_Amelonado_DSC_2270.jpg,JPEG,5568,3712,1.5,0.41735196113586426,0.4995129108428955,0.5333002805709839,a7cf9a3af0260e0ec5cb613d7df9a09f
Matang,Master_Dataset\Matang\DS3_Amelonado_DSC_2271.jpg,DS3_Amelonado_DSC_2271.jpg,JPEG,5568,3712,1.5,0.42449602484703064,0.4953047037124634,0.4611832797527313,11dc9a74012576fe6383585c83b9b474
Matang,Master_Dataset\Matang\DS3_Amelonado_DSC_2272.jpg,DS3_Amelonado_DSC_2272.jpg,JPEG,5568,3712,1.5,0.42278963327407837,0.49879953265190125,0.46594494581222534,8e0c3a6ba7d06e57429d8c3c6647f8a3
Matang,Master_Dataset\Matang\DS3_Amelonado_DSC_2279.jpg,DS3_Amelonado_DSC_2279.jpg,JPEG,5568,3712,1.5,0.4161452651023865,0.48522722721099854,0.5110637545585632,c0787b96f6f6a2b3c5a91ce6dc8e25ad
Matang,Master_Dataset\Matang\DS3_Amelonado_DSC_2280.jpg,DS3_Amelonado_DSC_2280.jpg,JPEG,5568,3712,1.5,0.41706928610801697,0.4865480661392212,0.5177786946296692,4b8f287c4b530065dbe24c6b5e4bd401
Matang,Master_Dataset\Matang\DS3_Amelonado_DSC_2281.jpg,DS3_Amelonado_DSC_2281.jpg,JPEG,5568,3712,1.5,0.419873982667923,0.5065889954566956,0.4609147906303406,31a57f2a83cb89aeee461f8a40b8747a
Matang,Master_Dataset\Matang\DS3_Amelonado_DSC_2282.jpg,DS3_Amelonado_DSC_2282.jpg,JPEG,5568,3712,1.5,0.41777271032333374,0.5073280334472656,0.45805037021636963,67b7b88f9d352fa177f48dc6c297d4ea
Matang,Master_Dataset\Matang\DS3_Amelonado_DSC_2290.jpg,DS3_Amelonado_DSC_2290.jpg,JPEG,5568,3712,1.5,0.40872782468795776,0.5007840991020203,0.5380147099494934,327cc74a2d91d378e56a53c7f6c2d89a
Matang,Master_Dataset\Matang\DS3_Amelonado_DSC_2291.jpg,DS3_Amelonado_DSC_2291.jpg,JPEG,5568,3712,1.5,0.3951975107192993,0.5100668668746948,0.4847249686717987,253837d64e06ce66844222853961b1e5
Matang,Master_Dataset\Matang\DS3_Amelonado_DSC_2292.jpg,DS3_Amelonado_DSC_2292.jpg,JPEG,5568,3712,1.5,0.3880428373813629,0.508206844329834,0.48648348450660706,e036768c0d7647bb60e63ed91c8ff8dc
Matang,Master_Dataset\Matang\DS3_Amelonado_IMG_20220526_094114_5.jpg,DS3_Amelonado_IMG_20220526_094114_5.jpg,JPEG,1440,3200,0.45,0.5061135292053223,0.5056266188621521,0.4002954661846161,74a99b8a873777ae2dab8049fc4d3333
Matang,Master_Dataset\Matang\DS3_Amelonado_IMG_20220526_094118_3.jpg,DS3_Amelonado_IMG_20220526_094118_3.jpg,JPEG,1440,3200,0.45,0.5197787880897522,0.5168231129646301,0.4067457318305969,7b5c97ef69ddae15be5063abed97c9c7
Matang,Master_Dataset\Matang\DS3_Amelonado_IMG_20220526_094123_5.jpg,DS3_Amelonado_IMG_20220526_094123_5.jpg,JPEG,1440,3200,0.45,0.5160592198371887,0.5058075189590454,0.4019361138343811,af313944d6bdbccc93c5e607fcb05642
Matang,Master_Dataset\Matang\DS3_Amelonado_IMG_20220526_094150_7.jpg,DS3_Amelonado_IMG_20220526_094150_7.jpg,JPEG,1440,3200,0.45,0.5017768740653992,0.502560555934906,0.4249556362628937,269d8c79b7815d424c94d8d5f4da3f3a
Matang,Master_Dataset\Matang\DS3_Amelonado_IMG_20220526_094154_1.jpg,DS3_Amelonado_IMG_20220526_094154_1.jpg,JPEG,1440,3200,0.45,0.5406615734100342,0.5367366671562195,0.4738328754901886,31d0754ee92a1a805387747c289a1199
Matang,Master_Dataset\Matang\DS3_Amelonado_IMG_20220526_094238_9.jpg,DS3_Amelonado_IMG_20220526_094238_9.jpg,JPEG,1440,3200,0.45,0.5910488963127136,0.5047817230224609,0.3536374866962433,66df912e66f254bbee156e46c459d1ab
Matang,Master_Dataset\Matang\DS3_Amelonado_IMG_20220526_094241_8.jpg,DS3_Amelonado_IMG_20220526_094241_8.jpg,JPEG,1440,3200,0.45,0.5723691582679749,0.4927126169204712,0.34172967076301575,d9833a6a91154b7af71ce9ad989d0993
Matang,Master_Dataset\Matang\DS3_Amelonado_IMG_20220526_094245_1.jpg,DS3_Amelonado_IMG_20220526_094245_1.jpg,JPEG,1440,3200,0.45,0.5493725538253784,0.48274558782577515,0.3375288248062134,d902dbf72b0c242ae579edbac1344242
Matang,Master_Dataset\Matang\DS3_Amelonado_IMG_20220526_094249_5.jpg,DS3_Amelonado_IMG_20220526_094249_5.jpg,JPEG,1440,3200,0.45,0.5913292765617371,0.5091080665588379,0.37037193775177,ee1e5d24d3c0b39ee01f5117f8e8bdd2
Matang,Master_Dataset\Matang\DS3_Amelonado_IMG_20220526_094251_8.jpg,DS3_Amelonado_IMG_20220526_094251_8.jpg,JPEG,1440,3200,0.45,0.5810161232948303,0.5011178255081177,0.3511727452278137,a889251c35be403d71ee40dcc6ba4b40
Matang,Master_Dataset\Matang\DS3_Amelonado_IMG_20220526_094309_8.jpg,DS3_Amelonado_IMG_20220526_094309_8.jpg,JPEG,1440,3200,0.45,0.5891333818435669,0.5124754905700684,0.3974986672401428,cc9da11c1069e3ec95c86f99c6fcc358
Matang,Master_Dataset\Matang\DS3_Amelonado_IMG_20220526_094311_6.jpg,DS3_Amelonado_IMG_20220526_094311_6.jpg,JPEG,1440,3200,0.45,0.5986142754554749,0.5080171823501587,0.39321428537368774,6681e4e0d6c108ef1a7be6f5bf44a9fa
Matang,Master_Dataset\Matang\DS3_Amelonado_IMG_20220526_094313_7.jpg,DS3_Amelonado_IMG_20220526_094313_7.jpg,JPEG,1440,3200,0.45,0.5950806736946106,0.5120964646339417,0.3954988420009613,7b572e7ba82b0456119309956f9f84e0
Matang,Master_Dataset\Matang\DS3_Amelonado_IMG_20220526_094320_1.jpg,DS3_Amelonado_IMG_20220526_094320_1.jpg,JPEG,1440,3200,0.45,0.6104187369346619,0.4795241057872772,0.36872127652168274,04aed246bfe6d82acdd7e43e37a708a9
Matang,Master_Dataset\Matang\DS3_Amelonado_IMG_20220526_094321_9.jpg,DS3_Amelonado_IMG_20220526_094321_9.jpg,JPEG,1440,3200,0.45,0.6160443425178528,0.4743662476539612,0.3720959424972534,94a96fe3757e26c2b506e34c71aa2e78
Matang,Master_Dataset\Matang\DS3_Amelonado_IMG_20220526_094324_4.jpg,DS3_Amelonado_IMG_20220526_094324_4.jpg,JPEG,1440,3200,0.45,0.5727426409721375,0.4933789074420929,0.3788750171661377,f0e01fabbdc538ab3417aba467826442
Matang,Master_Dataset\Matang\DS3_Amelonado_IMG_20220526_094327_3.jpg,DS3_Amelonado_IMG_20220526_094327_3.jpg,JPEG,1440,3200,0.45,0.5947251915931702,0.5280327796936035,0.39954254031181335,5a876fb63f7982d81f387d2d26460af6
Matang,Master_Dataset\Matang\DS3_Amelonado_IMG_20220526_094329_6.jpg,DS3_Amelonado_IMG_20220526_094329_6.jpg,JPEG,1440,3200,0.45,0.5821373462677002,0.5203668475151062,0.3855043947696686,fb4fe0819dd892bf2d1c7f7cc3d3bd01
Matang,Master_Dataset\Matang\DS3_Amelonado_IMG_20220526_094520_4.jpg,DS3_Amelonado_IMG_20220526_094520_4.jpg,JPEG,1440,3200,0.45,0.5895035862922668,0.5078150033950806,0.36613866686820984,651dfabab9f8025c88df50114a0c591b
Matang,Master_Dataset\Matang\DS3_Amelonado_IMG_20220526_094523_0.jpg,DS3_Amelonado_IMG_20220526_094523_0.jpg,JPEG,1440,3200,0.45,0.589380145072937,0.5151369571685791,0.3633863031864166,4398fd336cf4ab7493bfa25121d54125
Matang,Master_Dataset\Matang\DS3_Amelonado_IMG_20220526_094529_9.jpg,DS3_Amelonado_IMG_20220526_094529_9.jpg,JPEG,1440,3200,0.45,0.589260995388031,0.5221167206764221,0.41169044375419617,495a4b3744715f81955380ea95687f5f
Matang,Master_Dataset\Matang\DS3_Amelonado_IMG_20220526_094534_1.jpg,DS3_Amelonado_IMG_20220526_094534_1.jpg,JPEG,1440,3200,0.45,0.6152433753013611,0.5534388422966003,0.45333540439605713,f4af4e586b9455f46dbf9e9062c75cd9
Matang,Master_Dataset\Matang\DS3_Amelonado_IMG_20220526_094538_2.jpg,DS3_Amelonado_IMG_20220526_094538_2.jpg,JPEG,1440,3200,0.45,0.5958104729652405,0.5209246873855591,0.4481591582298279,dd6726ed491ad5af0ec25c8169ab9e41
Matang,Master_Dataset\Matang\DS3_Amelonado_IMG_20220526_094540_1.jpg,DS3_Amelonado_IMG_20220526_094540_1.jpg,JPEG,1440,3200,0.45,0.6023014783859253,0.5266556143760681,0.45806819200515747,5d628d6f3351341d7573d955caba8861
Matang,Master_Dataset\Matang\DS3_Amelonado_IMG_20220526_094545_4.jpg,DS3_Amelonado_IMG_20220526_094545_4.jpg,JPEG,1440,3200,0.45,0.6009172201156616,0.5557610392570496,0.42951494455337524,9e25d067b74337f3fee006ab25f3734a
Matang,Master_Dataset\Matang\DS3_Amelonado_IMG_20220526_094851_2.jpg,DS3_Amelonado_IMG_20220526_094851_2.jpg,JPEG,1440,3200,0.45,0.4949570894241333,0.4923858046531677,0.3635484278202057,ed85b98230c513f9a75b67dbdc7d1ebd
Matang,Master_Dataset\Matang\DS3_Amelonado_IMG_20220526_094854_7.jpg,DS3_Amelonado_IMG_20220526_094854_7.jpg,JPEG,1440,3200,0.45,0.49856820702552795,0.49362319707870483,0.3617192208766937,9e81eec6d42931a423f56fefa5b14504
Matang,Master_Dataset\Matang\DS3_Amelonado_IMG_20220526_094858_8.jpg,DS3_Amelonado_IMG_20220526_094858_8.jpg,JPEG,1440,3200,0.45,0.48196181654930115,0.49110910296440125,0.3608975410461426,661e0750319086349ec03749681c0385
Matang,Master_Dataset\Matang\DS3_Amelonado_IMG_20220526_094901_8.jpg,DS3_Amelonado_IMG_20220526_094901_8.jpg,JPEG,1440,3200,0.45,0.4935525953769684,0.5017105340957642,0.35768160223960876,9b865766a14b60b3c3b0c05086d71a54
Matang,Master_Dataset\Matang\DS3_Amelonado_IMG_20220526_094905_0.jpg,DS3_Amelonado_IMG_20220526_094905_0.jpg,JPEG,1440,3200,0.45,0.4938209652900696,0.49643850326538086,0.3503014147281647,402f1d101e2451c00befbb1a44e52581
Matang,Master_Dataset\Matang\DS3_Amelonado_IMG_20220526_095221_1.jpg,DS3_Amelonado_IMG_20220526_095221_1.jpg,JPEG,1440,3200,0.45,0.4510948061943054,0.46160364151000977,0.3429872393608093,562b1206f2fa28c4a9abe3d60a1a31a2
Matang,Master_Dataset\Matang\DS3_Amelonado_IMG_20220526_095222_9.jpg,DS3_Amelonado_IMG_20220526_095222_9.jpg,JPEG,1440,3200,0.45,0.4618805944919586,0.4763217866420746,0.36719951033592224,5722ce81678f851f422bf4f882d0b59c
Matang,Master_Dataset\Matang\DS3_Amelonado_IMG_20220526_095225_8.jpg,DS3_Amelonado_IMG_20220526_095225_8.jpg,JPEG,1440,3200,0.45,0.4625944495201111,0.4721582233905792,0.3681354522705078,28efb9437fcc009b367eaedf093fb44c
Matang,Master_Dataset\Matang\DS3_Amelonado_IMG_20220526_095230_4.jpg,DS3_Amelonado_IMG_20220526_095230_4.jpg,JPEG,1440,3200,0.45,0.44736969470977783,0.46169400215148926,0.3476778566837311,8a18b02e6c161307cd698f817146e1eb
Matang,Master_Dataset\Matang\DS3_Amelonado_IMG_20220526_095232_0.jpg,DS3_Amelonado_IMG_20220526_095232_0.jpg,JPEG,1440,3200,0.45,0.45220041275024414,0.4660959839820862,0.35464784502983093,70fd65732c4446d66fe3f64e5f5a7c1a
Matang,Master_Dataset\Matang\DS3_Amelonado_IMG_20220526_095235_5.jpg,DS3_Amelonado_IMG_20220526_095235_5.jpg,JPEG,1440,3200,0.45,0.459584504365921,0.46656396985054016,0.3598043620586395,c7d2f89c83b715e1100e097909cd53a6
Matang,Master_Dataset\Matang\DS3_Amelonado_IMG_20220526_095237_3.jpg,DS3_Amelonado_IMG_20220526_095237_3.jpg,JPEG,1440,3200,0.45,0.45484086871147156,0.46155285835266113,0.35379472374916077,d3154d83915988d81ab711bf17f7aeea
Matang,Master_Dataset\Matang\DS3_Amelonado_IMG_20220526_095239_5.jpg,DS3_Amelonado_IMG_20220526_095239_5.jpg,JPEG,1440,3200,0.45,0.4557839334011078,0.46132808923721313,0.35186851024627686,6eb7c2713b333a80653ca77d381883ce
Matang,Master_Dataset\Matang\DS3_Amelonado_IMG_20220526_100631_5.jpg,DS3_Amelonado_IMG_20220526_100631_5.jpg,JPEG,1440,3200,0.45,0.4952836334705353,0.4723472595214844,0.27054163813591003,95468faf1fe567ad3b8af1161a7f3756
Matang,Master_Dataset\Matang\DS3_Amelonado_IMG_20220526_100633_0.jpg,DS3_Amelonado_IMG_20220526_100633_0.jpg,JPEG,1440,3200,0.45,0.5238984823226929,0.502890408039093,0.3046373426914215,06a1bf6064c369b6d7f7c82a375573d8
Matang,Master_Dataset\Matang\DS3_Amelonado_IMG_20220526_100634_9.jpg,DS3_Amelonado_IMG_20220526_100634_9.jpg,JPEG,1440,3200,0.45,0.49813488125801086,0.46806758642196655,0.27312296628952026,288a8f08b78fbb28754afc56fcb0c331
Matang,Master_Dataset\Matang\DS3_Amelonado_IMG_20220526_100639_0.jpg,DS3_Amelonado_IMG_20220526_100639_0.jpg,JPEG,1440,3200,0.45,0.4794233441352844,0.45385095477104187,0.2595852017402649,b0be2ff65ad2599059eb6cbca48451b0
Matang,Master_Dataset\Matang\DS3_Amelonado_IMG_20220526_100948_2.jpg,DS3_Amelonado_IMG_20220526_100948_2.jpg,JPEG,1440,3200,0.45,0.5294983386993408,0.5069535970687866,0.3489305078983307,c94379a7fb6018cf9f1852ef0c657311
Matang,Master_Dataset\Matang\DS3_Amelonado_IMG_20220526_100949_8.jpg,DS3_Amelonado_IMG_20220526_100949_8.jpg,JPEG,1440,3200,0.45,0.5276723504066467,0.508350670337677,0.3441556692123413,53136ebbb811722bbbe91a622c33429d
Matang,Master_Dataset\Matang\DS3_Amelonado_IMG_20220526_100951_4.jpg,DS3_Amelonado_IMG_20220526_100951_4.jpg,JPEG,1440,3200,0.45,0.5282167196273804,0.50949627161026,0.34340471029281616,260303b6545153bf17b2b2e846486d72
Matang,Master_Dataset\Matang\DS3_Amelonado_IMG_20220526_100953_2.jpg,DS3_Amelonado_IMG_20220526_100953_2.jpg,JPEG,1440,3200,0.45,0.522659420967102,0.5004875063896179,0.3532639145851135,90f4313d177757d3f484335a98619893
Matang,Master_Dataset\Matang\DS3_Amelonado_IMG_20220526_100958_4.jpg,DS3_Amelonado_IMG_20220526_100958_4.jpg,JPEG,1440,3200,0.45,0.5426884889602661,0.5287584066390991,0.3743802309036255,9855ebf25c20324d21c28fe7b5add1ed
Matang,Master_Dataset\Matang\DS3_Amelonado_IMG_20220526_101000_1.jpg,DS3_Amelonado_IMG_20220526_101000_1.jpg,JPEG,1440,3200,0.45,0.5591509342193604,0.5379804968833923,0.3819469213485718,3901bb547276bf3f278895fc51947bc0
Matang,Master_Dataset\Matang\DS3_Amelonado_IMG_20220526_101002_4.jpg,DS3_Amelonado_IMG_20220526_101002_4.jpg,JPEG,1440,3200,0.45,0.5417612195014954,0.5245158672332764,0.37284255027770996,5f83b8b6f0be85a52deeb7ceb8a2503b
Matang,Master_Dataset\Matang\DS3_Amelonado_IMG_20220526_101005_6.jpg,DS3_Amelonado_IMG_20220526_101005_6.jpg,JPEG,1440,3200,0.45,0.5435108542442322,0.5359580516815186,0.3474609851837158,a817c9b29f727f59b82990b72f088bcf
Matang,Master_Dataset\Matang\DS3_Amelonado_IMG_20220526_101007_4.jpg,DS3_Amelonado_IMG_20220526_101007_4.jpg,JPEG,1440,3200,0.45,0.5352138876914978,0.5322702527046204,0.35236144065856934,1106b1d5295cf2e845f2fcb480f341ef
Matang,Master_Dataset\Matang\DS3_Amelonado_IMG_20220526_101009_0.jpg,DS3_Amelonado_IMG_20220526_101009_0.jpg,JPEG,1440,3200,0.45,0.5468619465827942,0.5418289303779602,0.3554133474826813,64fbb748616f1b94a54aa9f7d1df994a
Matang,Master_Dataset\Matang\DS3_Amelonado_IMG_20220526_101012_7.jpg,DS3_Amelonado_IMG_20220526_101012_7.jpg,JPEG,1440,3200,0.45,0.5134503841400146,0.5128870606422424,0.3513409197330475,60127f255c7fd120200236a3916670bc
Matang,Master_Dataset\Matang\DS3_Amelonado_IMG_20220526_102137_8.jpg,DS3_Amelonado_IMG_20220526_102137_8.jpg,JPEG,1440,3200,0.45,0.5341723561286926,0.49956002831459045,0.320487916469574,b014d65ac009fd42fd90649b4931b63b
Matang,Master_Dataset\Matang\DS3_Amelonado_IMG_20220526_102139_8.jpg,DS3_Amelonado_IMG_20220526_102139_8.jpg,JPEG,1440,3200,0.45,0.5396648645401001,0.5028242468833923,0.34326985478401184,ecfe9367f220899d5561ea69535c6a0a
Matang,Master_Dataset\Matang\DS3_Amelonado_IMG_20220526_102141_7.jpg,DS3_Amelonado_IMG_20220526_102141_7.jpg,JPEG,1440,3200,0.45,0.5471751093864441,0.5153300762176514,0.34644806385040283,7c1b899af03b09b81aaeb04676bec77b
Matang,Master_Dataset\Matang\DS3_Amelonado_IMG_20220526_102145_4.jpg,DS3_Amelonado_IMG_20220526_102145_4.jpg,JPEG,1440,3200,0.45,0.5488864779472351,0.5132312178611755,0.36395543813705444,60ed107e1d6ef9b3d784879e7151a839
Matang,Master_Dataset\Matang\DS3_Amelonado_IMG_20220526_102147_8.jpg,DS3_Amelonado_IMG_20220526_102147_8.jpg,JPEG,1440,3200,0.45,0.5516054630279541,0.523662805557251,0.36428216099739075,99c678f2fc089c1487a8908335177b43
Matang,Master_Dataset\Matang\DS3_Amelonado_IMG_20220526_102154_3.jpg,DS3_Amelonado_IMG_20220526_102154_3.jpg,JPEG,1440,3200,0.45,0.5249232649803162,0.5041564702987671,0.2811475992202759,7fc59b385b7c1a29dc1c035ae8bfe440
Matang,Master_Dataset\Matang\DS3_Amelonado_IMG_20220526_102156_8.jpg,DS3_Amelonado_IMG_20220526_102156_8.jpg,JPEG,1440,3200,0.45,0.5260360836982727,0.50822913646698,0.26602765917778015,5e227a310a0d6e42cc47cbe5d1fe134b
Matang,Master_Dataset\Matang\DS3_Amelonado_IMG_20220526_102158_2.jpg,DS3_Amelonado_IMG_20220526_102158_2.jpg,JPEG,1440,3200,0.45,0.5235199332237244,0.5018138289451599,0.2576659023761749,593fbe45908cbad3cc88f50654168d1f
Matang,Master_Dataset\Matang\DS3_Amelonado_IMG_20220526_102204_6.jpg,DS3_Amelonado_IMG_20220526_102204_6.jpg,JPEG,1440,3200,0.45,0.534098744392395,0.5164295434951782,0.348092645406723,88e8fc8dc59409d31eae2a6428ee2aca
Matang,Master_Dataset\Matang\DS3_Amelonado_IMG_20220526_102206_0.jpg,DS3_Amelonado_IMG_20220526_102206_0.jpg,JPEG,1440,3200,0.45,0.5336402058601379,0.5185640454292297,0.3496399223804474,550f7a03291a924d974bd5f169ec76a4
Matang,Master_Dataset\Matang\DS3_Amelonado_IMG_20220526_102227_6.jpg,DS3_Amelonado_IMG_20220526_102227_6.jpg,JPEG,1440,3200,0.45,0.49519863724708557,0.5050861239433289,0.29215145111083984,8e575215adee196a5fcc4f6746ca5cc9
Matang,Master_Dataset\Matang\DS3_Amelonado_IMG_20220526_102229_0.jpg,DS3_Amelonado_IMG_20220526_102229_0.jpg,JPEG,1440,3200,0.45,0.4886208474636078,0.5016642212867737,0.2945083677768707,c1c408e3499fa07734aff2dc90542e61
Matang,Master_Dataset\Matang\DS3_Amelonado_IMG_20220526_102230_4.jpg,DS3_Amelonado_IMG_20220526_102230_4.jpg,JPEG,1440,3200,0.45,0.4826197326183319,0.4955483675003052,0.27904677391052246,7eb80d45c0c3fe0b0785c650d3946398
Matang,Master_Dataset\Matang\DS3_Amelonado_IMG_20220526_102233_2.jpg,DS3_Amelonado_IMG_20220526_102233_2.jpg,JPEG,1440,3200,0.45,0.498067706823349,0.5099465250968933,0.2856985628604889,ebf983205a82aa375b4fff5ab5cd8776
Matang,Master_Dataset\Matang\DS3_Angoleta_DSC_0634.jpg,DS3_Angoleta_DSC_0634.jpg,JPEG,5568,3712,1.5,0.4746120870113373,0.5272493958473206,0.34820911288261414,610b35cf2a5f5681c9ff30ae87c7cab1
Matang,Master_Dataset\Matang\DS3_Angoleta_DSC_0635.jpg,DS3_Angoleta_DSC_0635.jpg,JPEG,5568,3712,1.5,0.4787241518497467,0.531588613986969,0.3580228090286255,22c97727bbab89f225d74f43b3756800
Matang,Master_Dataset\Matang\DS3_Angoleta_DSC_0938.jpg,DS3_Angoleta_DSC_0938.jpg,JPEG,5568,3712,1.5,0.38319042325019836,0.4663737714290619,0.20337899029254913,05243ac6eafdac3b34070c64d65efda4
Matang,Master_Dataset\Matang\DS3_Angoleta_DSC_0939.jpg,DS3_Angoleta_DSC_0939.jpg,JPEG,5568,3712,1.5,0.4002860188484192,0.48468610644340515,0.1876659095287323,571690963eb781537e467cad79ddf7e5
Matang,Master_Dataset\Matang\DS3_Angoleta_DSC_0941.jpg,DS3_Angoleta_DSC_0941.jpg,JPEG,3712,5568,0.6667,0.3518676459789276,0.3944949209690094,0.185330331325531,172561d6b4a474164454acae417bc04d
Matang,Master_Dataset\Matang\DS3_Angoleta_DSC_0942.jpg,DS3_Angoleta_DSC_0942.jpg,JPEG,5568,3712,1.5,0.3640626072883606,0.41627076268196106,0.18313480913639069,be7b6e0458b3dfe8e6a1ca4b1af5a61b
Matang,Master_Dataset\Matang\DS3_Angoleta_DSC_0943.jpg,DS3_Angoleta_DSC_0943.jpg,JPEG,5568,3712,1.5,0.38032224774360657,0.43214869499206543,0.1785353273153305,fff336a95fd818234d5db74aa145b53c
Matang,Master_Dataset\Matang\DS3_Angoleta_DSC_0944.jpg,DS3_Angoleta_DSC_0944.jpg,JPEG,5568,3712,1.5,0.49795010685920715,0.482081800699234,0.40901654958724976,9f9d24743e228dcfae345cf19232f16d
Matang,Master_Dataset\Matang\DS3_Angoleta_DSC_0945.jpg,DS3_Angoleta_DSC_0945.jpg,JPEG,5568,3712,1.5,0.49125900864601135,0.47707638144493103,0.4047147333621979,749affbecfd901296111f3b6d7514c2b
Matang,Master_Dataset\Matang\DS3_Angoleta_DSC_1230.jpg,DS3_Angoleta_DSC_1230.jpg,JPEG,5568,3712,1.5,0.42228227853775024,0.5318995118141174,0.36843353509902954,78a0b6568265290532a1ed47b8a62910
Matang,Master_Dataset\Matang\DS3_Angoleta_DSC_1231.jpg,DS3_Angoleta_DSC_1231.jpg,JPEG,5568,3712,1.5,0.4197249412536621,0.5301212668418884,0.3658597469329834,a74429bdf2b03830583da16fb1c489ed
Matang,Master_Dataset\Matang\DS3_Angoleta_DSC_1252.jpg,DS3_Angoleta_DSC_1252.jpg,JPEG,5568,3712,1.5,0.3236977159976959,0.42871397733688354,0.33198773860931396,7e92411b2b62ea8c7c44c9d99168e86e
Matang,Master_Dataset\Matang\DS3_Angoleta_DSC_1253.jpg,DS3_Angoleta_DSC_1253.jpg,JPEG,5568,3712,1.5,0.31063714623451233,0.40613600611686707,0.3233422040939331,f354fd12fca41d8e55d41896ee75b162
Matang,Master_Dataset\Matang\DS3_Angoleta_DSC_2030.jpg,DS3_Angoleta_DSC_2030.jpg,JPEG,5568,3712,1.5,0.5317897200584412,0.5743122696876526,0.5983644723892212,2fa5f1ae10952dc098e581669366b271
Matang,Master_Dataset\Matang\DS3_Angoleta_DSC_2031.jpg,DS3_Angoleta_DSC_2031.jpg,JPEG,5568,3712,1.5,0.5303565263748169,0.5730924010276794,0.5992026925086975,8e97990dfd40e546cfb6848f352ad231
Matang,Master_Dataset\Matang\DS3_Angoleta_DSC_2032.jpg,DS3_Angoleta_DSC_2032.jpg,JPEG,5568,3712,1.5,0.5952771306037903,0.6268060803413391,0.6523413062095642,56165e601e4d8060ecd7076f72d82c49
Matang,Master_Dataset\Matang\DS3_Angoleta_DSC_2033.jpg,DS3_Angoleta_DSC_2033.jpg,JPEG,5568,3712,1.5,0.5970129370689392,0.6295748949050903,0.657244086265564,f8d0cc0467f14076dcffef1bdee9cb12
Matang,Master_Dataset\Matang\DS3_Angoleta_DSC_2034.jpg,DS3_Angoleta_DSC_2034.jpg,JPEG,5568,3712,1.5,0.5210692286491394,0.5392779111862183,0.5689623355865479,bda226df4655c6022d73ec4f8c68ae77
Matang,Master_Dataset\Matang\DS3_Angoleta_DSC_2035.jpg,DS3_Angoleta_DSC_2035.jpg,JPEG,5568,3712,1.5,0.5230951309204102,0.5414575934410095,0.5710763931274414,871a8b4e6c480f85107945c71fc17fcc
Matang,Master_Dataset\Matang\DS3_Angoleta_DSC_2072.jpg,DS3_Angoleta_DSC_2072.jpg,JPEG,5568,3712,1.5,0.43322065472602844,0.5185755491256714,0.43222731351852417,f2153d05106ff6bdf919a6f9e4869c9f
Matang,Master_Dataset\Matang\DS3_Angoleta_DSC_2073.jpg,DS3_Angoleta_DSC_2073.jpg,JPEG,5568,3712,1.5,0.4397878348827362,0.5215822458267212,0.44101589918136597,c94f2c617f0cd9ff993fae1924f036ed
Matang,Master_Dataset\Matang\DS3_Angoleta_DSC_2074.jpg,DS3_Angoleta_DSC_2074.jpg,JPEG,5568,3712,1.5,0.4434811472892761,0.5268257856369019,0.4453203082084656,1df7a7c1bfb23028f97b64a0a285dd81
Matang,Master_Dataset\Matang\DS3_Angoleta_DSC_2075.jpg,DS3_Angoleta_DSC_2075.jpg,JPEG,5568,3712,1.5,0.4043451249599457,0.5432706475257874,0.42791858315467834,df03f860701a3ea1feae3dec4e0feab0
Matang,Master_Dataset\Matang\DS3_Angoleta_DSC_2076.jpg,DS3_Angoleta_DSC_2076.jpg,JPEG,5568,3712,1.5,0.41350823640823364,0.5481736660003662,0.46859630942344666,9f138d163471f20a05b49a31f8320470
Matang,Master_Dataset\Matang\DS3_Angoleta_DSC_2077.jpg,DS3_Angoleta_DSC_2077.jpg,JPEG,5568,3712,1.5,0.4152279794216156,0.5509911775588989,0.481154203414917,698f14987834d631d118338d020f2227
Matang,Master_Dataset\Matang\DS3_Angoleta_DSC_2078.jpg,DS3_Angoleta_DSC_2078.jpg,JPEG,5568,3712,1.5,0.6216984391212463,0.740266740322113,0.6568819880485535,20758229051b00697092ffe3491d88de
Matang,Master_Dataset\Matang\DS3_Angoleta_DSC_2079.jpg,DS3_Angoleta_DSC_2079.jpg,JPEG,5568,3712,1.5,0.6180528998374939,0.7348006367683411,0.6584492325782776,2245bf08762c8000454fd28243abad38
Matang,Master_Dataset\Matang\DS3_Angoleta_DSC_2080.jpg,DS3_Angoleta_DSC_2080.jpg,JPEG,5568,3712,1.5,0.38132330775260925,0.5262090563774109,0.404300332069397,741a7f047ceae0bba4c9a27d94ced09c
Matang,Master_Dataset\Matang\DS3_Angoleta_DSC_2081.jpg,DS3_Angoleta_DSC_2081.jpg,JPEG,5568,3712,1.5,0.3841836750507355,0.5291906595230103,0.406910240650177,9ca4173432293c30420f6022691ba391
Matang,Master_Dataset\Matang\DS3_Angoleta_DSC_2084.jpg,DS3_Angoleta_DSC_2084.jpg,JPEG,5568,3712,1.5,0.1991959810256958,0.2063964307308197,0.16556014120578766,e981c70027db752310b14b0584f2f157
Matang,Master_Dataset\Matang\DS3_Angoleta_DSC_2085.jpg,DS3_Angoleta_DSC_2085.jpg,JPEG,5568,3712,1.5,0.20329459011554718,0.2122989445924759,0.17041921615600586,2441d4471b9bd27bd4ec3321a7de605b
Matang,Master_Dataset\Matang\DS3_Angoleta_DSC_2086.jpg,DS3_Angoleta_DSC_2086.jpg,JPEG,5568,3712,1.5,0.18755167722702026,0.19408243894577026,0.14953511953353882,bc7a565513d6194e3b781d9bbba7812b
Matang,Master_Dataset\Matang\DS3_Angoleta_DSC_2087.jpg,DS3_Angoleta_DSC_2087.jpg,JPEG,5568,3712,1.5,0.186610609292984,0.1937529593706131,0.14878171682357788,86482b821d5c9a4b0f84a17f8abd9cc6
Matang,Master_Dataset\Matang\DS3_Angoleta_DSC_2088.jpg,DS3_Angoleta_DSC_2088.jpg,JPEG,5568,3712,1.5,0.224753737449646,0.2529700696468353,0.2248620241880417,67ebcf8df410c1e28a55485cf9bb236e
Matang,Master_Dataset\Matang\DS3_Angoleta_DSC_2089.jpg,DS3_Angoleta_DSC_2089.jpg,JPEG,5568,3712,1.5,0.2680594027042389,0.2952840328216553,0.26433712244033813,9da408f34a752e2936fc8ab98bd3c779
Matang,Master_Dataset\Matang\DS3_Angoleta_DSC_2090.jpg,DS3_Angoleta_DSC_2090.jpg,JPEG,5568,3712,1.5,0.2702990174293518,0.2975999712944031,0.2642633020877838,b5ae14b670f9c36feac3386fd7f9b690
Matang,Master_Dataset\Matang\DS3_Angoleta_DSC_2091.jpg,DS3_Angoleta_DSC_2091.jpg,JPEG,5568,3712,1.5,0.30342376232147217,0.3440437912940979,0.2737579047679901,a78261d8f6d75ee198d34f25cfe2a531
Matang,Master_Dataset\Matang\DS3_Angoleta_DSC_2092.jpg,DS3_Angoleta_DSC_2092.jpg,JPEG,5568,3712,1.5,0.30935779213905334,0.3563896119594574,0.28450095653533936,56e11b9e1ee570c5028950c604e02958
Matang,Master_Dataset\Matang\DS3_Angoleta_DSC_2093.jpg,DS3_Angoleta_DSC_2093.jpg,JPEG,5568,3712,1.5,0.3060348629951477,0.3519405424594879,0.2821234166622162,8dffc92771899b73204b9d12a5a326ba
Matang,Master_Dataset\Matang\DS3_Angoleta_DSC_2094.jpg,DS3_Angoleta_DSC_2094.jpg,JPEG,5568,3712,1.5,0.3215692937374115,0.39659589529037476,0.24062184989452362,a54c1f3efa86a52dcf3a413768c12874
Matang,Master_Dataset\Matang\DS3_Angoleta_DSC_2095.jpg,DS3_Angoleta_DSC_2095.jpg,JPEG,5568,3712,1.5,0.326294481754303,0.39941373467445374,0.247991144657135,9d313025d6f2d640f602bedd06e54fd4
Matang,Master_Dataset\Matang\DS3_Angoleta_DSC_2096.jpg,DS3_Angoleta_DSC_2096.jpg,JPEG,5568,3712,1.5,0.32218921184539795,0.394913911819458,0.24523483216762543,cd4a6911e4b8d282474ec9f253f64d2b
Matang,Master_Dataset\Matang\DS3_Angoleta_DSC_2097.jpg,DS3_Angoleta_DSC_2097.jpg,JPEG,5568,3712,1.5,0.4093129336833954,0.4450152814388275,0.35436689853668213,0696d6bb1c77c57ffa763f0e8c0ff8ae
Matang,Master_Dataset\Matang\DS3_Angoleta_DSC_2098.jpg,DS3_Angoleta_DSC_2098.jpg,JPEG,5568,3712,1.5,0.41023746132850647,0.44598835706710815,0.35481932759284973,fe3e7573e1b7725b74e537f0e484ed12
Matang,Master_Dataset\Matang\DS3_Angoleta_DSC_2099.jpg,DS3_Angoleta_DSC_2099.jpg,JPEG,5568,3712,1.5,0.41185685992240906,0.4466155171394348,0.3555346429347992,b4ac5bf415787a0aa7f2feef24004b9f
Matang,Master_Dataset\Matang\DS3_Angoleta_DSC_2100.jpg,DS3_Angoleta_DSC_2100.jpg,JPEG,5568,3712,1.5,0.37024790048599243,0.4103425145149231,0.30976957082748413,52b436e04e8f902f1a719d49b78077d6
Matang,Master_Dataset\Matang\DS3_Angoleta_DSC_2101.jpg,DS3_Angoleta_DSC_2101.jpg,JPEG,5568,3712,1.5,0.3737490177154541,0.4162840247154236,0.3164314031600952,a35c9a798bf786d5e9e42b060053ac11
Matang,Master_Dataset\Matang\DS3_Angoleta_DSC_2102.jpg,DS3_Angoleta_DSC_2102.jpg,JPEG,5568,3712,1.5,0.3706080913543701,0.4125318229198456,0.3146887421607971,1231ceb3162e3681c276e4bc95965413
Matang,Master_Dataset\Matang\DS3_Angoleta_DSC_2103.jpg,DS3_Angoleta_DSC_2103.jpg,JPEG,5568,3712,1.5,0.32954633235931396,0.336995929479599,0.28439414501190186,8a978e8dcc7fa233c35b5998b5209547
Matang,Master_Dataset\Matang\DS3_Angoleta_DSC_2104.jpg,DS3_Angoleta_DSC_2104.jpg,JPEG,5568,3712,1.5,0.3268556594848633,0.3350852131843567,0.28504493832588196,fe1b776262b2dd85b1e488e47f300d57
Matang,Master_Dataset\Matang\DS3_Angoleta_DSC_2105.jpg,DS3_Angoleta_DSC_2105.jpg,JPEG,5568,3712,1.5,0.32463493943214417,0.3333599865436554,0.2833687961101532,95bd8729a93081b40f9754eae383c66b
Matang,Master_Dataset\Matang\DS3_Angoleta_DSC_2106.jpg,DS3_Angoleta_DSC_2106.jpg,JPEG,5568,3712,1.5,0.318179190158844,0.3642657399177551,0.2772558927536011,f9c2236843658affda10b4da502cd219
Matang,Master_Dataset\Matang\DS3_Angoleta_DSC_2107.jpg,DS3_Angoleta_DSC_2107.jpg,JPEG,5568,3712,1.5,0.3260766267776489,0.37074583768844604,0.26974380016326904,accc1460bbdf6977f1b05cbe057eae4d
Matang,Master_Dataset\Matang\DS3_Angoleta_DSC_2108.jpg,DS3_Angoleta_DSC_2108.jpg,JPEG,5568,3712,1.5,0.32948142290115356,0.37533724308013916,0.2656797170639038,0e9b4c8834203efeb6e40cbfddeb3b20
Matang,Master_Dataset\Matang\DS3_Angoleta_DSC_2109.jpg,DS3_Angoleta_DSC_2109.jpg,JPEG,5568,3712,1.5,0.2918335497379303,0.3492443859577179,0.20521289110183716,36d2d29b93925cde85c05801a9b04a04
Matang,Master_Dataset\Matang\DS3_Angoleta_DSC_2110.jpg,DS3_Angoleta_DSC_2110.jpg,JPEG,5568,3712,1.5,0.28837916254997253,0.3450412154197693,0.20305462181568146,4538c4ce9a217503c7032311b5afd4d4
Matang,Master_Dataset\Matang\DS3_Angoleta_DSC_2111.jpg,DS3_Angoleta_DSC_2111.jpg,JPEG,5568,3712,1.5,0.28980645537376404,0.34709253907203674,0.20470140874385834,31cf170a5be2ce3b6ac94b9ad8a5740a
Matang,Master_Dataset\Matang\DS3_Angoleta_DSC_2112.jpg,DS3_Angoleta_DSC_2112.jpg,JPEG,5568,3712,1.5,0.3657402992248535,0.43524232506752014,0.30636587738990784,4731552d49e027597e01c348ec084ef7
Matang,Master_Dataset\Matang\DS3_Angoleta_DSC_2113.jpg,DS3_Angoleta_DSC_2113.jpg,JPEG,5568,3712,1.5,0.37529197335243225,0.44719797372817993,0.32243412733078003,972c55037591e0e3ac067d19b8ec2f24
Matang,Master_Dataset\Matang\DS3_Angoleta_DSC_2114.jpg,DS3_Angoleta_DSC_2114.jpg,JPEG,5568,3712,1.5,0.374576210975647,0.4456893503665924,0.3179384171962738,322f4846157ca9b4208d5aef30982b2a
Matang,Master_Dataset\Matang\DS3_Angoleta_DSC_2115.jpg,DS3_Angoleta_DSC_2115.jpg,JPEG,5568,3712,1.5,0.39840978384017944,0.4637991786003113,0.31466636061668396,a61bf9732d7a795613ea88347f7b73bb
Matang,Master_Dataset\Matang\DS3_Angoleta_DSC_2116.jpg,DS3_Angoleta_DSC_2116.jpg,JPEG,5568,3712,1.5,0.3987274467945099,0.4623104929924011,0.3140196204185486,f4295a58b3fc231e54e84a3f7dba9420
Matang,Master_Dataset\Matang\DS3_Angoleta_DSC_2117.jpg,DS3_Angoleta_DSC_2117.jpg,JPEG,5568,3712,1.5,0.3848404288291931,0.4595559537410736,0.32402127981185913,66f69886c5c1adf964c99bc50ee7d4e6
Matang,Master_Dataset\Matang\DS3_Angoleta_DSC_2118.jpg,DS3_Angoleta_DSC_2118.jpg,JPEG,5568,3712,1.5,0.38343268632888794,0.46133244037628174,0.323255330324173,ae790bfd1e275ed3dfe692896ced7921
Matang,Master_Dataset\Matang\DS3_Angoleta_DSC_2119.jpg,DS3_Angoleta_DSC_2119.jpg,JPEG,3712,5568,0.6667,0.34744834899902344,0.4554651975631714,0.34491756558418274,0d83a6c001a73d208d46206f680e4b20
Matang,Master_Dataset\Matang\DS3_Angoleta_DSC_2120.jpg,DS3_Angoleta_DSC_2120.jpg,JPEG,3712,5568,0.6667,0.3404545485973358,0.4522656500339508,0.33725473284721375,4c7e3a8b1e29c3e1b49b0fe7f2098a6b
Matang,Master_Dataset\Matang\DS3_Angoleta_DSC_2121.jpg,DS3_Angoleta_DSC_2121.jpg,JPEG,3712,5568,0.6667,0.33002740144729614,0.4443622827529907,0.30514979362487793,341afc8b5216f765b4ebb523ec38116d
Matang,Master_Dataset\Matang\DS3_Angoleta_DSC_2122.jpg,DS3_Angoleta_DSC_2122.jpg,JPEG,5568,3712,1.5,0.4348542094230652,0.5393477082252502,0.4463721811771393,2dfa69c08662901e6bf40efb17b80a83
Matang,Master_Dataset\Matang\DS3_Angoleta_DSC_2123.jpg,DS3_Angoleta_DSC_2123.jpg,JPEG,5568,3712,1.5,0.4348401129245758,0.540297269821167,0.4408322870731354,d5b4fdb47e03399f0b9bc88f702b2a7f
Matang,Master_Dataset\Matang\DS3_Angoleta_DSC_2124.jpg,DS3_Angoleta_DSC_2124.jpg,JPEG,5568,3712,1.5,0.4343095123767853,0.5377358198165894,0.436911404132843,794a1dd0bb72493a8f8793b6d37e74ad
Matang,Master_Dataset\Matang\DS3_Angoleta_DSC_2125.jpg,DS3_Angoleta_DSC_2125.jpg,JPEG,5568,3712,1.5,0.4259328842163086,0.5299779772758484,0.4207444190979004,5b5131cf1b5778678698ff4516570048
Matang,Master_Dataset\Matang\DS3_Angoleta_DSC_2126.jpg,DS3_Angoleta_DSC_2126.jpg,JPEG,5568,3712,1.5,0.4212293028831482,0.5262377858161926,0.4139953851699829,87fbdb6568ec057bc237ba7fd46f4378
Matang,Master_Dataset\Matang\DS3_Angoleta_DSC_2127.jpg,DS3_Angoleta_DSC_2127.jpg,JPEG,3712,5568,0.6667,0.39734360575675964,0.5202740430831909,0.2553863525390625,8aa0ede2ef51fba891f11236761e7b8d
Matang,Master_Dataset\Matang\DS3_Angoleta_DSC_2128.jpg,DS3_Angoleta_DSC_2128.jpg,JPEG,3712,5568,0.6667,0.40005922317504883,0.5219621062278748,0.2515130043029785,25a690fbbbb559246ea8656c9c1367c6
Matang,Master_Dataset\Matang\DS3_Angoleta_DSC_2129.jpg,DS3_Angoleta_DSC_2129.jpg,JPEG,3712,5568,0.6667,0.3977951109409332,0.5186259746551514,0.2504446804523468,a142bf8887bfb690ff5ab2ba9ffda336
Matang,Master_Dataset\Matang\DS3_Angoleta_DSC_2130.jpg,DS3_Angoleta_DSC_2130.jpg,JPEG,5568,3712,1.5,0.3867350220680237,0.50190669298172,0.23788198828697205,712afbd62bd657eea83d4a226fc35eff
Matang,Master_Dataset\Matang\DS3_Angoleta_DSC_2131.jpg,DS3_Angoleta_DSC_2131.jpg,JPEG,5568,3712,1.5,0.391145795583725,0.5071613192558289,0.24708327651023865,379a053ccfa50bb222eb966dfbf0e7f6
Matang,Master_Dataset\Matang\DS3_Angoleta_DSC_2160.jpg,DS3_Angoleta_DSC_2160.jpg,JPEG,5568,3712,1.5,0.32223376631736755,0.3638654947280884,0.2627446949481964,32b62735291fc7ec26cc0e3115eb83de
Matang,Master_Dataset\Matang\DS3_Angoleta_DSC_2161.jpg,DS3_Angoleta_DSC_2161.jpg,JPEG,5568,3712,1.5,0.31956976652145386,0.3630633056163788,0.26190099120140076,93f6d048e0cc1618f84a5994a661e40e
Matang,Master_Dataset\Matang\DS3_Angoleta_DSC_2162.jpg,DS3_Angoleta_DSC_2162.jpg,JPEG,5568,3712,1.5,0.3213459849357605,0.36166468262672424,0.2638626992702484,5c97e161f0292b01535908eabb2513cd
Matang,Master_Dataset\Matang\DS3_Angoleta_DSC_2163.jpg,DS3_Angoleta_DSC_2163.jpg,JPEG,5568,3712,1.5,0.3161444365978241,0.35744720697402954,0.2587004601955414,fa3811e7128f05f68f6dece902a78ff9
Matang,Master_Dataset\Matang\DS3_Angoleta_DSC_2164.jpg,DS3_Angoleta_DSC_2164.jpg,JPEG,5568,3712,1.5,0.23541876673698425,0.24320060014724731,0.196611225605011,06c3f7a1db19e252f8ed016ac863ff4e
Matang,Master_Dataset\Matang\DS3_Angoleta_DSC_2165.jpg,DS3_Angoleta_DSC_2165.jpg,JPEG,5568,3712,1.5,0.24260810017585754,0.24876044690608978,0.2023409903049469,f78bf0ef91969719918ebc303c8b7bd1
Matang,Master_Dataset\Matang\DS3_Angoleta_DSC_2166.jpg,DS3_Angoleta_DSC_2166.jpg,JPEG,5568,3712,1.5,0.23594248294830322,0.2428371012210846,0.19743049144744873,7b2d4a80cec47170d29826f995cd7cd5
Matang,Master_Dataset\Matang\DS3_Angoleta_DSC_2167.jpg,DS3_Angoleta_DSC_2167.jpg,JPEG,5568,3712,1.5,0.2741655111312866,0.30967867374420166,0.2283671647310257,7ec122ea5968704d010bbfcc159478b0
Matang,Master_Dataset\Matang\DS3_Angoleta_DSC_2168.jpg,DS3_Angoleta_DSC_2168.jpg,JPEG,5568,3712,1.5,0.2723512053489685,0.3087059557437897,0.22562181949615479,c4f70f9b5ee41eb4dcce8632e10b5d74
Matang,Master_Dataset\Matang\DS3_Angoleta_DSC_2169.jpg,DS3_Angoleta_DSC_2169.jpg,JPEG,5568,3712,1.5,0.28534576296806335,0.28595903515815735,0.227767214179039,f4bb0b570af5791e363244b444f3729d
Matang,Master_Dataset\Matang\DS3_Angoleta_DSC_2170.jpg,DS3_Angoleta_DSC_2170.jpg,JPEG,5568,3712,1.5,0.2876666188240051,0.2891871929168701,0.23104959726333618,8eebb51ebe0e78b3d0fd61993269cce6
Matang,Master_Dataset\Matang\DS3_Angoleta_DSC_2171.jpg,DS3_Angoleta_DSC_2171.jpg,JPEG,5568,3712,1.5,0.3065169155597687,0.3017595708370209,0.24038098752498627,f22b17cbf2b946b9ab6dc26e1edff51f
Matang,Master_Dataset\Matang\DS3_Angoleta_DSC_2172.jpg,DS3_Angoleta_DSC_2172.jpg,JPEG,5568,3712,1.5,0.3031151592731476,0.29782041907310486,0.23683251440525055,9a448cf0ce7a8868fc9a9ec5c79f6a36
Matang,Master_Dataset\Matang\DS3_Angoleta_DSC_2192.jpg,DS3_Angoleta_DSC_2192.jpg,JPEG,5568,3712,1.5,0.53441321849823,0.6318341493606567,0.4900283217430115,6e41ad3eb7b04ed1bac8b105afa95aee
Matang,Master_Dataset\Matang\DS3_Angoleta_DSC_2193.jpg,DS3_Angoleta_DSC_2193.jpg,JPEG,5568,3712,1.5,0.541660487651825,0.6400849223136902,0.5016087889671326,d3c9d6e4ce6c57c880febdb39744b3cb
Matang,Master_Dataset\Matang\DS3_Angoleta_DSC_2194.jpg,DS3_Angoleta_DSC_2194.jpg,JPEG,5568,3712,1.5,0.45338115096092224,0.5435203909873962,0.35640403628349304,5d218b4c877c610428811e943f0f3f28
Matang,Master_Dataset\Matang\DS3_Angoleta_DSC_2195.jpg,DS3_Angoleta_DSC_2195.jpg,JPEG,5568,3712,1.5,0.4544311463832855,0.5446838736534119,0.36073940992355347,3495594bedb3f0be009c5a3f7fe2318e
Matang,Master_Dataset\Matang\DS3_Angoleta_DSC_2196.jpg,DS3_Angoleta_DSC_2196.jpg,JPEG,3712,5568,0.6667,0.5043639540672302,0.5472598075866699,0.44109848141670227,1184bc5e3927abd170427d7b54b15b6a
Matang,Master_Dataset\Matang\DS3_Angoleta_DSC_2197.jpg,DS3_Angoleta_DSC_2197.jpg,JPEG,3712,5568,0.6667,0.5340218544006348,0.5829207301139832,0.4790017902851105,ff3f55fce69cebe1823befb32727fb80
Matang,Master_Dataset\Matang\DS3_Angoleta_DSC_2198.jpg,DS3_Angoleta_DSC_2198.jpg,JPEG,5568,3712,1.5,0.36898043751716614,0.43626394867897034,0.297467976808548,eeb2fb9d91947a87e055da05af3b5528
Matang,Master_Dataset\Matang\DS3_Angoleta_DSC_2201.jpg,DS3_Angoleta_DSC_2201.jpg,JPEG,5568,3712,1.5,0.259560227394104,0.3569360673427582,0.21338096261024475,42e9e7eaf16c08b61c32c92b57a2e679
Matang,Master_Dataset\Matang\DS3_Angoleta_DSC_2202.jpg,DS3_Angoleta_DSC_2202.jpg,JPEG,5568,3712,1.5,0.2599947452545166,0.3574449419975281,0.21263805031776428,e95ac7a4477444bc31d5b5038f2a3611
Matang,Master_Dataset\Matang\DS3_Angoleta_DSC_2203.jpg,DS3_Angoleta_DSC_2203.jpg,JPEG,3712,5568,0.6667,0.39515143632888794,0.5141028165817261,0.3782932758331299,33f50a758cc59f57258487d259ecbbaf
Matang,Master_Dataset\Matang\DS3_Angoleta_DSC_2204.jpg,DS3_Angoleta_DSC_2204.jpg,JPEG,3712,5568,0.6667,0.4053393304347992,0.5233350396156311,0.3893139660358429,a928916f258e6bbd30dadb2d5dfb435a
Matang,Master_Dataset\Matang\DS3_Angoleta_DSC_2205.jpg,DS3_Angoleta_DSC_2205.jpg,JPEG,3712,5568,0.6667,0.41789957880973816,0.5341721177101135,0.4000130593776703,73a4801d28c7b77161c606b9d8d108d5
Matang,Master_Dataset\Matang\DS3_Angoleta_DSC_2206.jpg,DS3_Angoleta_DSC_2206.jpg,JPEG,5568,3712,1.5,0.35163813829421997,0.49681034684181213,0.35502946376800537,93dab4f424c2ac4a2db88e00dafbeab3
Matang,Master_Dataset\Matang\DS3_Angoleta_DSC_2207.jpg,DS3_Angoleta_DSC_2207.jpg,JPEG,5568,3712,1.5,0.3523242175579071,0.4991520345211029,0.3535093665122986,392ef2d8e9ffe2307293954988eee46a
Matang,Master_Dataset\Matang\DS3_Angoleta_DSC_2208.jpg,DS3_Angoleta_DSC_2208.jpg,JPEG,5568,3712,1.5,0.29939720034599304,0.41419607400894165,0.31232210993766785,30dd572173859c8ae57c044dbd52493f
Matang,Master_Dataset\Matang\DS3_Angoleta_DSC_2209.jpg,DS3_Angoleta_DSC_2209.jpg,JPEG,5568,3712,1.5,0.2873873710632324,0.39534005522727966,0.2990446388721466,ee8f0c6ffc3b13bc49e593e1dd76799f
Matang,Master_Dataset\Matang\DS3_Angoleta_DSC_2210.jpg,DS3_Angoleta_DSC_2210.jpg,JPEG,5568,3712,1.5,0.4031384289264679,0.5839685797691345,0.3840862214565277,2f4184d982f4af67523c18f95d5bc0c9
Matang,Master_Dataset\Matang\DS3_Angoleta_DSC_2211.jpg,DS3_Angoleta_DSC_2211.jpg,JPEG,5568,3712,1.5,0.4210014343261719,0.5924825668334961,0.39768779277801514,7ae0a532d316ed335641fd13e08b199a
Matang,Master_Dataset\Matang\DS3_Angoleta_DSC_2212.jpg,DS3_Angoleta_DSC_2212.jpg,JPEG,5568,3712,1.5,0.429139107465744,0.5967863202095032,0.40983498096466064,fbb9961264b24b7442e4d6ef77159e7e
Matang,Master_Dataset\Matang\DS3_Angoleta_DSC_2215.jpg,DS3_Angoleta_DSC_2215.jpg,JPEG,5568,3712,1.5,0.4303230941295624,0.503152072429657,0.38217082619667053,50d08659614effc1b5aa3c791a563632
Matang,Master_Dataset\Matang\DS3_Angoleta_DSC_2216.jpg,DS3_Angoleta_DSC_2216.jpg,JPEG,5568,3712,1.5,0.4235747456550598,0.49766477942466736,0.38268518447875977,442d401bcce736de60149f5bd9ab03d0
Matang,Master_Dataset\Matang\DS3_Angoleta_DSC_2217.jpg,DS3_Angoleta_DSC_2217.jpg,JPEG,5568,3712,1.5,0.43919435143470764,0.486320436000824,0.405421644449234,9b204c0d20e48d1ffe81767f6ee78138
Matang,Master_Dataset\Matang\DS3_Angoleta_DSC_2218.jpg,DS3_Angoleta_DSC_2218.jpg,JPEG,5568,3712,1.5,0.43766143918037415,0.48470228910446167,0.4049469828605652,e3191e7912988136598a9312dea58821
Matang,Master_Dataset\Matang\DS3_Angoleta_DSC_2244.jpg,DS3_Angoleta_DSC_2244.jpg,JPEG,5568,3712,1.5,0.42473581433296204,0.5121917724609375,0.43854254484176636,2e4ac886a4afba9d81d57481df406dd8
Matang,Master_Dataset\Matang\DS3_Angoleta_DSC_2245.jpg,DS3_Angoleta_DSC_2245.jpg,JPEG,5568,3712,1.5,0.4210107624530792,0.5077728033065796,0.43280357122421265,06573825243fa39e513445e95a864c14
Matang,Master_Dataset\Matang\DS3_Angoleta_DSC_2246.jpg,DS3_Angoleta_DSC_2246.jpg,JPEG,5568,3712,1.5,0.408751904964447,0.513346791267395,0.4510919749736786,38ef933f60428a3cae2b65a687dc9574
Matang,Master_Dataset\Matang\DS3_Angoleta_DSC_2247.jpg,DS3_Angoleta_DSC_2247.jpg,JPEG,5568,3712,1.5,0.40668758749961853,0.512682318687439,0.4493462145328522,4e2721bc4cc279dc2ab780c58718cf7b
Matang,Master_Dataset\Matang\DS3_Angoleta_DSC_2250.jpg,DS3_Angoleta_DSC_2250.jpg,JPEG,5568,3712,1.5,0.4028611481189728,0.5058296322822571,0.4380201995372772,b571e53fe26d12e5b1812f1e952e4a6a
Matang,Master_Dataset\Matang\DS3_Angoleta_DSC_2251.jpg,DS3_Angoleta_DSC_2251.jpg,JPEG,5568,3712,1.5,0.3999832570552826,0.5064650177955627,0.4320395290851593,d281da06ea68bf9f50fb6060da7b07bb
Matang,Master_Dataset\Matang\DS3_Angoleta_DSC_2252.jpg,DS3_Angoleta_DSC_2252.jpg,JPEG,5568,3712,1.5,0.39811649918556213,0.5051625967025757,0.4327526390552521,147992018804d556cd3e01b7a8c6ad9a
Matang,Master_Dataset\Matang\DS3_Angoleta_DSC_2253.jpg,DS3_Angoleta_DSC_2253.jpg,JPEG,5568,3712,1.5,0.39506828784942627,0.4996527433395386,0.44191381335258484,efaefcd51f2dca046f167ecb77d095ea
Matang,Master_Dataset\Matang\DS3_Angoleta_DSC_2254.jpg,DS3_Angoleta_DSC_2254.jpg,JPEG,5568,3712,1.5,0.39806297421455383,0.4975154399871826,0.43343037366867065,ebe3e5f994fcf596bfe2aa6e02969578
Matang,Master_Dataset\Matang\DS3_Angoleta_DSC_2255.jpg,DS3_Angoleta_DSC_2255.jpg,JPEG,5568,3712,1.5,0.39768242835998535,0.49540066719055176,0.4347367286682129,c1747320681da49ab060f2d5152cf07a
Matang,Master_Dataset\Matang\DS3_Angoleta_DSC_2256.jpg,DS3_Angoleta_DSC_2256.jpg,JPEG,5568,3712,1.5,0.40232256054878235,0.49857521057128906,0.44195663928985596,98686970f2252b8bffae9559a6d28ce9
Matang,Master_Dataset\Matang\DS3_Angoleta_DSC_2257.jpg,DS3_Angoleta_DSC_2257.jpg,JPEG,5568,3712,1.5,0.4043788015842438,0.49770548939704895,0.45198678970336914,340ee19362a8b2df7d3af88856ead659
Matang,Master_Dataset\Matang\DS3_Angoleta_DSC_2258.jpg,DS3_Angoleta_DSC_2258.jpg,JPEG,5568,3712,1.5,0.3902071416378021,0.5119576454162598,0.4526378810405731,7f5ee91fb3304244ace1aa300220a0bd
Matang,Master_Dataset\Matang\DS3_Angoleta_DSC_2259.jpg,DS3_Angoleta_DSC_2259.jpg,JPEG,5568,3712,1.5,0.38876399397850037,0.511351466178894,0.45220914483070374,feca221244cacbcbc9b6705ec78647a1
Matang,Master_Dataset\Matang\DS3_Angoleta_DSC_2275.jpg,DS3_Angoleta_DSC_2275.jpg,JPEG,5568,3712,1.5,0.39660507440567017,0.5208494663238525,0.45357605814933777,f3a46cb4a34f5a69053489d0bd8fa1b7
Matang,Master_Dataset\Matang\DS3_Angoleta_DSC_2277.jpg,DS3_Angoleta_DSC_2277.jpg,JPEG,5568,3712,1.5,0.3899412155151367,0.5076611638069153,0.47227001190185547,c235152dbac5e2e82c4d6283297dde69
Matang,Master_Dataset\Matang\DS3_Angoleta_DSC_2278.jpg,DS3_Angoleta_DSC_2278.jpg,JPEG,5568,3712,1.5,0.3908912241458893,0.5079136490821838,0.4722982347011566,a89a2633b3655cb2090d89cce781b40d
Matang,Master_Dataset\Matang\DS3_Angoleta_DSC_2285.jpg,DS3_Angoleta_DSC_2285.jpg,JPEG,5568,3712,1.5,0.39336174726486206,0.5108952522277832,0.4398461580276489,62203f2aa667b1d578b72f81dd923874
Matang,Master_Dataset\Matang\DS3_Angoleta_DSC_2286.jpg,DS3_Angoleta_DSC_2286.jpg,JPEG,5568,3712,1.5,0.393731951713562,0.5109782814979553,0.4410364627838135,fd5e1f67c152d3c2f646e4b7157e9e69
Matang,Master_Dataset\Matang\DS3_Angoleta_DSC_2287.jpg,DS3_Angoleta_DSC_2287.jpg,JPEG,5568,3712,1.5,0.3845142126083374,0.5101309418678284,0.4446978271007538,d7fd1f0326cbca6b1d43541945b528ea
Matang,Master_Dataset\Matang\DS3_Angoleta_DSC_2288.jpg,DS3_Angoleta_DSC_2288.jpg,JPEG,5568,3712,1.5,0.384080171585083,0.5109427571296692,0.4433228373527527,1de4dcaf24a142f16ae1f7197be8277c
Matang,Master_Dataset\Matang\DS3_Angoleta_DSC_2289.jpg,DS3_Angoleta_DSC_2289.jpg,JPEG,5568,3712,1.5,0.3833058178424835,0.5105680823326111,0.44317930936813354,43304872624fc5e85a287708c3958d25
Matang,Master_Dataset\Matang\DS3_Angoleta_DSC_2291.jpg,DS3_Angoleta_DSC_2291.jpg,JPEG,5568,3712,1.5,0.3951975107192993,0.5100668668746948,0.4847249686717987,253837d64e06ce66844222853961b1e5
Matang,Master_Dataset\Matang\DS3_Angoleta_DSC_2294.jpg,DS3_Angoleta_DSC_2294.jpg,JPEG,5568,3712,1.5,0.3880598247051239,0.5095893144607544,0.45115822553634644,5bb16754cf02fa8041ec80cd32f63386
Matang,Master_Dataset\Matang\DS3_Angoleta_IMG_20220526_094128_6.jpg,DS3_Angoleta_IMG_20220526_094128_6.jpg,JPEG,1440,3200,0.45,0.48393693566322327,0.506959080696106,0.3716185986995697,75e923b4758801888c4bb5b7e3d5c74e
Matang,Master_Dataset\Matang\DS3_Angoleta_IMG_20220526_094132_5.jpg,DS3_Angoleta_IMG_20220526_094132_5.jpg,JPEG,1440,3200,0.45,0.4719703495502472,0.4889164865016937,0.35584861040115356,79d9e194c37cb9e776b0848e2518b345
Matang,Master_Dataset\Matang\DS3_Angoleta_IMG_20220526_094135_1.jpg,DS3_Angoleta_IMG_20220526_094135_1.jpg,JPEG,1440,3200,0.45,0.47682926058769226,0.4960784614086151,0.3746362328529358,bca2c1656cdb9b1db8ca7fb884a5bd2b
Matang,Master_Dataset\Matang\DS3_Angoleta_IMG_20220526_094137_1.jpg,DS3_Angoleta_IMG_20220526_094137_1.jpg,JPEG,1440,3200,0.45,0.47505983710289,0.49831339716911316,0.38812506198883057,927405d94f79debf587214509f1f4d55
Matang,Master_Dataset\Matang\DS3_Angoleta_IMG_20220526_094141_0.jpg,DS3_Angoleta_IMG_20220526_094141_0.jpg,JPEG,1440,3200,0.45,0.515924334526062,0.5097788572311401,0.44164422154426575,42d9c7c435eb5ce9b1e32363635be399
Matang,Master_Dataset\Matang\DS3_Angoleta_IMG_20220526_094143_3.jpg,DS3_Angoleta_IMG_20220526_094143_3.jpg,JPEG,1440,3200,0.45,0.5131328105926514,0.5104826092720032,0.43903541564941406,a66af9434581aa38df602cbaee193bd1
Matang,Master_Dataset\Matang\DS3_Angoleta_IMG_20220526_094347_8.jpg,DS3_Angoleta_IMG_20220526_094347_8.jpg,JPEG,1440,3200,0.45,0.5012322664260864,0.49146097898483276,0.4315742552280426,6b0fbea5d89909e261a0776805939367
Matang,Master_Dataset\Matang\DS3_Angoleta_IMG_20220526_094355_5.jpg,DS3_Angoleta_IMG_20220526_094355_5.jpg,JPEG,1440,3200,0.45,0.5187579989433289,0.49112701416015625,0.3881594240665436,11af0dc04b4a8e74d9a0f837137eaf8b
Matang,Master_Dataset\Matang\DS3_Angoleta_IMG_20220526_094358_0.jpg,DS3_Angoleta_IMG_20220526_094358_0.jpg,JPEG,1440,3200,0.45,0.5186492204666138,0.48920708894729614,0.3827652335166931,0644cd1cb7b6a082b9172cdb1d3ca181
Matang,Master_Dataset\Matang\DS3_Angoleta_IMG_20220526_094403_2.jpg,DS3_Angoleta_IMG_20220526_094403_2.jpg,JPEG,1440,3200,0.45,0.5184791088104248,0.5134124159812927,0.44230350852012634,210d5bcd2545a12df4ec4b198d655587
Matang,Master_Dataset\Matang\DS3_Angoleta_IMG_20220526_094404_8.jpg,DS3_Angoleta_IMG_20220526_094404_8.jpg,JPEG,1440,3200,0.45,0.5065754652023315,0.505061686038971,0.4278043806552887,55c9563659d47d9d33693f1125482da7
Matang,Master_Dataset\Matang\DS3_Angoleta_IMG_20220526_094406_7.jpg,DS3_Angoleta_IMG_20220526_094406_7.jpg,JPEG,1440,3200,0.45,0.5044444799423218,0.512981116771698,0.4248555898666382,1b32779764a8492f1c82cbf0d288fb47
Matang,Master_Dataset\Matang\DS3_Angoleta_IMG_20220526_094412_4.jpg,DS3_Angoleta_IMG_20220526_094412_4.jpg,JPEG,1440,3200,0.45,0.47511032223701477,0.46511346101760864,0.4000908434391022,271c9dc6c1a86efa416b0429e7b226fe
Matang,Master_Dataset\Matang\DS3_Angoleta_IMG_20220526_094414_1.jpg,DS3_Angoleta_IMG_20220526_094414_1.jpg,JPEG,1440,3200,0.45,0.49141597747802734,0.4764765202999115,0.39014050364494324,6c17fd489ec8278f0769898a17797b4e
Matang,Master_Dataset\Matang\DS3_Angoleta_IMG_20220526_094417_8.jpg,DS3_Angoleta_IMG_20220526_094417_8.jpg,JPEG,1440,3200,0.45,0.5243700742721558,0.4920594394207001,0.40687835216522217,163796646d4f6449ef36f59cad185480
Matang,Master_Dataset\Matang\DS3_Angoleta_IMG_20220526_094600_9.jpg,DS3_Angoleta_IMG_20220526_094600_9.jpg,JPEG,1440,3200,0.45,0.5176473259925842,0.48917722702026367,0.38947364687919617,8ae0fa385193e1cdf27ba4dcf49a2e30
Matang,Master_Dataset\Matang\DS3_Angoleta_IMG_20220526_094604_2.jpg,DS3_Angoleta_IMG_20220526_094604_2.jpg,JPEG,1440,3200,0.45,0.5311151742935181,0.48558181524276733,0.3551361858844757,d96187cf894b1bcd096408700e02aa41
Matang,Master_Dataset\Matang\DS3_Angoleta_IMG_20220526_094605_8.jpg,DS3_Angoleta_IMG_20220526_094605_8.jpg,JPEG,1440,3200,0.45,0.53617262840271,0.4871100187301636,0.3392490744590759,765c15f0fbd7522150445f711f9692da
Matang,Master_Dataset\Matang\DS3_Angoleta_IMG_20220526_094607_4.jpg,DS3_Angoleta_IMG_20220526_094607_4.jpg,JPEG,1440,3200,0.45,0.5369678139686584,0.49792730808258057,0.34188079833984375,61481e818bdb9d9a2263738445f85ab7
Matang,Master_Dataset\Matang\DS3_Angoleta_IMG_20220526_094615_0.jpg,DS3_Angoleta_IMG_20220526_094615_0.jpg,JPEG,1440,3200,0.45,0.5183196067810059,0.48713716864585876,0.33079296350479126,0e372f54e0ba7bd02e6273e13b3363c0
Matang,Master_Dataset\Matang\DS3_Angoleta_IMG_20220526_094616_7.jpg,DS3_Angoleta_IMG_20220526_094616_7.jpg,JPEG,1440,3200,0.45,0.5329198241233826,0.49316272139549255,0.3361752927303314,838d7a03542cb42ff1cd44b46971f279
Matang,Master_Dataset\Matang\DS3_Angoleta_IMG_20220526_094833_5.jpg,DS3_Angoleta_IMG_20220526_094833_5.jpg,JPEG,1440,3200,0.45,0.47952309250831604,0.4563436210155487,0.2898826599121094,6478b76c0a55dfc778e71f0ec076a5c1
Matang,Master_Dataset\Matang\DS3_Angoleta_IMG_20220526_095456_8.jpg,DS3_Angoleta_IMG_20220526_095456_8.jpg,JPEG,1440,3200,0.45,0.5074703097343445,0.4933876693248749,0.38564810156822205,11b666f0158b63d9c845217d4629e0a9
Matang,Master_Dataset\Matang\DS3_Angoleta_IMG_20220526_095458_5.jpg,DS3_Angoleta_IMG_20220526_095458_5.jpg,JPEG,1440,3200,0.45,0.4903583526611328,0.48040875792503357,0.3834276497364044,3a27a2f34a09eb1dd32b5680ec88bc1d
Matang,Master_Dataset\Matang\DS3_Angoleta_IMG_20220526_095500_2.jpg,DS3_Angoleta_IMG_20220526_095500_2.jpg,JPEG,1440,3200,0.45,0.4846949279308319,0.48216402530670166,0.3820086121559143,c0d08deb8e5afa52ff6a481a650e1a93
Matang,Master_Dataset\Matang\DS3_Angoleta_IMG_20220526_095504_7.jpg,DS3_Angoleta_IMG_20220526_095504_7.jpg,JPEG,1440,3200,0.45,0.5002687573432922,0.49286481738090515,0.40396997332572937,bd145860b558a0f799be385684a0843d
Matang,Master_Dataset\Matang\DS3_Angoleta_IMG_20220526_095506_7.jpg,DS3_Angoleta_IMG_20220526_095506_7.jpg,JPEG,1440,3200,0.45,0.4795913100242615,0.4579729437828064,0.37866663932800293,048e8a2311f897bdbb3dbb28651f411c
Matang,Master_Dataset\Matang\DS3_Angoleta_IMG_20220526_100709_4.jpg,DS3_Angoleta_IMG_20220526_100709_4.jpg,JPEG,1440,3200,0.45,0.5129867792129517,0.49433591961860657,0.2717975676059723,bb63ec5a9501c1482fb334c002278089
Matang,Master_Dataset\Matang\DS3_Angoleta_IMG_20220526_100712_6.jpg,DS3_Angoleta_IMG_20220526_100712_6.jpg,JPEG,1440,3200,0.45,0.5106288194656372,0.4932670593261719,0.25292643904685974,b067698d3872fd534d59667f43b79dfb
Matang,Master_Dataset\Matang\DS3_Angoleta_IMG_20220526_100715_0.jpg,DS3_Angoleta_IMG_20220526_100715_0.jpg,JPEG,1440,3200,0.45,0.5094907283782959,0.48962387442588806,0.24100030958652496,87b7898fbb7d88dffe639dc8d6f64dbe
Matang,Master_Dataset\Matang\DS3_Angoleta_IMG_20220526_100718_8.jpg,DS3_Angoleta_IMG_20220526_100718_8.jpg,JPEG,1440,3200,0.45,0.5117073059082031,0.4969232380390167,0.25031957030296326,4450b04ede829baf4293abe9d1cc1acc
Matang,Master_Dataset\Matang\DS3_Angoleta_IMG_20220526_100721_5.jpg,DS3_Angoleta_IMG_20220526_100721_5.jpg,JPEG,1440,3200,0.45,0.49148696660995483,0.48210152983665466,0.23227182030677795,8793615508b8bbd28652fbdc247d6e5d
Matang,Master_Dataset\Matang\DS3_Angoleta_IMG_20220526_100724_4.jpg,DS3_Angoleta_IMG_20220526_100724_4.jpg,JPEG,1440,3200,0.45,0.5067410469055176,0.5017178058624268,0.23307642340660095,e5b67a255e7af222146571abf7f67d41
Matang,Master_Dataset\Matang\DS3_Guiana_DSC_0618.jpg,DS3_Guiana_DSC_0618.jpg,JPEG,5568,3712,1.5,0.5436450242996216,0.5847622156143188,0.4828367233276367,1c76aad426248ed37396e40e8c86fb4a
Matang,Master_Dataset\Matang\DS3_Guiana_DSC_0619.jpg,DS3_Guiana_DSC_0619.jpg,JPEG,5568,3712,1.5,0.5368621349334717,0.577131986618042,0.4772401750087738,3acdf75945e8f988667e38e07df643f3
Matang,Master_Dataset\Matang\DS3_Guiana_DSC_0620.jpg,DS3_Guiana_DSC_0620.jpg,JPEG,5568,3712,1.5,0.4243996739387512,0.4472406804561615,0.3170446753501892,332bfcf3c3352475db1c85a5f28043a8
Matang,Master_Dataset\Matang\DS3_Guiana_DSC_0621.jpg,DS3_Guiana_DSC_0621.jpg,JPEG,5568,3712,1.5,0.43332287669181824,0.4567645192146301,0.32745280861854553,db3454a6821ae301f07e979deeccc0e9
Matang,Master_Dataset\Matang\DS3_Guiana_DSC_0622.jpg,DS3_Guiana_DSC_0622.jpg,JPEG,5568,3712,1.5,0.508866548538208,0.529166042804718,0.35305503010749817,d939804afce57029d3ea04ef1f8a3067
Matang,Master_Dataset\Matang\DS3_Guiana_DSC_0623.jpg,DS3_Guiana_DSC_0623.jpg,JPEG,5568,3712,1.5,0.5029163956642151,0.5224030017852783,0.33975282311439514,0f94a227b8d8b34561f57e2cd3e72996
Matang,Master_Dataset\Matang\DS3_Guiana_DSC_0624.jpg,DS3_Guiana_DSC_0624.jpg,JPEG,5568,3712,1.5,0.4911124110221863,0.5396576523780823,0.3368740677833557,73466aeff06e6a5366d25e653cd7253e
Matang,Master_Dataset\Matang\DS3_Guiana_DSC_0625.jpg,DS3_Guiana_DSC_0625.jpg,JPEG,5568,3712,1.5,0.4993332028388977,0.5507785081863403,0.3473930358886719,37a43bf901b55debe1451e1630319d14
Matang,Master_Dataset\Matang\DS3_Guiana_DSC_0679.jpg,DS3_Guiana_DSC_0679.jpg,JPEG,5568,3712,1.5,0.6138861179351807,0.6271124482154846,0.5036343336105347,d85601ab335995189dbff3cbc01fae16
Matang,Master_Dataset\Matang\DS3_Guiana_DSC_0680.jpg,DS3_Guiana_DSC_0680.jpg,JPEG,5568,3712,1.5,0.6182794570922852,0.6314855813980103,0.5102049112319946,6d5e5b76442fd56cab455ebc6f5112ca
Matang,Master_Dataset\Matang\DS3_Guiana_DSC_0697.jpg,DS3_Guiana_DSC_0697.jpg,JPEG,5568,3712,1.5,0.4169008731842041,0.4725343883037567,0.337259441614151,f390f0d6955c9e68c05d4164bf451746
Matang,Master_Dataset\Matang\DS3_Guiana_DSC_0698.jpg,DS3_Guiana_DSC_0698.jpg,JPEG,5568,3712,1.5,0.41323789954185486,0.4744080603122711,0.31413769721984863,3c1aea26a641836c8014f592bbd96c48
Matang,Master_Dataset\Matang\DS3_Guiana_DSC_0699.jpg,DS3_Guiana_DSC_0699.jpg,JPEG,5568,3712,1.5,0.4193124771118164,0.48241424560546875,0.31789401173591614,205be734d0d1533bbb7e97f017680b13
Matang,Master_Dataset\Matang\DS3_Guiana_DSC_0703.jpg,DS3_Guiana_DSC_0703.jpg,JPEG,5568,3712,1.5,0.4457367956638336,0.5351521968841553,0.43324580788612366,590f647abd6759244b7f43633b4fe7ff
Matang,Master_Dataset\Matang\DS3_Guiana_DSC_0704.jpg,DS3_Guiana_DSC_0704.jpg,JPEG,5568,3712,1.5,0.44771015644073486,0.5340434312820435,0.43598243594169617,56c00b01ef57230bd12bb16a82465cdd
Matang,Master_Dataset\Matang\DS3_Guiana_DSC_0712.jpg,DS3_Guiana_DSC_0712.jpg,JPEG,5568,3712,1.5,0.3681480884552002,0.4139484167098999,0.2710380554199219,6a3056be7da7251d56be60ade0f75929
Matang,Master_Dataset\Matang\DS3_Guiana_DSC_0713.jpg,DS3_Guiana_DSC_0713.jpg,JPEG,5568,3712,1.5,0.3785557150840759,0.4259414076805115,0.2635353207588196,c328d3fd17efecf9c1d17733d0fb4c0f
Matang,Master_Dataset\Matang\DS3_Guiana_DSC_0714.jpg,DS3_Guiana_DSC_0714.jpg,JPEG,5568,3712,1.5,0.4395582377910614,0.4678806960582733,0.36771100759506226,edcaeab2468b2b4f00ef15166c75cb2b
Matang,Master_Dataset\Matang\DS3_Guiana_DSC_0715.jpg,DS3_Guiana_DSC_0715.jpg,JPEG,5568,3712,1.5,0.43420538306236267,0.4747610092163086,0.2929132878780365,8f90242518a52aca9df3878bd39f10a3
Matang,Master_Dataset\Matang\DS3_Guiana_DSC_0716.jpg,DS3_Guiana_DSC_0716.jpg,JPEG,5568,3712,1.5,0.4352421462535858,0.47552070021629333,0.29651209712028503,c75cc41deddcdf910bb5501f6803f173
Matang,Master_Dataset\Matang\DS3_Guiana_DSC_0717.jpg,DS3_Guiana_DSC_0717.jpg,JPEG,5568,3712,1.5,0.46945011615753174,0.48700809478759766,0.3174396753311157,219e91aa0a23c096f7dc3d3d3cb81ecb
Matang,Master_Dataset\Matang\DS3_Guiana_DSC_0718.jpg,DS3_Guiana_DSC_0718.jpg,JPEG,5568,3712,1.5,0.44370701909065247,0.47035926580429077,0.28211507201194763,c69fc8f05d1ac05b2a076cb2e1374252
Matang,Master_Dataset\Matang\DS3_Guiana_DSC_0719.jpg,DS3_Guiana_DSC_0719.jpg,JPEG,5568,3712,1.5,0.4470575749874115,0.4583309590816498,0.24166326224803925,c5626cada8331989f6bc658f67831cc9
Matang,Master_Dataset\Matang\DS3_Guiana_DSC_0720.jpg,DS3_Guiana_DSC_0720.jpg,JPEG,5568,3712,1.5,0.448935329914093,0.4606706202030182,0.24213233590126038,0b86cc251ca440954ca68e9434f017f0
Matang,Master_Dataset\Matang\DS3_Guiana_DSC_0721.jpg,DS3_Guiana_DSC_0721.jpg,JPEG,5568,3712,1.5,0.4811926484107971,0.513666570186615,0.33033931255340576,46dfbd4252216ecb10cd5e74f81e7184
Matang,Master_Dataset\Matang\DS3_Guiana_DSC_0722.jpg,DS3_Guiana_DSC_0722.jpg,JPEG,5568,3712,1.5,0.4696270525455475,0.5056389570236206,0.32548996806144714,7f9ba1bf8a4cb151b086eb0da7354208
Matang,Master_Dataset\Matang\DS3_Guiana_DSC_1321.jpg,DS3_Guiana_DSC_1321.jpg,JPEG,5568,3712,1.5,0.45292046666145325,0.5527492165565491,0.42017605900764465,3bf985f83bb5094be9c9a959c43fc13c
Matang,Master_Dataset\Matang\DS3_Guiana_DSC_1322.jpg,DS3_Guiana_DSC_1322.jpg,JPEG,5568,3712,1.5,0.4536970257759094,0.544100821018219,0.4230218231678009,96ae198638b32f350a5cb48df8767410
Matang,Master_Dataset\Matang\DS3_Guiana_DSC_1323.jpg,DS3_Guiana_DSC_1323.jpg,JPEG,5568,3712,1.5,0.43290314078330994,0.5259436368942261,0.40336138010025024,ad747d8784423390b2202ee9e69a6755
Matang,Master_Dataset\Matang\DS3_Guiana_DSC_1327.jpg,DS3_Guiana_DSC_1327.jpg,JPEG,5568,3712,1.5,0.37094518542289734,0.5316490530967712,0.33352383971214294,60048cae46a2c08743e87c55efa56e76
Matang,Master_Dataset\Matang\DS3_Guiana_DSC_1328.jpg,DS3_Guiana_DSC_1328.jpg,JPEG,5568,3712,1.5,0.37174472212791443,0.5290794968605042,0.3392523229122162,448140bce64894b50672c8a51b13101e
Matang,Master_Dataset\Matang\DS3_Guiana_DSC_1331.jpg,DS3_Guiana_DSC_1331.jpg,JPEG,5568,3712,1.5,0.35912230610847473,0.5025597214698792,0.37987837195396423,d6f5da699b59836c99de89a98f257c77
Matang,Master_Dataset\Matang\DS3_Guiana_DSC_1332.jpg,DS3_Guiana_DSC_1332.jpg,JPEG,5568,3712,1.5,0.3426961898803711,0.4807980954647064,0.3581279218196869,5d7f36f302470e47ea02dd5c42445101
Matang,Master_Dataset\Matang\DS3_Guiana_DSC_1333.jpg,DS3_Guiana_DSC_1333.jpg,JPEG,5568,3712,1.5,0.35789182782173157,0.495795339345932,0.4496994912624359,b2730392396772ec33f6735ab032a21d
Matang,Master_Dataset\Matang\DS3_Guiana_DSC_1334.jpg,DS3_Guiana_DSC_1334.jpg,JPEG,5568,3712,1.5,0.3557678461074829,0.49434876441955566,0.44579678773880005,7913e3c480436c7c5ac352c53c7e796e
Matang,Master_Dataset\Matang\DS3_Guiana_DSC_1356.jpg,DS3_Guiana_DSC_1356.jpg,JPEG,5568,3712,1.5,0.4446490406990051,0.5891484022140503,0.4454338252544403,30d0d336d52ccb690a95ac24975aaedc
Matang,Master_Dataset\Matang\DS3_Guiana_DSC_1357.jpg,DS3_Guiana_DSC_1357.jpg,JPEG,5568,3712,1.5,0.42600587010383606,0.5721840262413025,0.4219915270805359,946a49b14f32f78e18396b36131427ba
Matang,Master_Dataset\Matang\DS3_Guiana_DSC_1358.jpg,DS3_Guiana_DSC_1358.jpg,JPEG,5568,3712,1.5,0.3502131402492523,0.5117455124855042,0.3514064848423004,ca6cd415627cd6ab5990b5fe07d9d19b
Matang,Master_Dataset\Matang\DS3_Guiana_DSC_1359.jpg,DS3_Guiana_DSC_1359.jpg,JPEG,5568,3712,1.5,0.3529917299747467,0.5176795721054077,0.35622212290763855,1890e83906dd6da2b7ab382cd698549c
Matang,Master_Dataset\Matang\DS3_Guiana_DSC_1989.jpg,DS3_Guiana_DSC_1989.jpg,JPEG,5568,3712,1.5,0.26417529582977295,0.2818624675273895,0.2142413705587387,1ce93191afa63d769ff775773cb4271d
Matang,Master_Dataset\Matang\DS3_Guiana_DSC_1990.jpg,DS3_Guiana_DSC_1990.jpg,JPEG,5568,3712,1.5,0.2645517885684967,0.280849814414978,0.21522536873817444,cf341295919388e996a49cc2f00ffffd
Matang,Master_Dataset\Matang\DS3_Guiana_DSC_1991.jpg,DS3_Guiana_DSC_1991.jpg,JPEG,5568,3712,1.5,0.29642778635025024,0.30037716031074524,0.26290908455848694,fb4817f5fe00b9903ac7ec1336269757
Matang,Master_Dataset\Matang\DS3_Guiana_DSC_1992.jpg,DS3_Guiana_DSC_1992.jpg,JPEG,5568,3712,1.5,0.294650137424469,0.2988516390323639,0.2596052885055542,42bbd29e7764887eb99387b75d9c5225
Matang,Master_Dataset\Matang\DS3_Guiana_DSC_1993.jpg,DS3_Guiana_DSC_1993.jpg,JPEG,5568,3712,1.5,0.2851700782775879,0.3021436035633087,0.28790539503097534,3209f127b946a46e5bd9a8ef6d268d75
Matang,Master_Dataset\Matang\DS3_Guiana_DSC_1994.jpg,DS3_Guiana_DSC_1994.jpg,JPEG,5568,3712,1.5,0.28915926814079285,0.30862852931022644,0.2960067093372345,e3c50f6b8d8e959355b7c4bf983a6447
Matang,Master_Dataset\Matang\DS3_Guiana_DSC_1998.jpg,DS3_Guiana_DSC_1998.jpg,JPEG,5568,3712,1.5,0.27983415126800537,0.29356926679611206,0.2778768241405487,ad8b9381b46d688f2f8a0cc900c29137
Matang,Master_Dataset\Matang\DS3_Guiana_DSC_1999.jpg,DS3_Guiana_DSC_1999.jpg,JPEG,5568,3712,1.5,0.27911296486854553,0.2931757867336273,0.2780360281467438,1dc88968bce41331b9025c7ad6f9b950
Matang,Master_Dataset\Matang\DS3_Guiana_DSC_2000.jpg,DS3_Guiana_DSC_2000.jpg,JPEG,5568,3712,1.5,0.22913086414337158,0.24040059745311737,0.22746655344963074,f22eebe6af292016cf2e06f96add6144
Matang,Master_Dataset\Matang\DS3_Guiana_DSC_2001.jpg,DS3_Guiana_DSC_2001.jpg,JPEG,5568,3712,1.5,0.23113209009170532,0.24193282425403595,0.22913971543312073,d9b3c84447d3ae37938e530440b34f56
Matang,Master_Dataset\Matang\DS3_Guiana_DSC_2002.jpg,DS3_Guiana_DSC_2002.jpg,JPEG,5568,3712,1.5,0.23794999718666077,0.24970093369483948,0.23754607141017914,2c8934bff0c056b0a717b8ad07b9a24b
Matang,Master_Dataset\Matang\DS3_Guiana_DSC_2003.jpg,DS3_Guiana_DSC_2003.jpg,JPEG,5568,3712,1.5,0.22862251102924347,0.24422140419483185,0.22400109469890594,a9b9e4bbce62c1b7e99c5f90dafe548d
Matang,Master_Dataset\Matang\DS3_Guiana_DSC_2004.jpg,DS3_Guiana_DSC_2004.jpg,JPEG,5568,3712,1.5,0.2285035252571106,0.24411660432815552,0.22380758821964264,7d4756b5d3e59873f19cd94525ff258f
Matang,Master_Dataset\Matang\DS3_Guiana_DSC_2005.jpg,DS3_Guiana_DSC_2005.jpg,JPEG,5568,3712,1.5,0.2309560775756836,0.24660634994506836,0.22648178040981293,5b1c0a048fdf57386a7a7964eefdddd4
Matang,Master_Dataset\Matang\DS3_Guiana_DSC_2006.jpg,DS3_Guiana_DSC_2006.jpg,JPEG,5568,3712,1.5,0.47733429074287415,0.49187248945236206,0.49414798617362976,b939038460ccd95eaebe1efc11dd7c10
Matang,Master_Dataset\Matang\DS3_Guiana_DSC_2007.jpg,DS3_Guiana_DSC_2007.jpg,JPEG,5568,3712,1.5,0.4902169406414032,0.5018323063850403,0.5028781890869141,a95182a8bb291fb580e01669e0419a36
Matang,Master_Dataset\Matang\DS3_Guiana_DSC_2008.jpg,DS3_Guiana_DSC_2008.jpg,JPEG,5568,3712,1.5,0.47207745909690857,0.48262539505958557,0.4836015999317169,ba87185a37a585e790b3c73feaa26566
Matang,Master_Dataset\Matang\DS3_Guiana_DSC_2009.jpg,DS3_Guiana_DSC_2009.jpg,JPEG,5568,3712,1.5,0.46508440375328064,0.478562593460083,0.4810982048511505,1677da5b89d1d56e0269690ac136339e
Matang,Master_Dataset\Matang\DS3_Guiana_DSC_2010.jpg,DS3_Guiana_DSC_2010.jpg,JPEG,5568,3712,1.5,0.4326026737689972,0.4729592800140381,0.5143858790397644,54f6b553ce876b00c816a79f7c91cb48
Matang,Master_Dataset\Matang\DS3_Guiana_DSC_2011.jpg,DS3_Guiana_DSC_2011.jpg,JPEG,5568,3712,1.5,0.4347771108150482,0.4724363684654236,0.5121188759803772,593928ed9b53e15e901421a66e1f35ae
Matang,Master_Dataset\Matang\DS3_Guiana_DSC_2028.jpg,DS3_Guiana_DSC_2028.jpg,JPEG,5568,3712,1.5,0.4858456552028656,0.49823638796806335,0.4783574044704437,c98e9c4b05d6ff10d456aacfdd295909
Matang,Master_Dataset\Matang\DS3_Guiana_DSC_2029.jpg,DS3_Guiana_DSC_2029.jpg,JPEG,5568,3712,1.5,0.4839901924133301,0.5000659227371216,0.4872482120990753,4884b2d5005c3fbb5e1277ba9b4ec069
Matang,Master_Dataset\Matang\DS3_Guiana_DSC_2036.jpg,DS3_Guiana_DSC_2036.jpg,JPEG,5568,3712,1.5,0.4349457323551178,0.541487455368042,0.4087428152561188,f2f6a016c0b32f9a8fbd0490dcf51dfb
Matang,Master_Dataset\Matang\DS3_Guiana_DSC_2037.jpg,DS3_Guiana_DSC_2037.jpg,JPEG,5568,3712,1.5,0.4107793867588043,0.5216596126556396,0.3757922351360321,83bf3908b1009c7d60191dda671ca5b8
Matang,Master_Dataset\Matang\DS3_Guiana_DSC_2038.jpg,DS3_Guiana_DSC_2038.jpg,JPEG,5568,3712,1.5,0.36419111490249634,0.47885042428970337,0.3470499515533447,4f586abbcb769bcde30fa02ca9d99847
Matang,Master_Dataset\Matang\DS3_Guiana_DSC_2039.jpg,DS3_Guiana_DSC_2039.jpg,JPEG,5568,3712,1.5,0.35946813225746155,0.47538959980010986,0.34249281883239746,aaf21eadeabe4719eef0178edc2fd995
Matang,Master_Dataset\Matang\DS3_Guiana_DSC_2040.jpg,DS3_Guiana_DSC_2040.jpg,JPEG,5568,3712,1.5,0.46154356002807617,0.5870698094367981,0.4884992241859436,7491197a6ed9260d11962c93f642b4af
Matang,Master_Dataset\Matang\DS3_Guiana_DSC_2041.jpg,DS3_Guiana_DSC_2041.jpg,JPEG,5568,3712,1.5,0.4699370265007019,0.5967090129852295,0.49674302339553833,a694b4de6ce2e16ad8560145b11831e9
Matang,Master_Dataset\Matang\DS3_Guiana_DSC_2044.jpg,DS3_Guiana_DSC_2044.jpg,JPEG,5568,3712,1.5,0.2850763201713562,0.3437339663505554,0.27677690982818604,6a357002203d1b7e8abdb22c684f1641
Matang,Master_Dataset\Matang\DS3_Guiana_DSC_2045.jpg,DS3_Guiana_DSC_2045.jpg,JPEG,5568,3712,1.5,0.28466325998306274,0.34280550479888916,0.2761121094226837,c0fd72ca0d34ac0144cc492ab087a63b
Matang,Master_Dataset\Matang\DS3_Guiana_DSC_2046.jpg,DS3_Guiana_DSC_2046.jpg,JPEG,5568,3712,1.5,0.2983580529689789,0.3351741433143616,0.2661861479282379,b7c4e21ea0d5ad1790473ad2fe7f5a45
Matang,Master_Dataset\Matang\DS3_Guiana_DSC_2047.jpg,DS3_Guiana_DSC_2047.jpg,JPEG,5568,3712,1.5,0.2967149019241333,0.33041688799858093,0.2640947997570038,0f9d4787d38001328f5f22b721a1e613
Matang,Master_Dataset\Matang\DS3_Guiana_DSC_2048.jpg,DS3_Guiana_DSC_2048.jpg,JPEG,5568,3712,1.5,0.3094761073589325,0.37907156348228455,0.2625022232532501,48ec529049f1a86cb08ac5c2a2128bed
Matang,Master_Dataset\Matang\DS3_Guiana_DSC_2049.jpg,DS3_Guiana_DSC_2049.jpg,JPEG,5568,3712,1.5,0.31010106205940247,0.3793470859527588,0.2632594406604767,6d4a16a71f16071750efe6c93af01e04
Matang,Master_Dataset\Matang\DS3_Guiana_DSC_2050.jpg,DS3_Guiana_DSC_2050.jpg,JPEG,5568,3712,1.5,0.3101205825805664,0.37924614548683167,0.26978805661201477,c341970f86167ba7ff6ffe2997f643ba
Matang,Master_Dataset\Matang\DS3_Guiana_DSC_2051.jpg,DS3_Guiana_DSC_2051.jpg,JPEG,5568,3712,1.5,0.29063841700553894,0.3656342625617981,0.24255119264125824,2225c9065398de4ce454b69da7877e1d
Matang,Master_Dataset\Matang\DS3_Guiana_DSC_2052.jpg,DS3_Guiana_DSC_2052.jpg,JPEG,5568,3712,1.5,0.28757286071777344,0.3617159426212311,0.2418493628501892,1e68618b135835d5a3059ba64b55be23
Matang,Master_Dataset\Matang\DS3_Guiana_DSC_2053.jpg,DS3_Guiana_DSC_2053.jpg,JPEG,5568,3712,1.5,0.31236711144447327,0.3647601306438446,0.2750204801559448,5adc1f8518c642bf9645eea42d590a3d
Matang,Master_Dataset\Matang\DS3_Guiana_DSC_2054.jpg,DS3_Guiana_DSC_2054.jpg,JPEG,5568,3712,1.5,0.3135042190551758,0.3678284287452698,0.2754952907562256,350deb36c95afb6e1d3d51c34e0e7a96
Matang,Master_Dataset\Matang\DS3_Guiana_DSC_2055.jpg,DS3_Guiana_DSC_2055.jpg,JPEG,5568,3712,1.5,0.3174395263195038,0.3718482255935669,0.2783101499080658,37008946f50012d57fa738018447da74
Matang,Master_Dataset\Matang\DS3_Guiana_DSC_2132.jpg,DS3_Guiana_DSC_2132.jpg,JPEG,5568,3712,1.5,0.4297136664390564,0.6098924279212952,0.49780410528182983,b23c1c2f82f6a7629b79bf81a972c152
Matang,Master_Dataset\Matang\DS3_Guiana_DSC_2133.jpg,DS3_Guiana_DSC_2133.jpg,JPEG,5568,3712,1.5,0.4315035343170166,0.6113246083259583,0.4967152178287506,5ed40b3cd6e0cc95630b56031d2e1a42
Matang,Master_Dataset\Matang\DS3_Guiana_DSC_2134.jpg,DS3_Guiana_DSC_2134.jpg,JPEG,5568,3712,1.5,0.38290074467658997,0.5560058355331421,0.38293617963790894,5ac5527c0c8d35bbb399ee208bd293db
Matang,Master_Dataset\Matang\DS3_Guiana_DSC_2135.jpg,DS3_Guiana_DSC_2135.jpg,JPEG,5568,3712,1.5,0.37965261936187744,0.5519533157348633,0.3746756315231323,4a36720b5a5cb38798756321012635b4
Matang,Master_Dataset\Matang\DS3_Guiana_DSC_2136.jpg,DS3_Guiana_DSC_2136.jpg,JPEG,5568,3712,1.5,0.47041812539100647,0.6203513741493225,0.5484521389007568,f071685d05fd0dd57c45c0dd2c2e0d74
Matang,Master_Dataset\Matang\DS3_Guiana_DSC_2137.jpg,DS3_Guiana_DSC_2137.jpg,JPEG,5568,3712,1.5,0.46035394072532654,0.6099317669868469,0.5355796813964844,b97518e63e310dc9f57448de1f070d34
Matang,Master_Dataset\Matang\DS3_Guiana_DSC_2173.jpg,DS3_Guiana_DSC_2173.jpg,JPEG,5568,3712,1.5,0.4002881944179535,0.5122609734535217,0.3351735472679138,c80fb6c1b8db9db14e9f258755ad25b1
Matang,Master_Dataset\Matang\DS3_Guiana_DSC_2174.jpg,DS3_Guiana_DSC_2174.jpg,JPEG,5568,3712,1.5,0.4062703549861908,0.5152026414871216,0.35167625546455383,d7d24b8cfec6d020eefdd89b55671618
Matang,Master_Dataset\Matang\DS3_Guiana_DSC_2175.jpg,DS3_Guiana_DSC_2175.jpg,JPEG,5568,3712,1.5,0.40101704001426697,0.5122503638267517,0.33867841958999634,f2e4f9a6265316c2ea60f0cc5f2d8d91
Matang,Master_Dataset\Matang\DS3_Guiana_DSC_2176.jpg,DS3_Guiana_DSC_2176.jpg,JPEG,5568,3712,1.5,0.48688873648643494,0.6000304222106934,0.5000568628311157,de1ee40ef2eac042d242857d4dedae75
Matang,Master_Dataset\Matang\DS3_Guiana_DSC_2177.jpg,DS3_Guiana_DSC_2177.jpg,JPEG,5568,3712,1.5,0.49796009063720703,0.6110975742340088,0.5127328038215637,995e8aaa855da0724a6a33ee3346c830
Matang,Master_Dataset\Matang\DS3_Guiana_DSC_2178.jpg,DS3_Guiana_DSC_2178.jpg,JPEG,5568,3712,1.5,0.5114051699638367,0.6222782731056213,0.5205613970756531,cdc7297b3c9df59594313029ec593234
Matang,Master_Dataset\Matang\DS3_Guiana_DSC_2179.jpg,DS3_Guiana_DSC_2179.jpg,JPEG,5568,3712,1.5,0.4680168926715851,0.594881534576416,0.5485345721244812,2115851309a862497984b86b9f137132
Matang,Master_Dataset\Matang\DS3_Guiana_DSC_2180.jpg,DS3_Guiana_DSC_2180.jpg,JPEG,5568,3712,1.5,0.4589342474937439,0.5870932340621948,0.5428680777549744,4652c4865512d959774586e852eb9c18
Matang,Master_Dataset\Matang\DS3_Guiana_DSC_2183.jpg,DS3_Guiana_DSC_2183.jpg,JPEG,3712,5568,0.6667,0.478781133890152,0.5688504576683044,0.4534316658973694,ad816319f2826afd1a350e07b7bbed5b
Matang,Master_Dataset\Matang\DS3_Guiana_DSC_2184.jpg,DS3_Guiana_DSC_2184.jpg,JPEG,3712,5568,0.6667,0.4572835862636566,0.5493109822273254,0.4250669777393341,ccd9c9818a8327c99735671fb60e3b5b
Matang,Master_Dataset\Matang\DS3_Guiana_DSC_2185.jpg,DS3_Guiana_DSC_2185.jpg,JPEG,5568,3712,1.5,0.35998302698135376,0.4577857553958893,0.33950579166412354,561c8fef18606273eeaec758a197c758
Matang,Master_Dataset\Matang\DS3_Guiana_DSC_2186.jpg,DS3_Guiana_DSC_2186.jpg,JPEG,5568,3712,1.5,0.3576570153236389,0.4582520127296448,0.33713480830192566,109a14ac507a9a66e8e8be8142d65559
Matang,Master_Dataset\Matang\DS3_Guiana_DSC_2187.jpg,DS3_Guiana_DSC_2187.jpg,JPEG,5568,3712,1.5,0.3797406852245331,0.5035842657089233,0.34201523661613464,e0dd25e9c066998f30ae9e536d78c772
Matang,Master_Dataset\Matang\DS3_Guiana_DSC_2188.jpg,DS3_Guiana_DSC_2188.jpg,JPEG,5568,3712,1.5,0.375399649143219,0.5059830546379089,0.35530829429626465,72e005d96475fc768b8b3a89299c0ffb
Matang,Master_Dataset\Matang\DS3_Guiana_DSC_2189.jpg,DS3_Guiana_DSC_2189.jpg,JPEG,5568,3712,1.5,0.4093647599220276,0.522975504398346,0.37788304686546326,594e593727a5b9f46391d2d2c9d37b53
Matang,Master_Dataset\Matang\DS3_Guiana_DSC_2190.jpg,DS3_Guiana_DSC_2190.jpg,JPEG,5568,3712,1.5,0.3867141604423523,0.5024502873420715,0.3658822476863861,4b5e736eb101311c314536c121c44bb0
Matang,Master_Dataset\Matang\DS3_Guiana_DSC_2191.jpg,DS3_Guiana_DSC_2191.jpg,JPEG,5568,3712,1.5,0.3781092166900635,0.4948246479034424,0.3628733158111572,25d664019a4b2ce915b2c91d7f81238b
Matang,Master_Dataset\Matang\DS3_Guiana_DSC_2221.jpg,DS3_Guiana_DSC_2221.jpg,JPEG,5568,3712,1.5,0.3665207326412201,0.5287154912948608,0.42160457372665405,5a2f7f652da9519a241a8fb4dd85d1e7
Matang,Master_Dataset\Matang\DS3_Guiana_DSC_2222.jpg,DS3_Guiana_DSC_2222.jpg,JPEG,5568,3712,1.5,0.36680376529693604,0.5289421677589417,0.4219159185886383,0fbecff16ce4bd43cc7c20c9854e2a1e
Matang,Master_Dataset\Matang\DS3_Guiana_DSC_2223.jpg,DS3_Guiana_DSC_2223.jpg,JPEG,5568,3712,1.5,0.36616870760917664,0.5284878015518188,0.4201365113258362,63ef3ef8f2556aed39251541f5ce3d68
Matang,Master_Dataset\Matang\DS3_Guiana_DSC_2248.jpg,DS3_Guiana_DSC_2248.jpg,JPEG,5568,3712,1.5,0.5598709583282471,0.6008731126785278,0.5617427825927734,d37bf797548f4e9c93c1cb4537a535ef
Matang,Master_Dataset\Matang\DS3_Guiana_DSC_2249.jpg,DS3_Guiana_DSC_2249.jpg,JPEG,5568,3712,1.5,0.5681309700012207,0.605198323726654,0.5621633529663086,7f8dfd45f830f9c053365f9a5a41ad96
Matang,Master_Dataset\Matang\DS3_Guiana_DSC_2264.jpg,DS3_Guiana_DSC_2264.jpg,JPEG,5568,3712,1.5,0.42145204544067383,0.4946594536304474,0.4417947232723236,402c16ad7389ba539373fbe3bbb8ab5a
Matang,Master_Dataset\Matang\DS3_Guiana_DSC_2265.jpg,DS3_Guiana_DSC_2265.jpg,JPEG,5568,3712,1.5,0.4180759787559509,0.4924164116382599,0.4334995746612549,85e762fcdaac5e82c0096666a80f9122
Matang,Master_Dataset\Matang\DS3_Guiana_DSC_2266.jpg,DS3_Guiana_DSC_2266.jpg,JPEG,5568,3712,1.5,0.4176613688468933,0.4855605661869049,0.3924946188926697,e2755f82a5b5aeab2f319d019c86aa72
Matang,Master_Dataset\Matang\DS3_Guiana_DSC_2267.jpg,DS3_Guiana_DSC_2267.jpg,JPEG,5568,3712,1.5,0.41995686292648315,0.48565512895584106,0.39111700654029846,070e022d46a290a6fe40d30111051f23
Matang,Master_Dataset\Matang\DS3_Guiana_DSC_2268.jpg,DS3_Guiana_DSC_2268.jpg,JPEG,5568,3712,1.5,0.4201599061489105,0.4855295717716217,0.39071154594421387,190236af5e73e21d265e6c67bfca92f0
Matang,Master_Dataset\Matang\DS3_Guiana_DSC_2273.jpg,DS3_Guiana_DSC_2273.jpg,JPEG,5568,3712,1.5,0.437007874250412,0.4833317697048187,0.3782116770744324,06e2fab8b0d380a309c97a270613f1fd
Matang,Master_Dataset\Matang\DS3_Guiana_DSC_2274.jpg,DS3_Guiana_DSC_2274.jpg,JPEG,5568,3712,1.5,0.4357035160064697,0.4790637195110321,0.3726047873497009,318a6fced616322a64fe4b98f997913d
Matang,Master_Dataset\Matang\DS3_Guiana_DSC_2283.jpg,DS3_Guiana_DSC_2283.jpg,JPEG,5568,3712,1.5,0.41417041420936584,0.501539409160614,0.43525147438049316,960fa9efe5e9ecc4e0c5fbb928d057e8
Matang,Master_Dataset\Matang\DS3_Guiana_DSC_2284.jpg,DS3_Guiana_DSC_2284.jpg,JPEG,5568,3712,1.5,0.4081840515136719,0.5045145153999329,0.4304690361022949,e4a9fe90393e3eb2caffa55dd999d933
Matang,Master_Dataset\Matang\DS3_Guiana_DSC_2293.jpg,DS3_Guiana_DSC_2293.jpg,JPEG,5568,3712,1.5,0.38145679235458374,0.4969717264175415,0.4400348663330078,a345890ba181d684cd1542aa688154b7
Matang,Master_Dataset\Matang\DS3_Guiana_IMG_20220526_093626_5.jpg,DS3_Guiana_IMG_20220526_093626_5.jpg,JPEG,1440,3200,0.45,0.4767346680164337,0.4694138467311859,0.3587506413459778,569b28b3518a5ad420c0b44ae4ceb482
Matang,Master_Dataset\Matang\DS3_Guiana_IMG_20220526_093628_9.jpg,DS3_Guiana_IMG_20220526_093628_9.jpg,JPEG,1440,3200,0.45,0.4776526689529419,0.4709610342979431,0.3640148341655731,771fe6d1a5f1b8f95fda60953145e068
Matang,Master_Dataset\Matang\DS3_Guiana_IMG_20220526_093633_5.jpg,DS3_Guiana_IMG_20220526_093633_5.jpg,JPEG,1440,3200,0.45,0.4434066414833069,0.4492751955986023,0.3281095325946808,e4e4db41cb998ffaf4309f4d431fb273
Matang,Master_Dataset\Matang\DS3_Guiana_IMG_20220526_093639_2.jpg,DS3_Guiana_IMG_20220526_093639_2.jpg,JPEG,1440,3200,0.45,0.4879058003425598,0.4613073766231537,0.36700090765953064,76c45aac99cd593c86d03e3e059e051a
Matang,Master_Dataset\Matang\DS3_Guiana_IMG_20220526_093642_6.jpg,DS3_Guiana_IMG_20220526_093642_6.jpg,JPEG,1440,3200,0.45,0.4598248600959778,0.46149662137031555,0.35704877972602844,ea0f2de93e50215c8b4d9b110b87e876
Matang,Master_Dataset\Matang\DS3_Guiana_IMG_20220526_093646_0.jpg,DS3_Guiana_IMG_20220526_093646_0.jpg,JPEG,1440,3200,0.45,0.4893140196800232,0.49360013008117676,0.37632787227630615,28462f4bd2a99d7215196a13c472398f
Matang,Master_Dataset\Matang\DS3_Guiana_IMG_20220526_093648_7.jpg,DS3_Guiana_IMG_20220526_093648_7.jpg,JPEG,1440,3200,0.45,0.4826890230178833,0.4967043399810791,0.37197983264923096,59507f3b1a688be65d9af534791c0b97
Matang,Master_Dataset\Matang\DS3_Guiana_IMG_20220526_093653_3.jpg,DS3_Guiana_IMG_20220526_093653_3.jpg,JPEG,1440,3200,0.45,0.45325520634651184,0.44592007994651794,0.34496888518333435,27adcd554ccdf66a3595db4240d26463
Matang,Master_Dataset\Matang\DS3_Guiana_IMG_20220526_093656_4.jpg,DS3_Guiana_IMG_20220526_093656_4.jpg,JPEG,1440,3200,0.45,0.4752020835876465,0.4709832966327667,0.3526786267757416,c59dfa0824fe97546e13757c03f130ef
Matang,Master_Dataset\Matang\DS3_Guiana_IMG_20220526_093659_1.jpg,DS3_Guiana_IMG_20220526_093659_1.jpg,JPEG,1440,3200,0.45,0.4751705229282379,0.47071534395217896,0.3682492971420288,103c3e3e263055e3610ba83d09ed270e
Matang,Master_Dataset\Matang\DS3_Guiana_IMG_20220526_093703_7.jpg,DS3_Guiana_IMG_20220526_093703_7.jpg,JPEG,1440,3200,0.45,0.4686920642852783,0.458121657371521,0.31573936343193054,aeacf94a220a422c7fd102af7bb748b7
Matang,Master_Dataset\Matang\DS3_Guiana_IMG_20220526_093747_5.jpg,DS3_Guiana_IMG_20220526_093747_5.jpg,JPEG,1440,3200,0.45,0.5002741813659668,0.48415836691856384,0.3646382689476013,2d2b431609e65dc84daddc33d60855b1
Matang,Master_Dataset\Matang\DS3_Guiana_IMG_20220526_093751_4.jpg,DS3_Guiana_IMG_20220526_093751_4.jpg,JPEG,1440,3200,0.45,0.5030947923660278,0.4860808849334717,0.3660704791545868,1fa4ee721885245c1125e91202c2c661
Matang,Master_Dataset\Matang\DS3_Guiana_IMG_20220526_093755_7.jpg,DS3_Guiana_IMG_20220526_093755_7.jpg,JPEG,1440,3200,0.45,0.5056121349334717,0.4894595146179199,0.36413007974624634,7cc78ca1cd5c2654993ed4de31729ebe
Matang,Master_Dataset\Matang\DS3_Guiana_IMG_20220526_093804_4.jpg,DS3_Guiana_IMG_20220526_093804_4.jpg,JPEG,1440,3200,0.45,0.5223960876464844,0.4742964208126068,0.33607563376426697,89747e93b9030cec537a9a98e7467860
Matang,Master_Dataset\Matang\DS3_Guiana_IMG_20220526_093811_6.jpg,DS3_Guiana_IMG_20220526_093811_6.jpg,JPEG,1440,3200,0.45,0.500248908996582,0.45923903584480286,0.3045338988304138,0f1eac4787bdff687b58aa361b53a9fa
Matang,Master_Dataset\Matang\DS3_Guiana_IMG_20220526_093815_4.jpg,DS3_Guiana_IMG_20220526_093815_4.jpg,JPEG,1440,3200,0.45,0.5192654132843018,0.4739903509616852,0.33485549688339233,0e136b7cb15ddbb79cf2d76c277d105f
Matang,Master_Dataset\Matang\DS3_Guiana_IMG_20220526_095512_3.jpg,DS3_Guiana_IMG_20220526_095512_3.jpg,JPEG,3200,1440,2.2222,0.5155941247940063,0.4925135374069214,0.40445026755332947,11c39fb81bf64f39e0d3c536794e24bf
Matang,Master_Dataset\Matang\DS3_Guiana_IMG_20220526_095513_9.jpg,DS3_Guiana_IMG_20220526_095513_9.jpg,JPEG,3200,1440,2.2222,0.49900221824645996,0.47932979464530945,0.39529162645339966,c2dc11cc3a2779750294e7f131f5a069
Matang,Master_Dataset\Matang\DS3_Guiana_IMG_20220526_095516_0.jpg,DS3_Guiana_IMG_20220526_095516_0.jpg,JPEG,1440,3200,0.45,0.4859253466129303,0.4790308177471161,0.39504891633987427,b78c2bb791023539aa79aefe46a7eb76
Matang,Master_Dataset\Matang\DS3_Guiana_IMG_20220526_095518_4.jpg,DS3_Guiana_IMG_20220526_095518_4.jpg,JPEG,1440,3200,0.45,0.4852641522884369,0.47206079959869385,0.3930423855781555,51da6fadc3cd004ec8c616e13f9e89d5
Matang,Master_Dataset\Matang\DS3_Guiana_IMG_20220526_095520_3.jpg,DS3_Guiana_IMG_20220526_095520_3.jpg,JPEG,1440,3200,0.45,0.4859311580657959,0.4715759754180908,0.38811227679252625,0d82f85e91a274dc0765cf2618994a1c
Matang,Master_Dataset\Matang\DS3_Guiana_IMG_20220526_095527_9.jpg,DS3_Guiana_IMG_20220526_095527_9.jpg,JPEG,1440,3200,0.45,0.5064390301704407,0.5036028623580933,0.4162818193435669,6c12ea4b6018c2a872a52de02b9fe6db
Matang,Master_Dataset\Matang\DS3_Guiana_IMG_20220526_095813_1.jpg,DS3_Guiana_IMG_20220526_095813_1.jpg,JPEG,1440,3200,0.45,0.5626863241195679,0.5163741111755371,0.4172004163265228,1d0726ac1d042773156a5f685d3d666b
Matang,Master_Dataset\Matang\DS3_Guiana_IMG_20220526_095816_5.jpg,DS3_Guiana_IMG_20220526_095816_5.jpg,JPEG,1440,3200,0.45,0.5582065582275391,0.5048820972442627,0.4012683928012848,2f63ef5f453f221ee2d7102330718332
Matang,Master_Dataset\Matang\DS3_Guiana_IMG_20220526_095821_3.jpg,DS3_Guiana_IMG_20220526_095821_3.jpg,JPEG,1440,3200,0.45,0.5611655116081238,0.5284923911094666,0.41605374217033386,f704d1f96de5236498bd4b4aa6ced6da
Matang,Master_Dataset\Matang\DS3_Guiana_IMG_20220526_095824_8.jpg,DS3_Guiana_IMG_20220526_095824_8.jpg,JPEG,1440,3200,0.45,0.5743914246559143,0.5172550082206726,0.3917650282382965,3fced304e23d52e20d5b9e423d71a990
Matang,Master_Dataset\Matang\DS3_Guiana_IMG_20220526_095831_3.jpg,DS3_Guiana_IMG_20220526_095831_3.jpg,JPEG,1440,3200,0.45,0.5585920810699463,0.5035510063171387,0.38090085983276367,fbae2ec029dac5b33dffcdb6ddd50c61
Matang,Master_Dataset\Matang\DS3_Guiana_IMG_20220526_095833_0.jpg,DS3_Guiana_IMG_20220526_095833_0.jpg,JPEG,1440,3200,0.45,0.5569685101509094,0.5006794333457947,0.38022270798683167,b039c33e5029f0884a963985841d4224
Matang,Master_Dataset\Matang\DS3_Guiana_IMG_20220526_095836_0.jpg,DS3_Guiana_IMG_20220526_095836_0.jpg,JPEG,1440,3200,0.45,0.5798254013061523,0.5289038419723511,0.4199632406234741,4e782e3a5d9fd9d70e44a6ae87f1a6f8
Matang,Master_Dataset\Matang\DS3_Guiana_IMG_20220526_095839_3.jpg,DS3_Guiana_IMG_20220526_095839_3.jpg,JPEG,1440,3200,0.45,0.5671966075897217,0.5280894637107849,0.431605726480484,442293a059cfb6d634eed99bb3dcf2ea
Matang,Master_Dataset\Matang\DS3_Guiana_IMG_20220526_095905_4.jpg,DS3_Guiana_IMG_20220526_095905_4.jpg,JPEG,1440,3200,0.45,0.5814707279205322,0.521740734577179,0.21773122251033783,c8e0e90aa964f593d039ec658b463cfc
Matang,Master_Dataset\Matang\DS3_Guiana_IMG_20220526_095907_4.jpg,DS3_Guiana_IMG_20220526_095907_4.jpg,JPEG,1440,3200,0.45,0.5841700434684753,0.5293127298355103,0.21957990527153015,bdaf0d15ccfbb49f7afd849eaf15bcd1
Matang,Master_Dataset\Matang\DS3_Guiana_IMG_20220526_095910_8.jpg,DS3_Guiana_IMG_20220526_095910_8.jpg,JPEG,1440,3200,0.45,0.5831901431083679,0.534745991230011,0.2539064288139343,e2870833e2c6a0f28f532303846eb76e
Matang,Master_Dataset\Matang\DS3_Guiana_IMG_20220526_095913_5.jpg,DS3_Guiana_IMG_20220526_095913_5.jpg,JPEG,1440,3200,0.45,0.6128089427947998,0.5496163964271545,0.1860489398241043,e2d7fd3d808b615045856ad0f66a02c2
Matang,Master_Dataset\Matang\DS3_Guiana_IMG_20220526_095915_4.jpg,DS3_Guiana_IMG_20220526_095915_4.jpg,JPEG,1440,3200,0.45,0.6165184378623962,0.549142599105835,0.2223230004310608,a0e85367221eb8fc433f490d254a2626
Matang,Master_Dataset\Matang\DS3_Guiana_IMG_20220526_095917_8.jpg,DS3_Guiana_IMG_20220526_095917_8.jpg,JPEG,1440,3200,0.45,0.5659093260765076,0.505459725856781,0.2427092343568802,931f0b85d627927ca4a5ab57ef338213
Matang,Master_Dataset\Matang\DS3_Guiana_IMG_20220526_095919_7.jpg,DS3_Guiana_IMG_20220526_095919_7.jpg,JPEG,1440,3200,0.45,0.5700972676277161,0.5112788081169128,0.237542986869812,4f59fd517192a13d36ee64ff5f1a1a51
Matang,Master_Dataset\Matang\DS3_Guiana_IMG_20220526_095921_8.jpg,DS3_Guiana_IMG_20220526_095921_8.jpg,JPEG,1440,3200,0.45,0.5979933142662048,0.5236706137657166,0.2329460084438324,aa265e279f216a3cdc46e983c1b790fb
Matang,Master_Dataset\Matang\DS3_Guiana_IMG_20220526_095925_7.jpg,DS3_Guiana_IMG_20220526_095925_7.jpg,JPEG,1440,3200,0.45,0.5841780304908752,0.5346323847770691,0.2584349811077118,182d95da98d21e164f7e591c21d913a8
Matang,Master_Dataset\Matang\DS3_Guiana_IMG_20220526_095928_2.jpg,DS3_Guiana_IMG_20220526_095928_2.jpg,JPEG,1440,3200,0.45,0.6236648559570312,0.5393307209014893,0.24589797854423523,ab809d5ba68ed2f9dff1663d1cda8070
Matang,Master_Dataset\Matang\DS3_Guiana_IMG_20220526_095936_2.jpg,DS3_Guiana_IMG_20220526_095936_2.jpg,JPEG,1440,3200,0.45,0.5702979564666748,0.5099186301231384,0.21741797029972076,4352a2a3eb7dd76502c5039d8655961b
Matang,Master_Dataset\Matang\DS3_Guiana_IMG_20220526_095938_5.jpg,DS3_Guiana_IMG_20220526_095938_5.jpg,JPEG,1440,3200,0.45,0.5759106874465942,0.5110005736351013,0.2027704417705536,132c1948baa598d416e5b0ab085f7055
Matang,Master_Dataset\Matang\DS3_Guiana_IMG_20220526_095940_1.jpg,DS3_Guiana_IMG_20220526_095940_1.jpg,JPEG,1440,3200,0.45,0.5718837976455688,0.5043525099754333,0.20963452756404877,61307f56363b40953d804f983906fec3
Matang,Master_Dataset\Matang\DS3_Guiana_IMG_20220526_095942_1.jpg,DS3_Guiana_IMG_20220526_095942_1.jpg,JPEG,1440,3200,0.45,0.568648636341095,0.5151446461677551,0.23694220185279846,40d21f9661c1867cd4f618054989ba2c
Matang,Master_Dataset\Matang\DS3_Guiana_IMG_20220526_100006_8.jpg,DS3_Guiana_IMG_20220526_100006_8.jpg,JPEG,1440,3200,0.45,0.5031313896179199,0.4723600745201111,0.2383149415254593,07cd9948a753069c939dcc7e9f61307c
Matang,Master_Dataset\Matang\DS3_Guiana_IMG_20220526_100009_2.jpg,DS3_Guiana_IMG_20220526_100009_2.jpg,JPEG,1440,3200,0.45,0.4804987907409668,0.45822572708129883,0.22058570384979248,e7463e0d3b1daed52c408963523978d4
Matang,Master_Dataset\Matang\DS3_Guiana_IMG_20220526_100011_2.jpg,DS3_Guiana_IMG_20220526_100011_2.jpg,JPEG,1440,3200,0.45,0.48434484004974365,0.47099465131759644,0.22477827966213226,ee090bfb07659d6fb7a55b8d94d2eb47
Matang,Master_Dataset\Matang\DS3_Guiana_IMG_20220526_100013_0.jpg,DS3_Guiana_IMG_20220526_100013_0.jpg,JPEG,1440,3200,0.45,0.4741167426109314,0.4575628638267517,0.23558349907398224,2af639626d2d9836b1a0647b8e75a215
Matang,Master_Dataset\Matang\DS3_Guiana_IMG_20220526_100015_5.jpg,DS3_Guiana_IMG_20220526_100015_5.jpg,JPEG,1440,3200,0.45,0.48942843079566956,0.4721466898918152,0.2524813115596771,d634577edbbbeb6a14f5c87ab5229ca7
Matang,Master_Dataset\Matang\DS3_Guiana_IMG_20220526_100017_5.jpg,DS3_Guiana_IMG_20220526_100017_5.jpg,JPEG,1440,3200,0.45,0.47259756922721863,0.463169664144516,0.26898911595344543,f074fb0d49bb88cb6d05e14c91bf09b1
Matang,Master_Dataset\Matang\DS3_Guiana_IMG_20220526_100349_6.jpg,DS3_Guiana_IMG_20220526_100349_6.jpg,JPEG,1440,3200,0.45,0.5121203064918518,0.49686041474342346,0.405331552028656,287dda63fafced9863a161b721eb32ac
Matang,Master_Dataset\Matang\DS3_Guiana_IMG_20220526_100352_6.jpg,DS3_Guiana_IMG_20220526_100352_6.jpg,JPEG,1440,3200,0.45,0.5141016840934753,0.496415913105011,0.39841189980506897,68e232c8b9998c8bd3bb26af0567d0d7
Matang,Master_Dataset\Matang\DS3_Guiana_IMG_20220526_100400_3.jpg,DS3_Guiana_IMG_20220526_100400_3.jpg,JPEG,1440,3200,0.45,0.5112189054489136,0.5006328225135803,0.37011003494262695,afb78309b37797cdbd6350317511be90
Matang,Master_Dataset\Matang\DS3_Guiana_IMG_20220526_100403_1.jpg,DS3_Guiana_IMG_20220526_100403_1.jpg,JPEG,1440,3200,0.45,0.5027880668640137,0.49419814348220825,0.3611666262149811,689998c0dd025b6fa373f5c5da0998ec
Matang,Master_Dataset\Matang\DS3_Guiana_IMG_20220526_100407_2.jpg,DS3_Guiana_IMG_20220526_100407_2.jpg,JPEG,1440,3200,0.45,0.5092741250991821,0.4940095841884613,0.3691253662109375,358fcbab7f1c530100c0be2bf441e552
Matang,Master_Dataset\Matang\DS3_Guiana_IMG_20220526_100409_3.jpg,DS3_Guiana_IMG_20220526_100409_3.jpg,JPEG,1440,3200,0.45,0.5281745791435242,0.515920102596283,0.3837558329105377,033e021b84440f617f7a84b4462f4382
Matang,Master_Dataset\Matang\DS3_Guiana_IMG_20220526_101806_6.jpg,DS3_Guiana_IMG_20220526_101806_6.jpg,JPEG,1440,3200,0.45,0.5185796618461609,0.5024672746658325,0.3367149829864502,722b5d1267cb9e79ba25a29991bb3c07
Matang,Master_Dataset\Matang\DS3_Guiana_IMG_20220526_101808_2.jpg,DS3_Guiana_IMG_20220526_101808_2.jpg,JPEG,1440,3200,0.45,0.5153431296348572,0.49626871943473816,0.33651334047317505,ea2d328630c396945485cf12877effff
Matang,Master_Dataset\Matang\DS3_Guiana_IMG_20220526_101812_8.jpg,DS3_Guiana_IMG_20220526_101812_8.jpg,JPEG,1440,3200,0.45,0.5353295803070068,0.5091565847396851,0.31253480911254883,b96224f95679394c2b2f7fa5e5a64009
Matang,Master_Dataset\Matang\DS3_Guiana_IMG_20220526_101814_3.jpg,DS3_Guiana_IMG_20220526_101814_3.jpg,JPEG,1440,3200,0.45,0.5307568907737732,0.5018395781517029,0.3126257061958313,073b8baa969bd1259e399154dbd9442e
Matang,Master_Dataset\Matang\DS3_Guiana_IMG_20220526_101815_7.jpg,DS3_Guiana_IMG_20220526_101815_7.jpg,JPEG,1440,3200,0.45,0.5425320267677307,0.5124915838241577,0.32903921604156494,73f3915a3ce8844d5b71837be9a5a21d
Matang,Master_Dataset\Matang\DS3_Guiana_IMG_20220526_101824_4.jpg,DS3_Guiana_IMG_20220526_101824_4.jpg,JPEG,1440,3200,0.45,0.5311415195465088,0.5113399624824524,0.2982630431652069,fc3a354e5c304bb25d5d8ae013e4faa2
Matang,Master_Dataset\Matang\DS3_Guiana_IMG_20220526_101830_5.jpg,DS3_Guiana_IMG_20220526_101830_5.jpg,JPEG,1440,3200,0.45,0.5164703130722046,0.49700647592544556,0.28403201699256897,33546c74a60f82e0800ddb0e467818d3
Matang,Master_Dataset\Matang\DS3_Guiana_IMG_20220526_101831_9.jpg,DS3_Guiana_IMG_20220526_101831_9.jpg,JPEG,1440,3200,0.45,0.53794264793396,0.5144718289375305,0.2904078960418701,d13f71e3a29619f23a9efc9c5a527650
Mentah,Master_Dataset\Mentah\DS1_C1_100_jpg.rf.a3549598c966315e4e404b64f97c275c.jpg,DS1_C1_100_jpg.rf.a3549598c966315e4e404b64f97c275c.jpg,JPEG,224,224,1.0,0.3745931386947632,0.4041832387447357,0.30679184198379517,558409cdb056b123b31eb3396f77371d
Mentah,Master_Dataset\Mentah\DS1_C1_101_jpg.rf.0aa38574b8cabbbac6f072856d5f1548.jpg,DS1_C1_101_jpg.rf.0aa38574b8cabbbac6f072856d5f1548.jpg,JPEG,224,224,1.0,0.5157478451728821,0.5316877961158752,0.40116697549819946,b4465706b7b88e153f214afacbc2c52d
Mentah,Master_Dataset\Mentah\DS1_C1_102_jpg.rf.a5c53df31f5acca3e600b147a9400b5a.jpg,DS1_C1_102_jpg.rf.a5c53df31f5acca3e600b147a9400b5a.jpg,JPEG,224,224,1.0,0.5109894275665283,0.4768289029598236,0.46560701727867126,1c4f4d08fd9494ba036bc8bc315ef16e
Mentah,Master_Dataset\Mentah\DS1_C1_103_jpg.rf.c6b7ad4f4302deb63640873cd2321929.jpg,DS1_C1_103_jpg.rf.c6b7ad4f4302deb63640873cd2321929.jpg,JPEG,224,224,1.0,0.32023683190345764,0.3324231803417206,0.2609814405441284,2ab352f5f899ec8335c4d373af258b40
Mentah,Master_Dataset\Mentah\DS1_C1_104_jpg.rf.09de9b2cbf414c307bfd587968fbae5b.jpg,DS1_C1_104_jpg.rf.09de9b2cbf414c307bfd587968fbae5b.jpg,JPEG,224,224,1.0,0.4922245144844055,0.4881415069103241,0.4699726104736328,bab4e2259873ac5ad9517375325f13b0
Mentah,Master_Dataset\Mentah\DS1_C1_105_jpg.rf.f5ca9834ce666593f6e238883fb41dca.jpg,DS1_C1_105_jpg.rf.f5ca9834ce666593f6e238883fb41dca.jpg,JPEG,224,224,1.0,0.4601571559906006,0.4445282518863678,0.409445583820343,1b912bd43131d171cc75efe09bca383a
Mentah,Master_Dataset\Mentah\DS1_C1_106_jpg.rf.1374a0156b33302862a6f2c9ef5c515e.jpg,DS1_C1_106_jpg.rf.1374a0156b33302862a6f2c9ef5c515e.jpg,JPEG,224,224,1.0,0.5679289102554321,0.5866004228591919,0.5249339938163757,a0085e30ef039962281a13343804d98e
Mentah,Master_Dataset\Mentah\DS1_C1_107_jpg.rf.db0be95c4a901ab8904db056f8a5b303.jpg,DS1_C1_107_jpg.rf.db0be95c4a901ab8904db056f8a5b303.jpg,JPEG,224,224,1.0,0.35920125246047974,0.4119260907173157,0.27984318137168884,ec7e0ede6b8b2e2bd1af9704a99d1f7f
Mentah,Master_Dataset\Mentah\DS1_C1_108_jpg.rf.4c1748a029a1a7143a3a2141de7df932.jpg,DS1_C1_108_jpg.rf.4c1748a029a1a7143a3a2141de7df932.jpg,JPEG,224,224,1.0,0.43794405460357666,0.47058263421058655,0.3086415231227875,301bf33457d2bd9cac745bfb6260ae69
Mentah,Master_Dataset\Mentah\DS1_C1_109_jpg.rf.fe89c745a6a975433895b8cee1d4c9c2.jpg,DS1_C1_109_jpg.rf.fe89c745a6a975433895b8cee1d4c9c2.jpg,JPEG,224,224,1.0,0.46019110083580017,0.44737952947616577,0.41189950704574585,c6952a777058d72f71d64398b6a7d5fe
Mentah,Master_Dataset\Mentah\DS1_C1_10_jpg.rf.d0aa45da61472a49b65a9883be3d108e.jpg,DS1_C1_10_jpg.rf.d0aa45da61472a49b65a9883be3d108e.jpg,JPEG,224,224,1.0,0.46050745248794556,0.4695504605770111,0.38272103667259216,3ec0e0c2b462187f440a12bfee3e4ec6
Mentah,Master_Dataset\Mentah\DS1_C1_110_jpg.rf.8e2d798890d62bae15f813cf84be76cd.jpg,DS1_C1_110_jpg.rf.8e2d798890d62bae15f813cf84be76cd.jpg,JPEG,224,224,1.0,0.41040289402008057,0.44472700357437134,0.3929131329059601,42adcefcaf7ecf78c7c537edcea2ba54
Mentah,Master_Dataset\Mentah\DS1_C1_111_jpg.rf.cc97082e62df465111558991e65555bf.jpg,DS1_C1_111_jpg.rf.cc97082e62df465111558991e65555bf.jpg,JPEG,224,224,1.0,0.4303371012210846,0.44790977239608765,0.3109751343727112,7ed74756425f4c4c8d792e7d2007ed01
Mentah,Master_Dataset\Mentah\DS1_C1_112_jpg.rf.d90c08962df086c52ed160a0ea6ea594.jpg,DS1_C1_112_jpg.rf.d90c08962df086c52ed160a0ea6ea594.jpg,JPEG,224,224,1.0,0.6009586453437805,0.5258655548095703,0.3574209213256836,8e8b329f611a923029160b4663ec91f2
Mentah,Master_Dataset\Mentah\DS1_C1_113_jpg.rf.c242adef500c0f9382bfe7bfb720ca43.jpg,DS1_C1_113_jpg.rf.c242adef500c0f9382bfe7bfb720ca43.jpg,JPEG,224,224,1.0,0.5189691781997681,0.5452017188072205,0.4285946786403656,286b02ebe368bfdeb3b39bb423fd7f02
Mentah,Master_Dataset\Mentah\DS1_C1_114_jpg.rf.2fb589e95943087c377d653aedb7760f.jpg,DS1_C1_114_jpg.rf.2fb589e95943087c377d653aedb7760f.jpg,JPEG,224,224,1.0,0.643273115158081,0.6475070118904114,0.43257758021354675,17f187358f53ba4d6c3fdbec6fdb7784
Mentah,Master_Dataset\Mentah\DS1_C1_115_jpg.rf.b6d638f6d05e44243593de928dcd5833.jpg,DS1_C1_115_jpg.rf.b6d638f6d05e44243593de928dcd5833.jpg,JPEG,224,224,1.0,0.5227556228637695,0.55982905626297,0.39760926365852356,d3db770e17a97c12fe68027d749cfaff
Mentah,Master_Dataset\Mentah\DS1_C1_116_jpg.rf.a69924e77dc2558640b09984a7122fd2.jpg,DS1_C1_116_jpg.rf.a69924e77dc2558640b09984a7122fd2.jpg,JPEG,224,224,1.0,0.5901339650154114,0.6188526153564453,0.33306393027305603,f3ffe23eb2bd224a5aba9bc4fce89db8
Mentah,Master_Dataset\Mentah\DS1_C1_117_jpg.rf.af4fefd93620ade12f07871d077d1252.jpg,DS1_C1_117_jpg.rf.af4fefd93620ade12f07871d077d1252.jpg,JPEG,224,224,1.0,0.4220047891139984,0.4081113338470459,0.3430590331554413,86568be4d1b11936e1b557d7e96e73e5
Mentah,Master_Dataset\Mentah\DS1_C1_118_jpg.rf.4a9e6584a355589a6602d16fd946cfa2.jpg,DS1_C1_118_jpg.rf.4a9e6584a355589a6602d16fd946cfa2.jpg,JPEG,224,224,1.0,0.4380134344100952,0.45573192834854126,0.4152897596359253,8b6860b66d9c4699d41208c2f70bc96d
Mentah,Master_Dataset\Mentah\DS1_C1_119_jpg.rf.b33af4d82fa0e221eb1693a878ab9631.jpg,DS1_C1_119_jpg.rf.b33af4d82fa0e221eb1693a878ab9631.jpg,JPEG,224,224,1.0,0.5379012823104858,0.541835367679596,0.32012197375297546,bbaf1429e483116236748924b3c31d39
Mentah,Master_Dataset\Mentah\DS1_C1_11_jpg.rf.1ba508f76c6ff0878f8c03d5cce01171.jpg,DS1_C1_11_jpg.rf.1ba508f76c6ff0878f8c03d5cce01171.jpg,JPEG,224,224,1.0,0.4351705014705658,0.42466026544570923,0.38359177112579346,71fbdf55ea4ec010e0eb4fe9277ef4cc
Mentah,Master_Dataset\Mentah\DS1_C1_120_jpg.rf.ec76a14e9609fccea57e59bf8bef7b68.jpg,DS1_C1_120_jpg.rf.ec76a14e9609fccea57e59bf8bef7b68.jpg,JPEG,224,224,1.0,0.5192837119102478,0.5215874314308167,0.4597766101360321,e9f7862021d49ae701bf6ada15c0ee6d
Mentah,Master_Dataset\Mentah\DS1_C1_121_jpg.rf.6c41645f583fd9c6ecb486ab8592a001.jpg,DS1_C1_121_jpg.rf.6c41645f583fd9c6ecb486ab8592a001.jpg,JPEG,224,224,1.0,0.33718618750572205,0.3469076156616211,0.24731099605560303,aee761527831bafa7c7ff70d2dd9fa0c
Mentah,Master_Dataset\Mentah\DS1_C1_122_jpg.rf.9b3dee51fd20f936801bcabd96a03d2e.jpg,DS1_C1_122_jpg.rf.9b3dee51fd20f936801bcabd96a03d2e.jpg,JPEG,224,224,1.0,0.7114608883857727,0.7004174590110779,0.4512878358364105,22a8d16bb13753c3750df2be423db0cf
Mentah,Master_Dataset\Mentah\DS1_C1_123_jpg.rf.a0f17158d7766898d6f33a3c3bf3867d.jpg,DS1_C1_123_jpg.rf.a0f17158d7766898d6f33a3c3bf3867d.jpg,JPEG,224,224,1.0,0.4933263957500458,0.5081493854522705,0.4077821671962738,ea1512b9bc2ce702b16ca42ecc8fff28
Mentah,Master_Dataset\Mentah\DS1_C1_124_jpg.rf.5188af5adc7ac4cc79959bc79081defc.jpg,DS1_C1_124_jpg.rf.5188af5adc7ac4cc79959bc79081defc.jpg,JPEG,224,224,1.0,0.4956667125225067,0.5090349316596985,0.4109309911727905,6dae61b24cb6df3f48edad8e9f8dcd36
Mentah,Master_Dataset\Mentah\DS1_C1_125_jpg.rf.bc054c9b310cc11e517b8482cc16a805.jpg,DS1_C1_125_jpg.rf.bc054c9b310cc11e517b8482cc16a805.jpg,JPEG,224,224,1.0,0.3528732359409332,0.36919960379600525,0.25912708044052124,fa09fb8686cd44ec01890d9ddf25411a
Mentah,Master_Dataset\Mentah\DS1_C1_126_jpg.rf.90248c097c34ac5b329eb1954b10f8c7.jpg,DS1_C1_126_jpg.rf.90248c097c34ac5b329eb1954b10f8c7.jpg,JPEG,224,224,1.0,0.48658251762390137,0.4704834222793579,0.44970548152923584,34bb672d8f1b97b8859e614a53925694
Mentah,Master_Dataset\Mentah\DS1_C1_127_jpg.rf.28f802c5a361e88e1161d66470a28cb5.jpg,DS1_C1_127_jpg.rf.28f802c5a361e88e1161d66470a28cb5.jpg,JPEG,224,224,1.0,0.5188223719596863,0.48533573746681213,0.29035353660583496,061ceee3cc8eb3330178fbee23e6aadf
Mentah,Master_Dataset\Mentah\DS1_C1_128_jpg.rf.5f1a204d5002012664ed098e275c8a9f.jpg,DS1_C1_128_jpg.rf.5f1a204d5002012664ed098e275c8a9f.jpg,JPEG,224,224,1.0,0.42744600772857666,0.4321572482585907,0.34932294487953186,0813b5106fbc4b156b23e6197ca53700
Mentah,Master_Dataset\Mentah\DS1_C1_129_jpg.rf.17cf5e166a02c8101fb39d33ae103d6a.jpg,DS1_C1_129_jpg.rf.17cf5e166a02c8101fb39d33ae103d6a.jpg,JPEG,224,224,1.0,0.4030430316925049,0.44242724776268005,0.30548736453056335,3ef53be4a8e02fbe1fd3be52f3324303
Mentah,Master_Dataset\Mentah\DS1_C1_12_jpg.rf.972f27ad63a33b75c0a3ec3171f6adfb.jpg,DS1_C1_12_jpg.rf.972f27ad63a33b75c0a3ec3171f6adfb.jpg,JPEG,224,224,1.0,0.5278411507606506,0.589341402053833,0.35691967606544495,75c654409268e78d4da5d079d3a7048c
Mentah,Master_Dataset\Mentah\DS1_C1_130_jpg.rf.c193bc20190db5cf0f5532a19c89926a.jpg,DS1_C1_130_jpg.rf.c193bc20190db5cf0f5532a19c89926a.jpg,JPEG,224,224,1.0,0.5350399017333984,0.5209026336669922,0.4010857343673706,9c795d41b9ebec79b1f22ea2c638172b
Mentah,Master_Dataset\Mentah\DS1_C1_131_jpg.rf.fef7012bd995b8e824c7a68ad51eb23b.jpg,DS1_C1_131_jpg.rf.fef7012bd995b8e824c7a68ad51eb23b.jpg,JPEG,224,224,1.0,0.42466527223587036,0.4129911959171295,0.4224502742290497,94ee49f5f3b12ce421cde83689c9fc66
Mentah,Master_Dataset\Mentah\DS1_C1_132_jpg.rf.a28f46cf9b21e50e8bec4fb54f364d27.jpg,DS1_C1_132_jpg.rf.a28f46cf9b21e50e8bec4fb54f364d27.jpg,JPEG,224,224,1.0,0.6057704091072083,0.6191860437393188,0.21670132875442505,e06d2c07b8f2a6b74c67d25e7ca77f7a
Mentah,Master_Dataset\Mentah\DS1_C1_133_jpg.rf.ea161a4f41901c5b0d3d7bc779c6d0c9.jpg,DS1_C1_133_jpg.rf.ea161a4f41901c5b0d3d7bc779c6d0c9.jpg,JPEG,224,224,1.0,0.545680820941925,0.5392987728118896,0.42970314621925354,0c251b09fe5fb2a1239e28bdd802d466
Mentah,Master_Dataset\Mentah\DS1_C1_134_jpg.rf.3df7b1b42661c452e402d0cee31eb041.jpg,DS1_C1_134_jpg.rf.3df7b1b42661c452e402d0cee31eb041.jpg,JPEG,224,224,1.0,0.5145217180252075,0.580467164516449,0.24756281077861786,de194c0bca490476f77fce741f4d85c7
Mentah,Master_Dataset\Mentah\DS1_C1_135_jpg.rf.2460ec24a64f92a770f0b8e2989f8be7.jpg,DS1_C1_135_jpg.rf.2460ec24a64f92a770f0b8e2989f8be7.jpg,JPEG,224,224,1.0,0.3589095175266266,0.35070928931236267,0.27173545956611633,d4bed9ffb6e35073078da9c1d0d71919
Mentah,Master_Dataset\Mentah\DS1_C1_136_jpg.rf.0afd322156427443943c2d6243b60d06.jpg,DS1_C1_136_jpg.rf.0afd322156427443943c2d6243b60d06.jpg,JPEG,224,224,1.0,0.48587000370025635,0.48880356550216675,0.3863486051559448,c3695844d7ccb63a8f38e741a8144f58
Mentah,Master_Dataset\Mentah\DS1_C1_137_jpg.rf.9b1ba71216f3e69d365ab3859ce38a82.jpg,DS1_C1_137_jpg.rf.9b1ba71216f3e69d365ab3859ce38a82.jpg,JPEG,224,224,1.0,0.44339218735694885,0.4554329216480255,0.37692898511886597,fedbc9e1a9cd18d73749ed898a55b567
Mentah,Master_Dataset\Mentah\DS1_C1_138_jpg.rf.af81c37fe25ab4de4921c574209313de.jpg,DS1_C1_138_jpg.rf.af81c37fe25ab4de4921c574209313de.jpg,JPEG,224,224,1.0,0.4837803542613983,0.4812479317188263,0.39888158440589905,11535ab06c3fc299d03b78f6424e2328
Mentah,Master_Dataset\Mentah\DS1_C1_139_jpg.rf.83635698b3b5d4a2b8eab3785ff0d48c.jpg,DS1_C1_139_jpg.rf.83635698b3b5d4a2b8eab3785ff0d48c.jpg,JPEG,224,224,1.0,0.569741427898407,0.5413976907730103,0.4120834171772003,5f6c7141d9a770ebaf91f4979550a87e
Mentah,Master_Dataset\Mentah\DS1_C1_13_jpg.rf.aacb3f7c1e1e86046841815aacce9916.jpg,DS1_C1_13_jpg.rf.aacb3f7c1e1e86046841815aacce9916.jpg,JPEG,224,224,1.0,0.4525511860847473,0.43388769030570984,0.2964473366737366,94173a77e294bb92d4c84b29ba7ba436
Mentah,Master_Dataset\Mentah\DS1_C1_140_jpg.rf.99e7f815bc78ca9ddbff449cb7b688c0.jpg,DS1_C1_140_jpg.rf.99e7f815bc78ca9ddbff449cb7b688c0.jpg,JPEG,224,224,1.0,0.48075932264328003,0.5048034191131592,0.3026599884033203,0da54d199fbbfa616449e0726cf37305
Mentah,Master_Dataset\Mentah\DS1_C1_141_jpg.rf.d067364564575b01c0368cebfa17cdc0.jpg,DS1_C1_141_jpg.rf.d067364564575b01c0368cebfa17cdc0.jpg,JPEG,224,224,1.0,0.453317791223526,0.4507899284362793,0.3758380711078644,a30a0a3ecb2f2912bd83dca46effde31
Mentah,Master_Dataset\Mentah\DS1_C1_142_jpg.rf.758798d3fe1e60976c5170107509e2b8.jpg,DS1_C1_142_jpg.rf.758798d3fe1e60976c5170107509e2b8.jpg,JPEG,224,224,1.0,0.49853646755218506,0.4943517744541168,0.46325427293777466,107f4596ef5fb800ccc8676d9d4afaa3
Mentah,Master_Dataset\Mentah\DS1_C1_143_jpg.rf.1632b1ecca17a09c7d89721535021ffb.jpg,DS1_C1_143_jpg.rf.1632b1ecca17a09c7d89721535021ffb.jpg,JPEG,224,224,1.0,0.7187657952308655,0.7365166544914246,0.6407358050346375,b6aea3153a375184f2d41b06d93125d2
Mentah,Master_Dataset\Mentah\DS1_C1_144_jpg.rf.f8addb774ace12735a01143d4348194b.jpg,DS1_C1_144_jpg.rf.f8addb774ace12735a01143d4348194b.jpg,JPEG,224,224,1.0,0.4250485897064209,0.41759148240089417,0.35852599143981934,2ce08b233ba6976a61cfa455dbc6b5b7
Mentah,Master_Dataset\Mentah\DS1_C1_145_jpg.rf.26a4695247f493316b2abccf16c50acb.jpg,DS1_C1_145_jpg.rf.26a4695247f493316b2abccf16c50acb.jpg,JPEG,224,224,1.0,0.49782612919807434,0.4727032780647278,0.4647700786590576,7dfac93f014fb621528cc467e31976ea
Mentah,Master_Dataset\Mentah\DS1_C1_146_jpg.rf.70df98ccbf521609929eecf721d55bd2.jpg,DS1_C1_146_jpg.rf.70df98ccbf521609929eecf721d55bd2.jpg,JPEG,224,224,1.0,0.49153953790664673,0.47996601462364197,0.452894926071167,0f53b380094313ca74d540fda3101c65
Mentah,Master_Dataset\Mentah\DS1_C1_147_jpg.rf.d658e2da1038253a8fbc5c50607990bf.jpg,DS1_C1_147_jpg.rf.d658e2da1038253a8fbc5c50607990bf.jpg,JPEG,224,224,1.0,0.5491964221000671,0.5602670311927795,0.5024010539054871,475477b8b26f0a80a464441c164f903c
Mentah,Master_Dataset\Mentah\DS1_C1_148_jpg.rf.67250a646e771830fcd617ad56a45dff.jpg,DS1_C1_148_jpg.rf.67250a646e771830fcd617ad56a45dff.jpg,JPEG,224,224,1.0,0.5073972940444946,0.5057154893875122,0.40604451298713684,15191d070abcb5f6c245fa2263e50346
Mentah,Master_Dataset\Mentah\DS1_C1_149_jpg.rf.62075fcf10e015fe4460513dba9098d5.jpg,DS1_C1_149_jpg.rf.62075fcf10e015fe4460513dba9098d5.jpg,JPEG,224,224,1.0,0.55955970287323,0.5408020615577698,0.39886459708213806,391c0e78424b28e8752b2b4a9b5f6116
Mentah,Master_Dataset\Mentah\DS1_C1_14_jpg.rf.7c141c890e9721289c44840b7a56dd14.jpg,DS1_C1_14_jpg.rf.7c141c890e9721289c44840b7a56dd14.jpg,JPEG,224,224,1.0,0.4436640739440918,0.4512117803096771,0.35683077573776245,61df2cdf8c3e6a4015efd042603385b5
Mentah,Master_Dataset\Mentah\DS1_C1_150_jpg.rf.363127e088b9db7d0f393c36e421417f.jpg,DS1_C1_150_jpg.rf.363127e088b9db7d0f393c36e421417f.jpg,JPEG,224,224,1.0,0.5373693108558655,0.47224992513656616,0.26175200939178467,aca70acabad12a637a9792116aa67fba
Mentah,Master_Dataset\Mentah\DS1_C1_151_jpg.rf.cabaef6786f9d5ccaa403b6c69b1c6ab.jpg,DS1_C1_151_jpg.rf.cabaef6786f9d5ccaa403b6c69b1c6ab.jpg,JPEG,224,224,1.0,0.49505022168159485,0.4867613911628723,0.32117336988449097,9595c54584c07b3177000994a3f86cbd
Mentah,Master_Dataset\Mentah\DS1_C1_152_jpg.rf.3f685b4e4e5760dcc73104d67240b3d0.jpg,DS1_C1_152_jpg.rf.3f685b4e4e5760dcc73104d67240b3d0.jpg,JPEG,224,224,1.0,0.46014639735221863,0.4549937844276428,0.3968161940574646,4cef90a1096f79b87a3aee45c9511aa0
Mentah,Master_Dataset\Mentah\DS1_C1_153_jpg.rf.3c5bde62072b032ec87d239fc63bbfec.jpg,DS1_C1_153_jpg.rf.3c5bde62072b032ec87d239fc63bbfec.jpg,JPEG,224,224,1.0,0.3112621009349823,0.3313378095626831,0.2188173532485962,d9e1f35b991455e8b89af49a8f89e49f
Mentah,Master_Dataset\Mentah\DS1_C1_154_jpg.rf.b0c595dd40adee51fbf6307148ac0058.jpg,DS1_C1_154_jpg.rf.b0c595dd40adee51fbf6307148ac0058.jpg,JPEG,224,224,1.0,0.4390835762023926,0.4858589172363281,0.31337979435920715,e8ca465a49c0b52e4fad4fcc7cab3e20
Mentah,Master_Dataset\Mentah\DS1_C1_155_jpg.rf.be85977e23302da3ea1c98c121b13d94.jpg,DS1_C1_155_jpg.rf.be85977e23302da3ea1c98c121b13d94.jpg,JPEG,224,224,1.0,0.4533810019493103,0.4874497056007385,0.2502995729446411,efbfc7796a5041eed0e9fadec6883827
Mentah,Master_Dataset\Mentah\DS1_C1_156_jpg.rf.3bea6818b782edfe15484c1a9f0b036f.jpg,DS1_C1_156_jpg.rf.3bea6818b782edfe15484c1a9f0b036f.jpg,JPEG,224,224,1.0,0.5038976669311523,0.5046387910842896,0.29336944222450256,ad64f3d4b4a13bd6dfae2f4ace63e040
Mentah,Master_Dataset\Mentah\DS1_C1_157_jpg.rf.f77ffd066c77185e2bf08593029c9adb.jpg,DS1_C1_157_jpg.rf.f77ffd066c77185e2bf08593029c9adb.jpg,JPEG,224,224,1.0,0.5113195180892944,0.5196478366851807,0.3536815345287323,86a8aa05f04e5ef44b873af1217a1c0e
Mentah,Master_Dataset\Mentah\DS1_C1_158_jpg.rf.b9dcb39a9569877e194bbed43b161427.jpg,DS1_C1_158_jpg.rf.b9dcb39a9569877e194bbed43b161427.jpg,JPEG,224,224,1.0,0.4374755620956421,0.3778679072856903,0.26299118995666504,f1efa5538a94dd98bdd9c09bd2d7938d
Mentah,Master_Dataset\Mentah\DS1_C1_159_jpg.rf.ab5aaa55dbd5dc254ff4187e7e4b2cb3.jpg,DS1_C1_159_jpg.rf.ab5aaa55dbd5dc254ff4187e7e4b2cb3.jpg,JPEG,224,224,1.0,0.6737999320030212,0.6904900670051575,0.5797605514526367,99ee5e61863a5d8cb524215db216f407
Mentah,Master_Dataset\Mentah\DS1_C1_15_jpg.rf.be826646fbf9406094179a8ffce5cc1d.jpg,DS1_C1_15_jpg.rf.be826646fbf9406094179a8ffce5cc1d.jpg,JPEG,224,224,1.0,0.4430009126663208,0.43397510051727295,0.31004127860069275,93526c98b632c7b2d7dc344ea64b98db
Mentah,Master_Dataset\Mentah\DS1_C1_160_jpg.rf.4a39cf61c5b5ac953c678bebc8bcc760.jpg,DS1_C1_160_jpg.rf.4a39cf61c5b5ac953c678bebc8bcc760.jpg,JPEG,224,224,1.0,0.5479102730751038,0.5571922659873962,0.35384732484817505,2ba22a185ec58011bddf0a1698af4aba
Mentah,Master_Dataset\Mentah\DS1_C1_161_jpg.rf.570d52f28ca60dddfee0a56bea26bc46.jpg,DS1_C1_161_jpg.rf.570d52f28ca60dddfee0a56bea26bc46.jpg,JPEG,224,224,1.0,0.45884665846824646,0.4480297267436981,0.4344368875026703,82e369ca19ca2b43627b159078ce55f5
Mentah,Master_Dataset\Mentah\DS1_C1_162_jpg.rf.a0fafd079316e0993e9b7a72a51ffdba.jpg,DS1_C1_162_jpg.rf.a0fafd079316e0993e9b7a72a51ffdba.jpg,JPEG,224,224,1.0,0.593004584312439,0.5159447193145752,0.42171454429626465,2acef729126047c055bd002c7a521963
Mentah,Master_Dataset\Mentah\DS1_C1_163_jpg.rf.fca24ff07cca00ce3ece898dfecbf718.jpg,DS1_C1_163_jpg.rf.fca24ff07cca00ce3ece898dfecbf718.jpg,JPEG,224,224,1.0,0.43494927883148193,0.4690992832183838,0.34191691875457764,cf9166314e895ba6a5e3434ba1b3f704
Mentah,Master_Dataset\Mentah\DS1_C1_164_jpg.rf.2a6a861a575dae4307c6aea8757bcaf2.jpg,DS1_C1_164_jpg.rf.2a6a861a575dae4307c6aea8757bcaf2.jpg,JPEG,224,224,1.0,0.6497607231140137,0.5966216921806335,0.44469812512397766,5c62f89ceada2cd13714b81ddd7274d0
Mentah,Master_Dataset\Mentah\DS1_C1_165_jpg.rf.a5e570cb8687d7e44094da01e2efffd6.jpg,DS1_C1_165_jpg.rf.a5e570cb8687d7e44094da01e2efffd6.jpg,JPEG,224,224,1.0,0.42761221528053284,0.423250287771225,0.3308272063732147,eab7c6a20f7e80ee9c0182e9deeae4fa
Mentah,Master_Dataset\Mentah\DS1_C1_166_jpg.rf.8ecb44250ef6b27d124c482088fd62a4.jpg,DS1_C1_166_jpg.rf.8ecb44250ef6b27d124c482088fd62a4.jpg,JPEG,224,224,1.0,0.6892620921134949,0.6772100329399109,0.5837265849113464,1c73b64ff547854e0ee6171ca6bacfc1
Mentah,Master_Dataset\Mentah\DS1_C1_167_jpg.rf.1e492de66a6a5ed8ce906fc479043f1e.jpg,DS1_C1_167_jpg.rf.1e492de66a6a5ed8ce906fc479043f1e.jpg,JPEG,224,224,1.0,0.49547865986824036,0.4929988384246826,0.4116726815700531,2e4a628ecccfe56418255e7afde58e0b
Mentah,Master_Dataset\Mentah\DS1_C1_168_jpg.rf.d790f0a20048b0a8b467d63e705494a4.jpg,DS1_C1_168_jpg.rf.d790f0a20048b0a8b467d63e705494a4.jpg,JPEG,224,224,1.0,0.46091264486312866,0.4523138999938965,0.401468962430954,2044fbd84376145dee3ad0cf0a0cead0
Mentah,Master_Dataset\Mentah\DS1_C1_169_jpg.rf.d80a3b00ea5c31d06b14f64ed09f9675.jpg,DS1_C1_169_jpg.rf.d80a3b00ea5c31d06b14f64ed09f9675.jpg,JPEG,224,224,1.0,0.4765387177467346,0.468438059091568,0.40950408577919006,7fdc5ffd46ee3198ae0074cdeb621ff0
Mentah,Master_Dataset\Mentah\DS1_C1_16_jpg.rf.aa84e720bf88dc830797a967ce71ba9c.jpg,DS1_C1_16_jpg.rf.aa84e720bf88dc830797a967ce71ba9c.jpg,JPEG,224,224,1.0,0.48152345418930054,0.455255389213562,0.4618666470050812,87071f782c480ca15d8b18e2a2b11c23
Mentah,Master_Dataset\Mentah\DS1_C1_170_jpg.rf.8cf09eb00d83f3a110b568b13ef3a42d.jpg,DS1_C1_170_jpg.rf.8cf09eb00d83f3a110b568b13ef3a42d.jpg,JPEG,224,224,1.0,0.408796101808548,0.4580878019332886,0.2921954393386841,eb1f15cd5d82029548e3aae65512508e
Mentah,Master_Dataset\Mentah\DS1_C1_171_jpg.rf.add4442b42b65916daafc24e182cfc66.jpg,DS1_C1_171_jpg.rf.add4442b42b65916daafc24e182cfc66.jpg,JPEG,224,224,1.0,0.5169317126274109,0.5008593797683716,0.488682359457016,ea5dd738313125bc838c6e4efba5c420
Mentah,Master_Dataset\Mentah\DS1_C1_172_jpg.rf.13b058509c84ae0b80c7053b71995570.jpg,DS1_C1_172_jpg.rf.13b058509c84ae0b80c7053b71995570.jpg,JPEG,224,224,1.0,0.33902859687805176,0.4081810712814331,0.23984025418758392,8f067e163be1fdbfbee773c9fce5b27f
Mentah,Master_Dataset\Mentah\DS1_C1_173_jpg.rf.a9f29c6cc8d6bca020570be496c89c43.jpg,DS1_C1_173_jpg.rf.a9f29c6cc8d6bca020570be496c89c43.jpg,JPEG,224,224,1.0,0.4633660912513733,0.46309828758239746,0.33938682079315186,635b6d6929b944a8c96abc15cb06f99b
Mentah,Master_Dataset\Mentah\DS1_C1_174_jpg.rf.1feaeb11fce1599855ddd8a4b3a36a61.jpg,DS1_C1_174_jpg.rf.1feaeb11fce1599855ddd8a4b3a36a61.jpg,JPEG,224,224,1.0,0.687359094619751,0.6689246892929077,0.580510139465332,4587a9fc6422f3bc1e4cec6c9d89aef4
Mentah,Master_Dataset\Mentah\DS1_C1_175_jpg.rf.f1e59c1b355393689c7bddec6313229e.jpg,DS1_C1_175_jpg.rf.f1e59c1b355393689c7bddec6313229e.jpg,JPEG,224,224,1.0,0.4641910791397095,0.47915616631507874,0.35308268666267395,7437e8353ef51b9ec7a523c1f2a91047
Mentah,Master_Dataset\Mentah\DS1_C1_176_jpg.rf.9f523c03e74312260d61397c3525fec6.jpg,DS1_C1_176_jpg.rf.9f523c03e74312260d61397c3525fec6.jpg,JPEG,224,224,1.0,0.4284713864326477,0.41448265314102173,0.34319618344306946,7977b74f3276953b5cb19175761b6a96
Mentah,Master_Dataset\Mentah\DS1_C1_177_jpg.rf.1a3676a98576a22cf7641025e88db3ed.jpg,DS1_C1_177_jpg.rf.1a3676a98576a22cf7641025e88db3ed.jpg,JPEG,224,224,1.0,0.4521220624446869,0.44111719727516174,0.33957958221435547,f31e914ee595a4da5eb85995db83c876
Mentah,Master_Dataset\Mentah\DS1_C1_178_jpg.rf.d0f9aba345bcf2e131939b29edb6d2ea.jpg,DS1_C1_178_jpg.rf.d0f9aba345bcf2e131939b29edb6d2ea.jpg,JPEG,224,224,1.0,0.44792598485946655,0.4482257068157196,0.3756936192512512,15d270269f64b78bf1bda1453752ab9b
Mentah,Master_Dataset\Mentah\DS1_C1_179_jpg.rf.dbfc6a381f9323ff956c798665076c9d.jpg,DS1_C1_179_jpg.rf.dbfc6a381f9323ff956c798665076c9d.jpg,JPEG,224,224,1.0,0.5959911346435547,0.5078409314155579,0.4242728352546692,343e9a6be6d5b7cf0f2bc3a2f908c7a4
Mentah,Master_Dataset\Mentah\DS1_C1_17_jpg.rf.75d105ba124b65da774321fae6996c28.jpg,DS1_C1_17_jpg.rf.75d105ba124b65da774321fae6996c28.jpg,JPEG,224,224,1.0,0.3645913302898407,0.42411261796951294,0.3187950551509857,d6b8c21b53bf881cb0656698c6102d06
Mentah,Master_Dataset\Mentah\DS1_C1_180_jpg.rf.d59522cd61dad6a911cb520974e62ac2.jpg,DS1_C1_180_jpg.rf.d59522cd61dad6a911cb520974e62ac2.jpg,JPEG,224,224,1.0,0.39868658781051636,0.37457937002182007,0.37526142597198486,31c62acda6ada92049a19292317c0916
Mentah,Master_Dataset\Mentah\DS1_C1_181_jpg.rf.c9c99e4b0ae03c726d822387e05b566f.jpg,DS1_C1_181_jpg.rf.c9c99e4b0ae03c726d822387e05b566f.jpg,JPEG,224,224,1.0,0.4589408040046692,0.5144488215446472,0.17054656147956848,8378d6b2902a86e209c591f07ab38649
Mentah,Master_Dataset\Mentah\DS1_C1_182_jpg.rf.a5a05b7d00ad8edeee1c8ca7c8059084.jpg,DS1_C1_182_jpg.rf.a5a05b7d00ad8edeee1c8ca7c8059084.jpg,JPEG,224,224,1.0,0.5300289392471313,0.536663830280304,0.3118787109851837,95a6df33842591c227087ab408912b74
Mentah,Master_Dataset\Mentah\DS1_C1_183_jpg.rf.fdac912ba20ebf4a0363caee3ffbc8ef.jpg,DS1_C1_183_jpg.rf.fdac912ba20ebf4a0363caee3ffbc8ef.jpg,JPEG,224,224,1.0,0.4491366147994995,0.4336111545562744,0.4019794762134552,78160420de9fb28f1ea0ca5f516c6c1b
Mentah,Master_Dataset\Mentah\DS1_C1_184_jpg.rf.a955729d37460a5835934444318931ac.jpg,DS1_C1_184_jpg.rf.a955729d37460a5835934444318931ac.jpg,JPEG,224,224,1.0,0.7278138399124146,0.7472067475318909,0.6292654871940613,7da3a75b3c711e098d01939b86605100
Mentah,Master_Dataset\Mentah\DS1_C1_185_jpg.rf.99b4cbf7d59848844f63a54613d5a19b.jpg,DS1_C1_185_jpg.rf.99b4cbf7d59848844f63a54613d5a19b.jpg,JPEG,224,224,1.0,0.35612303018569946,0.36218470335006714,0.27111056447029114,02bd6dddcf6b462ab5b5a1f178c509b0
Mentah,Master_Dataset\Mentah\DS1_C1_186_jpg.rf.a3ddbb94c1333ca60b6277e0aa754f30.jpg,DS1_C1_186_jpg.rf.a3ddbb94c1333ca60b6277e0aa754f30.jpg,JPEG,224,224,1.0,0.5535581111907959,0.5648506879806519,0.35054072737693787,0bf47163329b64862b240df90e4a0bd6
Mentah,Master_Dataset\Mentah\DS1_C1_187_jpg.rf.2962402c14b5e4d68281aac71c6be751.jpg,DS1_C1_187_jpg.rf.2962402c14b5e4d68281aac71c6be751.jpg,JPEG,224,224,1.0,0.4159081280231476,0.39151138067245483,0.3698412775993347,94e3f6f1149dad54da8d0e935c958469
Mentah,Master_Dataset\Mentah\DS1_C1_188_jpg.rf.5c971f8c93b30bc22cf176377cd442fe.jpg,DS1_C1_188_jpg.rf.5c971f8c93b30bc22cf176377cd442fe.jpg,JPEG,224,224,1.0,0.43435218930244446,0.4949662685394287,0.37968116998672485,05137c5de935929c8d6861fced4e68a9
Mentah,Master_Dataset\Mentah\DS1_C1_189_jpg.rf.2abf4cc1a8574c4c70f95dbe740d4015.jpg,DS1_C1_189_jpg.rf.2abf4cc1a8574c4c70f95dbe740d4015.jpg,JPEG,224,224,1.0,0.5158607959747314,0.5466981530189514,0.4017707109451294,a7d705b616ec96996763d86d4e8b6cb6
Mentah,Master_Dataset\Mentah\DS1_C1_18_jpg.rf.49494760b93e15c1e2155d80d7b86e3f.jpg,DS1_C1_18_jpg.rf.49494760b93e15c1e2155d80d7b86e3f.jpg,JPEG,224,224,1.0,0.5011817812919617,0.49632179737091064,0.29749971628189087,2fa54ac81908293c780d83cf7482e819
Mentah,Master_Dataset\Mentah\DS1_C1_190_jpg.rf.9c101d1a7302454643a4c15aea8003f4.jpg,DS1_C1_190_jpg.rf.9c101d1a7302454643a4c15aea8003f4.jpg,JPEG,224,224,1.0,0.39770570397377014,0.394418865442276,0.35674965381622314,6ac49df89ba4f57e3c7cbf4bebf8e142
Mentah,Master_Dataset\Mentah\DS1_C1_191_jpg.rf.23833d6aed0876bd5e83714994aeba14.jpg,DS1_C1_191_jpg.rf.23833d6aed0876bd5e83714994aeba14.jpg,JPEG,224,224,1.0,0.5530015230178833,0.5427718758583069,0.4247422218322754,0c19571d5b6f5ccc372ae4ba5713b5fc
Mentah,Master_Dataset\Mentah\DS1_C1_192_jpg.rf.f4dc63ec47e5c33fb1ab805bf4cfe4dc.jpg,DS1_C1_192_jpg.rf.f4dc63ec47e5c33fb1ab805bf4cfe4dc.jpg,JPEG,224,224,1.0,0.5008673667907715,0.5215082764625549,0.4167388677597046,7968a8ee5b79a771f5449d124c879b74
Mentah,Master_Dataset\Mentah\DS1_C1_193_jpg.rf.8ef93236b4a2ec9c74ca8613a25d9060.jpg,DS1_C1_193_jpg.rf.8ef93236b4a2ec9c74ca8613a25d9060.jpg,JPEG,224,224,1.0,0.4683133363723755,0.42329636216163635,0.35540831089019775,184cfb2e482b0e40c3e0e2f723e7b18f
Mentah,Master_Dataset\Mentah\DS1_C1_194_jpg.rf.0e278d97629d0cb33e1839e4f3a57962.jpg,DS1_C1_194_jpg.rf.0e278d97629d0cb33e1839e4f3a57962.jpg,JPEG,224,224,1.0,0.5178991556167603,0.4897412657737732,0.48683056235313416,b7f4ae0a63fd2b6752e1c4114a466162
Mentah,Master_Dataset\Mentah\DS1_C1_195_jpg.rf.b8271a5bd6094973e663a51e4fc6d081.jpg,DS1_C1_195_jpg.rf.b8271a5bd6094973e663a51e4fc6d081.jpg,JPEG,224,224,1.0,0.6902090907096863,0.5960146188735962,0.4878670871257782,4e2baec3ab50d3acfb5d59ccc0e1e277
Mentah,Master_Dataset\Mentah\DS1_C1_196_jpg.rf.e279a1bfc7f884cd17088cba0ae4d116.jpg,DS1_C1_196_jpg.rf.e279a1bfc7f884cd17088cba0ae4d116.jpg,JPEG,224,224,1.0,0.5051300525665283,0.48850157856941223,0.44442078471183777,3563e77eb624b8d8a208ffae16a1e9d6
Mentah,Master_Dataset\Mentah\DS1_C1_197_jpg.rf.12decce75e46beba700b964261bd1b94.jpg,DS1_C1_197_jpg.rf.12decce75e46beba700b964261bd1b94.jpg,JPEG,224,224,1.0,0.35639438033103943,0.33891987800598145,0.2381153106689453,bbb53b51722afe757068f3dabf628e2b
Mentah,Master_Dataset\Mentah\DS1_C1_198_jpg.rf.49572b9b7515b00697c79bd6a362c3b2.jpg,DS1_C1_198_jpg.rf.49572b9b7515b00697c79bd6a362c3b2.jpg,JPEG,224,224,1.0,0.5318930745124817,0.5031343102455139,0.48976609110832214,b382838bf0450ea03927b955d8dca8b4
Mentah,Master_Dataset\Mentah\DS1_C1_199_jpg.rf.a28dfce6cee14f8c79dde3ad0d27a3b2.jpg,DS1_C1_199_jpg.rf.a28dfce6cee14f8c79dde3ad0d27a3b2.jpg,JPEG,224,224,1.0,0.6074572801589966,0.5439777374267578,0.334020733833313,0bedfabe0c762d830788847421c18517
Mentah,Master_Dataset\Mentah\DS1_C1_19_jpg.rf.71b78e0b88a198c4af94abe6393b41b5.jpg,DS1_C1_19_jpg.rf.71b78e0b88a198c4af94abe6393b41b5.jpg,JPEG,224,224,1.0,0.3784230649471283,0.381326824426651,0.3180294930934906,d8d5865e4c4c122e28f77d59a374f56e
Mentah,Master_Dataset\Mentah\DS1_C1_1_jpg.rf.e6aac40bb3cadbffa71e9af6a0a888fd.jpg,DS1_C1_1_jpg.rf.e6aac40bb3cadbffa71e9af6a0a888fd.jpg,JPEG,224,224,1.0,0.35408493876457214,0.4026196002960205,0.2685014605522156,73688ab1b593c6b5006c5dd4f769cac2
Mentah,Master_Dataset\Mentah\DS1_C1_200_jpg.rf.99752d05f60b9243f3d3074598850fcd.jpg,DS1_C1_200_jpg.rf.99752d05f60b9243f3d3074598850fcd.jpg,JPEG,224,224,1.0,0.4436342716217041,0.4706796109676361,0.4253837764263153,b78391cbc0dd735f3be55aa08638e8a3
Mentah,Master_Dataset\Mentah\DS1_C1_201_jpg.rf.8ee295831f7ad54e70301b5826db6ba5.jpg,DS1_C1_201_jpg.rf.8ee295831f7ad54e70301b5826db6ba5.jpg,JPEG,224,224,1.0,0.5715543031692505,0.5567997694015503,0.46640586853027344,e71461c87ddf8d7f04dadb9ef39c3e0d
Mentah,Master_Dataset\Mentah\DS1_C1_202_jpg.rf.ec2bb4e9e1c559a74c15742ccd719341.jpg,DS1_C1_202_jpg.rf.ec2bb4e9e1c559a74c15742ccd719341.jpg,JPEG,224,224,1.0,0.5684420466423035,0.5629686117172241,0.3447084426879883,9fedff7c46cbbd5b1ed5965872907a5c
Mentah,Master_Dataset\Mentah\DS1_C1_203_jpg.rf.8d95a3711798456d9b3bcb2f70e49db0.jpg,DS1_C1_203_jpg.rf.8d95a3711798456d9b3bcb2f70e49db0.jpg,JPEG,224,224,1.0,0.39644935727119446,0.43819817900657654,0.25289368629455566,c46ed1cc4807962070facc224b2b28a1
Mentah,Master_Dataset\Mentah\DS1_C1_204_jpg.rf.486adc41fe8f942713fdd52fb145a8c6.jpg,DS1_C1_204_jpg.rf.486adc41fe8f942713fdd52fb145a8c6.jpg,JPEG,224,224,1.0,0.47254762053489685,0.44212663173675537,0.28497472405433655,46e9020983e61701fa2f9be60b13f51c
Mentah,Master_Dataset\Mentah\DS1_C1_205_jpg.rf.4311f4bb48ed61f4e3ae8660d829dd3e.jpg,DS1_C1_205_jpg.rf.4311f4bb48ed61f4e3ae8660d829dd3e.jpg,JPEG,224,224,1.0,0.44111761450767517,0.4182613492012024,0.42442190647125244,ac7b40454b140f1641dc2c597a6ec04b
Mentah,Master_Dataset\Mentah\DS1_C1_206_jpg.rf.ade467a6cbe165170266b9c9069cea53.jpg,DS1_C1_206_jpg.rf.ade467a6cbe165170266b9c9069cea53.jpg,JPEG,224,224,1.0,0.4249100685119629,0.40291088819503784,0.2996482849121094,a5a41d07951129d5bdfa6111339332d3
Mentah,Master_Dataset\Mentah\DS1_C1_207_jpg.rf.b4a8b16012ea959ebb91093f02dbd3a9.jpg,DS1_C1_207_jpg.rf.b4a8b16012ea959ebb91093f02dbd3a9.jpg,JPEG,224,224,1.0,0.5226403474807739,0.5113610625267029,0.3667716681957245,10336c6fd47cb5f9ffaa0d4b5be6fe8e
Mentah,Master_Dataset\Mentah\DS1_C1_208_jpg.rf.9c6bed82f2f97ddfdb9216030adf6233.jpg,DS1_C1_208_jpg.rf.9c6bed82f2f97ddfdb9216030adf6233.jpg,JPEG,224,224,1.0,0.5033247470855713,0.5129457116127014,0.4487707018852234,f9aa88f26b8c235e749954b5dd30cbb9
Mentah,Master_Dataset\Mentah\DS1_C1_209_jpg.rf.ecf55f50d8782dfe767e97256c981ae4.jpg,DS1_C1_209_jpg.rf.ecf55f50d8782dfe767e97256c981ae4.jpg,JPEG,224,224,1.0,0.5280095338821411,0.5505625009536743,0.32010191679000854,0640f2123523af054b5f0eb1b8e31b4e
Mentah,Master_Dataset\Mentah\DS1_C1_20_jpg.rf.058c812f550b2d348f0089ab11d68ed6.jpg,DS1_C1_20_jpg.rf.058c812f550b2d348f0089ab11d68ed6.jpg,JPEG,224,224,1.0,0.27230024337768555,0.2842177450656891,0.15916548669338226,97d1a0d6345d1e60772cfafc27e4acde
Mentah,Master_Dataset\Mentah\DS1_C1_210_jpg.rf.696eeacb10b085169f82aa30ace70d9e.jpg,DS1_C1_210_jpg.rf.696eeacb10b085169f82aa30ace70d9e.jpg,JPEG,224,224,1.0,0.4713417589664459,0.49216902256011963,0.2601475119590759,b4c21ec81778fbbbe163722ae0c17f55
Mentah,Master_Dataset\Mentah\DS1_C1_211_jpg.rf.d7867a06bdcb0f3b600343a449b9aae4.jpg,DS1_C1_211_jpg.rf.d7867a06bdcb0f3b600343a449b9aae4.jpg,JPEG,224,224,1.0,0.5575391054153442,0.5323421955108643,0.4123404026031494,081147d89e8c0ea322a2082fb94396e7
Mentah,Master_Dataset\Mentah\DS1_C1_212_jpg.rf.f25c153b88255d5a4c1d44d8e06a3b24.jpg,DS1_C1_212_jpg.rf.f25c153b88255d5a4c1d44d8e06a3b24.jpg,JPEG,224,224,1.0,0.486155241727829,0.46858829259872437,0.43605437874794006,f56fa0fe426c4a5e91c76abfc993aedc
Mentah,Master_Dataset\Mentah\DS1_C1_213_jpg.rf.6d0d673a9d10628511f159490ea49034.jpg,DS1_C1_213_jpg.rf.6d0d673a9d10628511f159490ea49034.jpg,JPEG,224,224,1.0,0.41632524132728577,0.4541391432285309,0.2543298006057739,643296a66e55035544fc041b818adc71
Mentah,Master_Dataset\Mentah\DS1_C1_214_jpg.rf.4d2facaa47f94e8c47a67c1633293b5f.jpg,DS1_C1_214_jpg.rf.4d2facaa47f94e8c47a67c1633293b5f.jpg,JPEG,224,224,1.0,0.290353387594223,0.3117888867855072,0.23676306009292603,873c7b8e0045c884d9a52d7289faa7ef
Mentah,Master_Dataset\Mentah\DS1_C1_215_jpg.rf.d5ff96d0524bf2c031f2b7bab8bff56b.jpg,DS1_C1_215_jpg.rf.d5ff96d0524bf2c031f2b7bab8bff56b.jpg,JPEG,224,224,1.0,0.45979222655296326,0.510278582572937,0.2795955538749695,537216541ba103a35ea7bc8d031386e7
Mentah,Master_Dataset\Mentah\DS1_C1_216_jpg.rf.9257a6613ce98fb18fde2cf920d59127.jpg,DS1_C1_216_jpg.rf.9257a6613ce98fb18fde2cf920d59127.jpg,JPEG,224,224,1.0,0.5064253807067871,0.555126965045929,0.38189321756362915,83afd781518f6dd4869ea74b418d67bc
Mentah,Master_Dataset\Mentah\DS1_C1_217_jpg.rf.e33420f572cd783a8b0f7e6d6dbdf019.jpg,DS1_C1_217_jpg.rf.e33420f572cd783a8b0f7e6d6dbdf019.jpg,JPEG,224,224,1.0,0.6116138696670532,0.5448816418647766,0.36574018001556396,fa0f0e618f498ccd6b926175c772934e
Mentah,Master_Dataset\Mentah\DS1_C1_218_jpg.rf.5bd645751d382439459c45bdf8cf0c35.jpg,DS1_C1_218_jpg.rf.5bd645751d382439459c45bdf8cf0c35.jpg,JPEG,224,224,1.0,0.5573055744171143,0.5365584492683411,0.3394591212272644,c3243f80c40800a7b15d168fee75fe7a
Mentah,Master_Dataset\Mentah\DS1_C1_219_jpg.rf.bf57c9ece2a0deb09e4e5bc009dd4b05.jpg,DS1_C1_219_jpg.rf.bf57c9ece2a0deb09e4e5bc009dd4b05.jpg,JPEG,224,224,1.0,0.4946613609790802,0.5140261650085449,0.42864617705345154,258f786e0d113e5bd666cf06b23126fd
Mentah,Master_Dataset\Mentah\DS1_C1_21_jpg.rf.a8133e130f23dec81cc4f160f20f5298.jpg,DS1_C1_21_jpg.rf.a8133e130f23dec81cc4f160f20f5298.jpg,JPEG,224,224,1.0,0.5004677772521973,0.49458572268486023,0.39332008361816406,5e18a134c7c8e9e65b764157c539a8f2
Mentah,Master_Dataset\Mentah\DS1_C1_220_jpg.rf.332892f7bb38b0bea005a99d0494b5ac.jpg,DS1_C1_220_jpg.rf.332892f7bb38b0bea005a99d0494b5ac.jpg,JPEG,224,224,1.0,0.5116174221038818,0.5593938231468201,0.38429975509643555,e016bc092c26733810731016773a2f43
Mentah,Master_Dataset\Mentah\DS1_C1_221_jpg.rf.3faf3327d44c9bc21dfe4a3346c34d93.jpg,DS1_C1_221_jpg.rf.3faf3327d44c9bc21dfe4a3346c34d93.jpg,JPEG,224,224,1.0,0.45749276876449585,0.4488314986228943,0.38625094294548035,0d3b3a163aec62948f0ff6d9a2d7db56
Mentah,Master_Dataset\Mentah\DS1_C1_222_jpg.rf.da198ca99d45f1eb8d2a1d87a792263c.jpg,DS1_C1_222_jpg.rf.da198ca99d45f1eb8d2a1d87a792263c.jpg,JPEG,224,224,1.0,0.45288607478141785,0.4562222957611084,0.33904966711997986,b12c87110d62631edb708012fa08756d
Mentah,Master_Dataset\Mentah\DS1_C1_223_jpg.rf.5912234f39e381296b2f17996589539d.jpg,DS1_C1_223_jpg.rf.5912234f39e381296b2f17996589539d.jpg,JPEG,224,224,1.0,0.3933342397212982,0.40679529309272766,0.28011980652809143,7e78c842c2ba15c68c6325ce89a005f0
Mentah,Master_Dataset\Mentah\DS1_C1_224_jpg.rf.335bba89b6ff09972972e5245af02c5c.jpg,DS1_C1_224_jpg.rf.335bba89b6ff09972972e5245af02c5c.jpg,JPEG,224,224,1.0,0.39992302656173706,0.400412917137146,0.30153781175613403,579eca49d3330e3d5845ec4b9063f0dd
Mentah,Master_Dataset\Mentah\DS1_C1_225_jpg.rf.6fe7c9ecba39a62fa3615d479147828b.jpg,DS1_C1_225_jpg.rf.6fe7c9ecba39a62fa3615d479147828b.jpg,JPEG,224,224,1.0,0.5697616338729858,0.5079002976417542,0.4099179208278656,e0cf91025ee914e8ec8978eb4e629ad7
Mentah,Master_Dataset\Mentah\DS1_C1_226_jpg.rf.dc6968d926030095b1996c7341b3a063.jpg,DS1_C1_226_jpg.rf.dc6968d926030095b1996c7341b3a063.jpg,JPEG,224,224,1.0,0.4023225009441376,0.41154056787490845,0.33414575457572937,989d10646aa44249483abb924b02a3f0
Mentah,Master_Dataset\Mentah\DS1_C1_227_jpg.rf.1471620cf77cbb7ae45b059f8f8a76c2.jpg,DS1_C1_227_jpg.rf.1471620cf77cbb7ae45b059f8f8a76c2.jpg,JPEG,224,224,1.0,0.4838242530822754,0.4854412078857422,0.3981837034225464,c89262c01e693e10036afa0dffbcd082
Mentah,Master_Dataset\Mentah\DS1_C1_228_jpg.rf.aa122f375e13dea9947327a398806421.jpg,DS1_C1_228_jpg.rf.aa122f375e13dea9947327a398806421.jpg,JPEG,224,224,1.0,0.6331474184989929,0.6321318745613098,0.4288322925567627,18c036c047f75d9906f8f2f7cd025f56
Mentah,Master_Dataset\Mentah\DS1_C1_229_jpg.rf.b1eced4bfa3c7c39a0f90f5a1477dd4d.jpg,DS1_C1_229_jpg.rf.b1eced4bfa3c7c39a0f90f5a1477dd4d.jpg,JPEG,224,224,1.0,0.5838892459869385,0.5812905430793762,0.47274336218833923,844b1fafa2ee493c3d96c65e52b98e30
Mentah,Master_Dataset\Mentah\DS1_C1_22_jpg.rf.cb1d8b91da4599a9dbfffbae0e900981.jpg,DS1_C1_22_jpg.rf.cb1d8b91da4599a9dbfffbae0e900981.jpg,JPEG,224,224,1.0,0.6700915694236755,0.6114773154258728,0.4343959093093872,871900e0a35d63347da0a0e951021455
Mentah,Master_Dataset\Mentah\DS1_C1_230_jpg.rf.520625d1afcdbb720c5cb0be5bc33085.jpg,DS1_C1_230_jpg.rf.520625d1afcdbb720c5cb0be5bc33085.jpg,JPEG,224,224,1.0,0.39473599195480347,0.3998231291770935,0.3163258731365204,79d5205e788158b167d9a26259296f90
Mentah,Master_Dataset\Mentah\DS1_C1_231_jpg.rf.dac110443275b1b1c7394965e19014b5.jpg,DS1_C1_231_jpg.rf.dac110443275b1b1c7394965e19014b5.jpg,JPEG,224,224,1.0,0.5606162548065186,0.5752437710762024,0.3511744737625122,e789028b5c7b584c1596b56416c50c43
Mentah,Master_Dataset\Mentah\DS1_C1_232_jpg.rf.4c98d246130e1e38c07c46c76f1e39e1.jpg,DS1_C1_232_jpg.rf.4c98d246130e1e38c07c46c76f1e39e1.jpg,JPEG,224,224,1.0,0.5628539323806763,0.553551435470581,0.33111119270324707,605c833b64f04448451a0502194d2484
Mentah,Master_Dataset\Mentah\DS1_C1_233_jpg.rf.15057aa92327d47d61d6f47b18a583fe.jpg,DS1_C1_233_jpg.rf.15057aa92327d47d61d6f47b18a583fe.jpg,JPEG,224,224,1.0,0.41299113631248474,0.41266459226608276,0.2691701352596283,bc5a299ae7a9ed78ef66727621877cfd
Mentah,Master_Dataset\Mentah\DS1_C1_234_jpg.rf.251986ad44e0780ef8f1d6c5ee9d4dcc.jpg,DS1_C1_234_jpg.rf.251986ad44e0780ef8f1d6c5ee9d4dcc.jpg,JPEG,224,224,1.0,0.49925491213798523,0.4782375395298004,0.29327860474586487,c0285b84576b92b11f908cf2159c89a4
Mentah,Master_Dataset\Mentah\DS1_C1_235_jpg.rf.2c4a1b53749963fe8f5f90ce69a93ce0.jpg,DS1_C1_235_jpg.rf.2c4a1b53749963fe8f5f90ce69a93ce0.jpg,JPEG,224,224,1.0,0.4815217852592468,0.5292916893959045,0.32025712728500366,e813308a7f79df7500eef297cd43a159
Mentah,Master_Dataset\Mentah\DS1_C1_236_jpg.rf.901c9e1760b989c78c2b6bd64381f37c.jpg,DS1_C1_236_jpg.rf.901c9e1760b989c78c2b6bd64381f37c.jpg,JPEG,224,224,1.0,0.5337144732475281,0.4861869812011719,0.31089717149734497,01b961a70ce8789e70cfe2b04ae1ad84
Mentah,Master_Dataset\Mentah\DS1_C1_237_jpg.rf.58442a50e9c7cb4069bb1eebd29c880a.jpg,DS1_C1_237_jpg.rf.58442a50e9c7cb4069bb1eebd29c880a.jpg,JPEG,224,224,1.0,0.6233113408088684,0.5259054899215698,0.45277073979377747,838f2ff911d59d45bfe7652b86d3991d
Mentah,Master_Dataset\Mentah\DS1_C1_238_jpg.rf.376e0f560c78e1dbcace678b52ef0af5.jpg,DS1_C1_238_jpg.rf.376e0f560c78e1dbcace678b52ef0af5.jpg,JPEG,224,224,1.0,0.41004911065101624,0.43781933188438416,0.3896555006504059,1d7b9109a21ad6edb642dd247e7fd282
Mentah,Master_Dataset\Mentah\DS1_C1_239_jpg.rf.09c862cf086442a6cfeda8aa2d7a2ab0.jpg,DS1_C1_239_jpg.rf.09c862cf086442a6cfeda8aa2d7a2ab0.jpg,JPEG,224,224,1.0,0.559410572052002,0.5360698699951172,0.4148097634315491,8f0da9ef63cf675790e03edf12784d2f
Mentah,Master_Dataset\Mentah\DS1_C1_23_jpg.rf.664e2005ab6c43462791a678cd3498d2.jpg,DS1_C1_23_jpg.rf.664e2005ab6c43462791a678cd3498d2.jpg,JPEG,224,224,1.0,0.45368075370788574,0.44126105308532715,0.37365832924842834,5e1fb00ac8395bc365ba2d02f2567dec
Mentah,Master_Dataset\Mentah\DS1_C1_240_jpg.rf.b8b57b8f49d881b3bee58d6e5272af06.jpg,DS1_C1_240_jpg.rf.b8b57b8f49d881b3bee58d6e5272af06.jpg,JPEG,224,224,1.0,0.5979114770889282,0.53825443983078,0.3487933874130249,412e8a33f4d1e72720e1f7787a6ddb51
Mentah,Master_Dataset\Mentah\DS1_C1_241_jpg.rf.eab0423088b2ecfb19e874030215e8b5.jpg,DS1_C1_241_jpg.rf.eab0423088b2ecfb19e874030215e8b5.jpg,JPEG,224,224,1.0,0.4515990912914276,0.46617379784584045,0.3794938027858734,d1126a3d6b7e34b37bba811bc136b311
Mentah,Master_Dataset\Mentah\DS1_C1_242_jpg.rf.1b1d930a36b2adb042b97e68ee8c37a4.jpg,DS1_C1_242_jpg.rf.1b1d930a36b2adb042b97e68ee8c37a4.jpg,JPEG,224,224,1.0,0.4897906184196472,0.47227346897125244,0.4497389495372772,7b18be01807f304dd185fdc883d0e218
Mentah,Master_Dataset\Mentah\DS1_C1_243_jpg.rf.9cab378fef283d96a2526c356f08de1d.jpg,DS1_C1_243_jpg.rf.9cab378fef283d96a2526c356f08de1d.jpg,JPEG,224,224,1.0,0.44351327419281006,0.4915691316127777,0.33010995388031006,0cc97034d74c8c84ad9060a7d0a027b0
Mentah,Master_Dataset\Mentah\DS1_C1_244_jpg.rf.7bd1dcf8dddd78b0b40dd376740333f4.jpg,DS1_C1_244_jpg.rf.7bd1dcf8dddd78b0b40dd376740333f4.jpg,JPEG,224,224,1.0,0.47767573595046997,0.47729000449180603,0.303877055644989,7a2b4f00125c05302add942d68d41644
Mentah,Master_Dataset\Mentah\DS1_C1_245_jpg.rf.ad21a5c038de083689b469c5031345b7.jpg,DS1_C1_245_jpg.rf.ad21a5c038de083689b469c5031345b7.jpg,JPEG,224,224,1.0,0.4093187153339386,0.4063277840614319,0.32757624983787537,8b4ba1965078c2ab42b801c3e9e23383
Mentah,Master_Dataset\Mentah\DS1_C1_246_jpg.rf.c1e14647bc598ce3ccacad66012021e4.jpg,DS1_C1_246_jpg.rf.c1e14647bc598ce3ccacad66012021e4.jpg,JPEG,224,224,1.0,0.5715314745903015,0.4360460042953491,0.29635363817214966,56b39b30f03907a1184cbca797e8ffc6
Mentah,Master_Dataset\Mentah\DS1_C1_247_jpg.rf.9fa6b0f4bcbe756fabc9d3d41669306e.jpg,DS1_C1_247_jpg.rf.9fa6b0f4bcbe756fabc9d3d41669306e.jpg,JPEG,224,224,1.0,0.6606059670448303,0.6447432637214661,0.38187798857688904,c0fc5ce105bd20ea96da689d111eb38f
Mentah,Master_Dataset\Mentah\DS1_C1_248_jpg.rf.28aaa33456029033b93ffbbc98944c59.jpg,DS1_C1_248_jpg.rf.28aaa33456029033b93ffbbc98944c59.jpg,JPEG,224,224,1.0,0.5177953839302063,0.5618954300880432,0.2872507572174072,28952bfe1215d6ca22cccbe50c5ad28f
Mentah,Master_Dataset\Mentah\DS1_C1_249_jpg.rf.ca4713969408d82e5d5476c6abfd7a0c.jpg,DS1_C1_249_jpg.rf.ca4713969408d82e5d5476c6abfd7a0c.jpg,JPEG,224,224,1.0,0.3639780879020691,0.38134145736694336,0.24528463184833527,e722d541f0c55d3b3c97ecc1fce59b27
Mentah,Master_Dataset\Mentah\DS1_C1_24_jpg.rf.78bf72d32d61e13658a39d2bd289616f.jpg,DS1_C1_24_jpg.rf.78bf72d32d61e13658a39d2bd289616f.jpg,JPEG,224,224,1.0,0.5392253398895264,0.5812496542930603,0.2876377999782562,ce7bfd18d262eed0be2d64c7e0f7bb41
Mentah,Master_Dataset\Mentah\DS1_C1_250_jpg.rf.095f655e491fb005a6e0c45a27c2dacc.jpg,DS1_C1_250_jpg.rf.095f655e491fb005a6e0c45a27c2dacc.jpg,JPEG,224,224,1.0,0.4638693332672119,0.4675505757331848,0.3218613564968109,a00ad85617085f53e0ef75bb0c1aaee2
Mentah,Master_Dataset\Mentah\DS1_C1_251_jpg.rf.21bbbfc44040b90c0df9843a491ef989.jpg,DS1_C1_251_jpg.rf.21bbbfc44040b90c0df9843a491ef989.jpg,JPEG,224,224,1.0,0.4304221272468567,0.4081895351409912,0.4023697078227997,3fbe47424545691ede5debdbe900ec79
Mentah,Master_Dataset\Mentah\DS1_C1_252_jpg.rf.87ea25a410308e08dfb838bad9bb5b23.jpg,DS1_C1_252_jpg.rf.87ea25a410308e08dfb838bad9bb5b23.jpg,JPEG,224,224,1.0,0.4781041145324707,0.503519594669342,0.3383922278881073,3f28f55b49dc7f45bb90caa3ccea99d4
Mentah,Master_Dataset\Mentah\DS1_C1_253_jpg.rf.12b662fb12b9a946998ae1010b6c309f.jpg,DS1_C1_253_jpg.rf.12b662fb12b9a946998ae1010b6c309f.jpg,JPEG,224,224,1.0,0.5364482998847961,0.4618804156780243,0.2937772274017334,665cb52b4a4992b0b935cbf1bef3eec6
Mentah,Master_Dataset\Mentah\DS1_C1_254_jpg.rf.f7606e65ce31de4b9ad0534747388ded.jpg,DS1_C1_254_jpg.rf.f7606e65ce31de4b9ad0534747388ded.jpg,JPEG,224,224,1.0,0.36607059836387634,0.3991871178150177,0.34742262959480286,59ea2d73e8f6768d00086dfeac0f829f
Mentah,Master_Dataset\Mentah\DS1_C1_255_jpg.rf.0792d89707ac25eb928d9155ba23fdfa.jpg,DS1_C1_255_jpg.rf.0792d89707ac25eb928d9155ba23fdfa.jpg,JPEG,224,224,1.0,0.4758906662464142,0.4852520227432251,0.35060036182403564,5aa68cf4b8e3df649adebc5de6820d9b
Mentah,Master_Dataset\Mentah\DS1_C1_256_jpg.rf.be28824c9f1dc364812cb550841afb51.jpg,DS1_C1_256_jpg.rf.be28824c9f1dc364812cb550841afb51.jpg,JPEG,224,224,1.0,0.44587209820747375,0.5081566572189331,0.37317588925361633,d4d44d6f0d8b5c2c363830b879cbd121
Mentah,Master_Dataset\Mentah\DS1_C1_257_jpg.rf.16ae4d9304d3d70af120ae62817caf81.jpg,DS1_C1_257_jpg.rf.16ae4d9304d3d70af120ae62817caf81.jpg,JPEG,224,224,1.0,0.4695394039154053,0.46129050850868225,0.42217308282852173,cb67085c5b9a898b8b10e2bfec1813a8
Mentah,Master_Dataset\Mentah\DS1_C1_25_jpg.rf.93e77128b973088b4077d90cf4b3f923.jpg,DS1_C1_25_jpg.rf.93e77128b973088b4077d90cf4b3f923.jpg,JPEG,224,224,1.0,0.4620485305786133,0.44461676478385925,0.26407015323638916,f7d1744ce3cdbd24d0e3125157a3e70e
Mentah,Master_Dataset\Mentah\DS1_C1_26_jpg.rf.97502ae65c5836a8bd33cd9384c43806.jpg,DS1_C1_26_jpg.rf.97502ae65c5836a8bd33cd9384c43806.jpg,JPEG,224,224,1.0,0.4049503207206726,0.43405330181121826,0.279285728931427,7be9bdf563c37fa195df2dca6502cf88
Mentah,Master_Dataset\Mentah\DS1_C1_27_jpg.rf.a9e9c8f3635c51b5a1b2ba7fb0280c08.jpg,DS1_C1_27_jpg.rf.a9e9c8f3635c51b5a1b2ba7fb0280c08.jpg,JPEG,224,224,1.0,0.4431353509426117,0.5083507895469666,0.2571989595890045,a4070acac154f479e55877d6132baaf3
Mentah,Master_Dataset\Mentah\DS1_C1_28_jpg.rf.0d3af3644d238a09e4319203c7c38374.jpg,DS1_C1_28_jpg.rf.0d3af3644d238a09e4319203c7c38374.jpg,JPEG,224,224,1.0,0.6164765954017639,0.5164203643798828,0.4437873661518097,563626688de4cdeae81928e23279e93b
Mentah,Master_Dataset\Mentah\DS1_C1_29_jpg.rf.d044456e854cff60fc52240a076682cb.jpg,DS1_C1_29_jpg.rf.d044456e854cff60fc52240a076682cb.jpg,JPEG,224,224,1.0,0.5425410270690918,0.5103389620780945,0.4202611446380615,10121fef883aa3421524bcffbed3eab0
Mentah,Master_Dataset\Mentah\DS1_C1_2_jpg.rf.88da5f7e26b346fa2cb59555554b4037.jpg,DS1_C1_2_jpg.rf.88da5f7e26b346fa2cb59555554b4037.jpg,JPEG,224,224,1.0,0.4012187123298645,0.38346603512763977,0.3099517822265625,14a9c5010d2e12356778d2748349c77e
Mentah,Master_Dataset\Mentah\DS1_C1_30_jpg.rf.08869d8234c19d2ba686fff486f889bf.jpg,DS1_C1_30_jpg.rf.08869d8234c19d2ba686fff486f889bf.jpg,JPEG,224,224,1.0,0.6835160255432129,0.6208177804946899,0.48370006680488586,9e39a3e907ac497721abe43515e07b7d
Mentah,Master_Dataset\Mentah\DS1_C1_31_jpg.rf.b07bef6b4cb98595d33fedb43f8a3d0d.jpg,DS1_C1_31_jpg.rf.b07bef6b4cb98595d33fedb43f8a3d0d.jpg,JPEG,224,224,1.0,0.41154929995536804,0.39680835604667664,0.38170725107192993,8f13d8e2732764ed0fba223888367661
Mentah,Master_Dataset\Mentah\DS1_C1_32_jpg.rf.b8710c552a382e875f5d875a8c310fe3.jpg,DS1_C1_32_jpg.rf.b8710c552a382e875f5d875a8c310fe3.jpg,JPEG,224,224,1.0,0.502902626991272,0.48557037115097046,0.45584356784820557,8e225eb221ef713e8f3ee5904c3a7204
Mentah,Master_Dataset\Mentah\DS1_C1_33_jpg.rf.5812495ca00e243adfd9b89ff9d40b5a.jpg,DS1_C1_33_jpg.rf.5812495ca00e243adfd9b89ff9d40b5a.jpg,JPEG,224,224,1.0,0.5295236110687256,0.49071285128593445,0.4957633316516876,f094d46c8e1740e1181e02f24c3db2f4
Mentah,Master_Dataset\Mentah\DS1_C1_34_jpg.rf.6544b9ea51de22305dbd2bc117ee2c82.jpg,DS1_C1_34_jpg.rf.6544b9ea51de22305dbd2bc117ee2c82.jpg,JPEG,224,224,1.0,0.5172378420829773,0.5250087976455688,0.3208564221858978,2011aab9e0f7cdf7b593dcd81a679867
Mentah,Master_Dataset\Mentah\DS1_C1_35_jpg.rf.18dadab6f77f6f9ea876b87bc1cd1cc7.jpg,DS1_C1_35_jpg.rf.18dadab6f77f6f9ea876b87bc1cd1cc7.jpg,JPEG,224,224,1.0,0.4877454340457916,0.5052840709686279,0.28199079632759094,b4ad8123d72b0e0f1de3bcffc062738d
Mentah,Master_Dataset\Mentah\DS1_C1_36_jpg.rf.31e016f93bb1961d81971d9c37305d8a.jpg,DS1_C1_36_jpg.rf.31e016f93bb1961d81971d9c37305d8a.jpg,JPEG,224,224,1.0,0.5338128805160522,0.5458292365074158,0.4934625029563904,f703722bfc84b132f6037e49376d480e
Mentah,Master_Dataset\Mentah\DS1_C1_37_jpg.rf.5bfd81dbb0dca7f43906695df701fb82.jpg,DS1_C1_37_jpg.rf.5bfd81dbb0dca7f43906695df701fb82.jpg,JPEG,224,224,1.0,0.5275847315788269,0.5305615067481995,0.3299978971481323,62aee6d9b86dc8af37bffbfaa25754ed
Mentah,Master_Dataset\Mentah\DS1_C1_38_jpg.rf.e91b961218fbf4dd6c972117ec0efaae.jpg,DS1_C1_38_jpg.rf.e91b961218fbf4dd6c972117ec0efaae.jpg,JPEG,224,224,1.0,0.5815938115119934,0.5246474742889404,0.3499382436275482,13ec717256006a1303f48eb60d226418
Mentah,Master_Dataset\Mentah\DS1_C1_39_jpg.rf.0969c89d1cacdef9179e247d82e8c212.jpg,DS1_C1_39_jpg.rf.0969c89d1cacdef9179e247d82e8c212.jpg,JPEG,224,224,1.0,0.5063624978065491,0.5370592474937439,0.3332124948501587,15b1e29480ba9cf44e262d30d78ded28
Mentah,Master_Dataset\Mentah\DS1_C1_3_jpg.rf.aec0f9dd6ea35d30cf3f82fa5a603271.jpg,DS1_C1_3_jpg.rf.aec0f9dd6ea35d30cf3f82fa5a603271.jpg,JPEG,224,224,1.0,0.44460684061050415,0.4427122473716736,0.31654155254364014,4570eb911882071dcfb4eace35ad0016
Mentah,Master_Dataset\Mentah\DS1_C1_40_jpg.rf.daf027edc2b74d4fddd5a4f286b655eb.jpg,DS1_C1_40_jpg.rf.daf027edc2b74d4fddd5a4f286b655eb.jpg,JPEG,224,224,1.0,0.3724428713321686,0.3548189699649811,0.2786450684070587,0de480b13bd07532870a71b8536c29b4
Mentah,Master_Dataset\Mentah\DS1_C1_41_jpg.rf.62cf54293e8128d80062a8b4955f3070.jpg,DS1_C1_41_jpg.rf.62cf54293e8128d80062a8b4955f3070.jpg,JPEG,224,224,1.0,0.5731202960014343,0.4622609317302704,0.3219930827617645,b15b98e434a223527cbde179a6ad5d34
Mentah,Master_Dataset\Mentah\DS1_C1_42_jpg.rf.82504fc6b1205380aa4411ba6e9d316e.jpg,DS1_C1_42_jpg.rf.82504fc6b1205380aa4411ba6e9d316e.jpg,JPEG,224,224,1.0,0.5892245769500732,0.5297632217407227,0.36827966570854187,523093c78bc59dee2fb083f6820507e5
Mentah,Master_Dataset\Mentah\DS1_C1_43_jpg.rf.87e9d3566f244fceb4a66c7a34bca866.jpg,DS1_C1_43_jpg.rf.87e9d3566f244fceb4a66c7a34bca866.jpg,JPEG,224,224,1.0,0.5071301460266113,0.4965141713619232,0.44386324286460876,b32aa7d5ef28965c55b662f6a947beb1
Mentah,Master_Dataset\Mentah\DS1_C1_44_jpg.rf.eeaef34fd86a583441830de3d53265da.jpg,DS1_C1_44_jpg.rf.eeaef34fd86a583441830de3d53265da.jpg,JPEG,224,224,1.0,0.445852667093277,0.43202510476112366,0.30783623456954956,0c6005aaf4d12c41d50daedc587c445a
Mentah,Master_Dataset\Mentah\DS1_C1_45_jpg.rf.14e465062e6fe565ad644df1883abb18.jpg,DS1_C1_45_jpg.rf.14e465062e6fe565ad644df1883abb18.jpg,JPEG,224,224,1.0,0.445207417011261,0.4294556975364685,0.3888932466506958,fd2d731e170a13785c80030ef754cca4
Mentah,Master_Dataset\Mentah\DS1_C1_46_jpg.rf.734bc716d3d1e0b5a4daa914bee43db9.jpg,DS1_C1_46_jpg.rf.734bc716d3d1e0b5a4daa914bee43db9.jpg,JPEG,224,224,1.0,0.40851861238479614,0.4066914916038513,0.26592719554901123,1efd1383bf1ce1c3476b04d1a696cae0
Mentah,Master_Dataset\Mentah\DS1_C1_47_jpg.rf.9bc0920909ea62f69694bc13acef0a4a.jpg,DS1_C1_47_jpg.rf.9bc0920909ea62f69694bc13acef0a4a.jpg,JPEG,224,224,1.0,0.47992846369743347,0.4872601628303528,0.40257933735847473,ce5a6f65f5123bf4c41575afaed300b3
Mentah,Master_Dataset\Mentah\DS1_C1_48_jpg.rf.6fb625873da2ef1439897c24efe54644.jpg,DS1_C1_48_jpg.rf.6fb625873da2ef1439897c24efe54644.jpg,JPEG,224,224,1.0,0.4120047390460968,0.4074379801750183,0.3451709449291229,b2c6e7633f90ab01ff2707b85d186fa1
Mentah,Master_Dataset\Mentah\DS1_C1_49_jpg.rf.260b8f8f6b1f184ee0f90d744b0ec816.jpg,DS1_C1_49_jpg.rf.260b8f8f6b1f184ee0f90d744b0ec816.jpg,JPEG,224,224,1.0,0.5749067068099976,0.5138705968856812,0.3886150121688843,8c0df0762f383f0355cabfc0bd246ba3
Mentah,Master_Dataset\Mentah\DS1_C1_4_jpg.rf.6430271a07675fbe0bbcd04d2fe5d8d8.jpg,DS1_C1_4_jpg.rf.6430271a07675fbe0bbcd04d2fe5d8d8.jpg,JPEG,224,224,1.0,0.4860261380672455,0.47377803921699524,0.27355149388313293,4f30be100f8a504e600c99dcc4907d3e
Mentah,Master_Dataset\Mentah\DS1_C1_50_jpg.rf.da6f380513edec420757ec4c3b5443cf.jpg,DS1_C1_50_jpg.rf.da6f380513edec420757ec4c3b5443cf.jpg,JPEG,224,224,1.0,0.3933030664920807,0.4480035901069641,0.2579224705696106,3747377ebdad29d1b9160a524b5fc193
Mentah,Master_Dataset\Mentah\DS1_C1_51_jpg.rf.c82e2d850c5ff66794943798bd62bbe0.jpg,DS1_C1_51_jpg.rf.c82e2d850c5ff66794943798bd62bbe0.jpg,JPEG,224,224,1.0,0.5690836906433105,0.5793696045875549,0.5307051539421082,be222c39ea6809c8932a52df71c3264d
Mentah,Master_Dataset\Mentah\DS1_C1_52_jpg.rf.966359dc6f70223947f7b3109e8ee7a5.jpg,DS1_C1_52_jpg.rf.966359dc6f70223947f7b3109e8ee7a5.jpg,JPEG,224,224,1.0,0.3622192144393921,0.4302658438682556,0.2814420461654663,a985a37bc19f609262f91b6afbb5b31a
Mentah,Master_Dataset\Mentah\DS1_C1_53_jpg.rf.3a018a957569c209ec77bba87f91ae65.jpg,DS1_C1_53_jpg.rf.3a018a957569c209ec77bba87f91ae65.jpg,JPEG,224,224,1.0,0.4181075096130371,0.41352349519729614,0.33208128809928894,81412315c48d8bbbedf884e98dfe541d
Mentah,Master_Dataset\Mentah\DS1_C1_54_jpg.rf.899ecbba5775eed7c633d0d3c1dd2d4c.jpg,DS1_C1_54_jpg.rf.899ecbba5775eed7c633d0d3c1dd2d4c.jpg,JPEG,224,224,1.0,0.5346047282218933,0.5197321176528931,0.38974449038505554,77953bf0374bd8589b5e225afff19a1b
Mentah,Master_Dataset\Mentah\DS1_C1_55_jpg.rf.a3af545bbc65bed0940119fa2e69f6b8.jpg,DS1_C1_55_jpg.rf.a3af545bbc65bed0940119fa2e69f6b8.jpg,JPEG,224,224,1.0,0.5718851685523987,0.584327220916748,0.4002648890018463,39e712805403f43293bc516bb0671b2b
Mentah,Master_Dataset\Mentah\DS1_C1_56_jpg.rf.b5cbb549c12299b7ce5a8a62fa735d07.jpg,DS1_C1_56_jpg.rf.b5cbb549c12299b7ce5a8a62fa735d07.jpg,JPEG,224,224,1.0,0.49277812242507935,0.48304063081741333,0.33115649223327637,bb0587f5216f3b159a05ae58d9b09bd5
Mentah,Master_Dataset\Mentah\DS1_C1_57_jpg.rf.6373fc960c4e5815bc94cb0da058d5ce.jpg,DS1_C1_57_jpg.rf.6373fc960c4e5815bc94cb0da058d5ce.jpg,JPEG,224,224,1.0,0.5872845649719238,0.5362257957458496,0.3836982250213623,ae0982ec720d404c3f8dd9bb442e12cf
Mentah,Master_Dataset\Mentah\DS1_C1_58_jpg.rf.c338e3523acee3a45b95cf7d206179f6.jpg,DS1_C1_58_jpg.rf.c338e3523acee3a45b95cf7d206179f6.jpg,JPEG,224,224,1.0,0.5065237879753113,0.5479165315628052,0.3496622145175934,d531b33beb9c0b86c384bf7ffdca54a3
Mentah,Master_Dataset\Mentah\DS1_C1_59_jpg.rf.fdd7bd69836458742352504392d36457.jpg,DS1_C1_59_jpg.rf.fdd7bd69836458742352504392d36457.jpg,JPEG,224,224,1.0,0.5562035441398621,0.4973152279853821,0.3452875018119812,1f909451d14411ee7a669b3f174f2286
Mentah,Master_Dataset\Mentah\DS1_C1_5_jpg.rf.93f26adf61a385374339b25a2c407dd4.jpg,DS1_C1_5_jpg.rf.93f26adf61a385374339b25a2c407dd4.jpg,JPEG,224,224,1.0,0.5145878195762634,0.5854327082633972,0.37226563692092896,4f61055bc3301458868ffdc6902b248a
Mentah,Master_Dataset\Mentah\DS1_C1_60_jpg.rf.bc99cc2621f27a57cfb400056e32084e.jpg,DS1_C1_60_jpg.rf.bc99cc2621f27a57cfb400056e32084e.jpg,JPEG,224,224,1.0,0.5076808929443359,0.5154798626899719,0.4405948519706726,6f8ac97ed303f0b9feb6c6270e645046
Mentah,Master_Dataset\Mentah\DS1_C1_61_jpg.rf.c53e851fc7193cea71756c48698d555c.jpg,DS1_C1_61_jpg.rf.c53e851fc7193cea71756c48698d555c.jpg,JPEG,224,224,1.0,0.39477086067199707,0.4057263731956482,0.3275161683559418,458624f977e631ab595e61316d0b49c0
Mentah,Master_Dataset\Mentah\DS1_C1_62_jpg.rf.cf7f391e7311dae244268b9c3f48a35e.jpg,DS1_C1_62_jpg.rf.cf7f391e7311dae244268b9c3f48a35e.jpg,JPEG,224,224,1.0,0.4823802411556244,0.4703008532524109,0.3948246240615845,6385dae89626caf06566a18a1cd417fb
Mentah,Master_Dataset\Mentah\DS1_C1_63_jpg.rf.de68167b8db4ef6dcaac480da3d17c44.jpg,DS1_C1_63_jpg.rf.de68167b8db4ef6dcaac480da3d17c44.jpg,JPEG,224,224,1.0,0.43376481533050537,0.43236908316612244,0.3664765954017639,1a1712c8cd2657c680adc3ccd74580db
Mentah,Master_Dataset\Mentah\DS1_C1_64_jpg.rf.11cde445d76a8f488f2576d2392b6541.jpg,DS1_C1_64_jpg.rf.11cde445d76a8f488f2576d2392b6541.jpg,JPEG,224,224,1.0,0.5278125405311584,0.5181295275688171,0.5014823079109192,a919786ff5d24b4db989422429c6ae4e
Mentah,Master_Dataset\Mentah\DS1_C1_65_jpg.rf.b8d790e7d66ef3c54b93a5443586b48b.jpg,DS1_C1_65_jpg.rf.b8d790e7d66ef3c54b93a5443586b48b.jpg,JPEG,224,224,1.0,0.5310083627700806,0.5552910566329956,0.32654356956481934,c7c387e4d9704a9762efee3d7d0c9c93
Mentah,Master_Dataset\Mentah\DS1_C1_66_jpg.rf.02952de38a654d35b78d73a7a994331d.jpg,DS1_C1_66_jpg.rf.02952de38a654d35b78d73a7a994331d.jpg,JPEG,224,224,1.0,0.4731633961200714,0.5085554122924805,0.32633593678474426,a7c17cd750203c72238a62b751ea7762
Mentah,Master_Dataset\Mentah\DS1_C1_67_jpg.rf.a4adc03e7a698e897136405d80f2b8d9.jpg,DS1_C1_67_jpg.rf.a4adc03e7a698e897136405d80f2b8d9.jpg,JPEG,224,224,1.0,0.42242076992988586,0.40502530336380005,0.350445955991745,93a072c3758692a27db4f625cc43885e
Mentah,Master_Dataset\Mentah\DS1_C1_68_jpg.rf.9fc5d980294088e8d99f769642cb01eb.jpg,DS1_C1_68_jpg.rf.9fc5d980294088e8d99f769642cb01eb.jpg,JPEG,224,224,1.0,0.4321958124637604,0.4193008542060852,0.3551477789878845,e40784c0c1576fa7d89d6f89bbad5051
Mentah,Master_Dataset\Mentah\DS1_C1_69_jpg.rf.be8e2d06cc64eeaa92a48bce98ddc0d6.jpg,DS1_C1_69_jpg.rf.be8e2d06cc64eeaa92a48bce98ddc0d6.jpg,JPEG,224,224,1.0,0.341960072517395,0.4092511236667633,0.2761046290397644,00db99b2bf0766a95368b3342228cac1
Mentah,Master_Dataset\Mentah\DS1_C1_6_jpg.rf.c20efa67f2d86cc41ca3af3998ab964b.jpg,DS1_C1_6_jpg.rf.c20efa67f2d86cc41ca3af3998ab964b.jpg,JPEG,224,224,1.0,0.422809362411499,0.41899073123931885,0.2908676564693451,12d7bdda7ff00eb5cb1c27743b31fe1a
Mentah,Master_Dataset\Mentah\DS1_C1_70_jpg.rf.723c617aac24853723b40cf805b36705.jpg,DS1_C1_70_jpg.rf.723c617aac24853723b40cf805b36705.jpg,JPEG,224,224,1.0,0.47623616456985474,0.4774669110774994,0.383961945772171,9c0cf92d4a1fa93004d986298f6aed5b
Mentah,Master_Dataset\Mentah\DS1_C1_71_jpg.rf.098d6ffd060cb7af560c18622585a16d.jpg,DS1_C1_71_jpg.rf.098d6ffd060cb7af560c18622585a16d.jpg,JPEG,224,224,1.0,0.6378509402275085,0.5137481093406677,0.36962851881980896,17f077a8e452f7b1baf6234b24782282
Mentah,Master_Dataset\Mentah\DS1_C1_72_jpg.rf.dcb96b66dfe2f8deaa014d8ca90b0552.jpg,DS1_C1_72_jpg.rf.dcb96b66dfe2f8deaa014d8ca90b0552.jpg,JPEG,224,224,1.0,0.48267602920532227,0.46330252289772034,0.42807236313819885,e193b17a5de6a983a8bfc78f2c276777
Mentah,Master_Dataset\Mentah\DS1_C1_73_jpg.rf.dca9df3b93e625c40000806cb4b2f532.jpg,DS1_C1_73_jpg.rf.dca9df3b93e625c40000806cb4b2f532.jpg,JPEG,224,224,1.0,0.4031071662902832,0.4613463282585144,0.29518216848373413,3299d9ce3cebdc5a82e4521293147d89
Mentah,Master_Dataset\Mentah\DS1_C1_74_jpg.rf.05492b2927d784f779d963d729f6d5eb.jpg,DS1_C1_74_jpg.rf.05492b2927d784f779d963d729f6d5eb.jpg,JPEG,224,224,1.0,0.40850040316581726,0.4067094027996063,0.28700703382492065,13d278ae05afc0ab58e5a948b5266cf9
Mentah,Master_Dataset\Mentah\DS1_C1_75_jpg.rf.ac060c3c59f3deb40dc0988e18a24b85.jpg,DS1_C1_75_jpg.rf.ac060c3c59f3deb40dc0988e18a24b85.jpg,JPEG,224,224,1.0,0.38338443636894226,0.4375232458114624,0.2041095793247223,8fb1776be61509ef640d1d33de39d9ca
Mentah,Master_Dataset\Mentah\DS1_C1_76_jpg.rf.369ca70488fcd1eb9f9c393c5e2b3495.jpg,DS1_C1_76_jpg.rf.369ca70488fcd1eb9f9c393c5e2b3495.jpg,JPEG,224,224,1.0,0.42990973591804504,0.4161736071109772,0.40659448504447937,93d82bbcecadf895fb105d199f29030c
Mentah,Master_Dataset\Mentah\DS1_C1_77_jpg.rf.9374c72f9142a1370535fc6674e25f04.jpg,DS1_C1_77_jpg.rf.9374c72f9142a1370535fc6674e25f04.jpg,JPEG,224,224,1.0,0.5109124183654785,0.5037662982940674,0.45814332365989685,17cd3c7a42cce62a5d7f73e7fdaf7258
Mentah,Master_Dataset\Mentah\DS1_C1_78_jpg.rf.bd9d8b575881f21cd4798c3a1fa83e8d.jpg,DS1_C1_78_jpg.rf.bd9d8b575881f21cd4798c3a1fa83e8d.jpg,JPEG,224,224,1.0,0.5359596610069275,0.5588827729225159,0.33272862434387207,3af71473a276ec4e371f6d66337f4a42
Mentah,Master_Dataset\Mentah\DS1_C1_79_jpg.rf.1dc54c907aff33f83b94970d5154278f.jpg,DS1_C1_79_jpg.rf.1dc54c907aff33f83b94970d5154278f.jpg,JPEG,224,224,1.0,0.46111729741096497,0.4485246539115906,0.24725645780563354,d113354282d6d2a071fc4d9c8db877e9
Mentah,Master_Dataset\Mentah\DS1_C1_7_jpg.rf.7698b6d7317237c7bec094c0fc27169a.jpg,DS1_C1_7_jpg.rf.7698b6d7317237c7bec094c0fc27169a.jpg,JPEG,224,224,1.0,0.4892207384109497,0.5413280725479126,0.3753189444541931,ab9521dc8114cc38cc8d0ab6619c7b43
Mentah,Master_Dataset\Mentah\DS1_C1_80_jpg.rf.fd5728012dcd402a7d6cd315fde1f7d4.jpg,DS1_C1_80_jpg.rf.fd5728012dcd402a7d6cd315fde1f7d4.jpg,JPEG,224,224,1.0,0.49707168340682983,0.481431782245636,0.46097204089164734,6f3cff0e021e3639869f0e1ec05fb10f
Mentah,Master_Dataset\Mentah\DS1_C1_81_jpg.rf.e9ab9e85b689097589267d2cbcc7b2fd.jpg,DS1_C1_81_jpg.rf.e9ab9e85b689097589267d2cbcc7b2fd.jpg,JPEG,224,224,1.0,0.5420552492141724,0.5381855368614197,0.5139235854148865,9c991f7eed882e74670474ddd00d9f70
Mentah,Master_Dataset\Mentah\DS1_C1_82_jpg.rf.6434a49770c71b434d1703ef9c0fe49f.jpg,DS1_C1_82_jpg.rf.6434a49770c71b434d1703ef9c0fe49f.jpg,JPEG,224,224,1.0,0.4989416301250458,0.4726775586605072,0.45804667472839355,8a284ee93311c4a5bb27d79c28f9853b
Mentah,Master_Dataset\Mentah\DS1_C1_83_jpg.rf.dd3b27ea08c24d0ec0665a676f11d799.jpg,DS1_C1_83_jpg.rf.dd3b27ea08c24d0ec0665a676f11d799.jpg,JPEG,224,224,1.0,0.45742562413215637,0.4409759044647217,0.41661739349365234,4bc31595fa13af16618ca73e74e3a1d1
Mentah,Master_Dataset\Mentah\DS1_C1_84_jpg.rf.c5d1d6091b9bef68dd83e8ace2d8c729.jpg,DS1_C1_84_jpg.rf.c5d1d6091b9bef68dd83e8ace2d8c729.jpg,JPEG,224,224,1.0,0.5736198425292969,0.5149480104446411,0.3982461392879486,5066757c95af6f0c333bae0672a9a680
Mentah,Master_Dataset\Mentah\DS1_C1_85_jpg.rf.092f875f099596ea0ba444abe33658e7.jpg,DS1_C1_85_jpg.rf.092f875f099596ea0ba444abe33658e7.jpg,JPEG,224,224,1.0,0.48689454793930054,0.531676709651947,0.2793090045452118,58ac383a50a2c2300f922c3ad5c624d0
Mentah,Master_Dataset\Mentah\DS1_C1_86_jpg.rf.94036fe5b35b396639aafb35aa091034.jpg,DS1_C1_86_jpg.rf.94036fe5b35b396639aafb35aa091034.jpg,JPEG,224,224,1.0,0.3527129888534546,0.3701932430267334,0.2915809452533722,664f24f9224da33dae759da777ef269d
Mentah,Master_Dataset\Mentah\DS1_C1_87_jpg.rf.776fd650578b900a7c2e24ee0b9ea24c.jpg,DS1_C1_87_jpg.rf.776fd650578b900a7c2e24ee0b9ea24c.jpg,JPEG,224,224,1.0,0.6005617380142212,0.5965514183044434,0.5642074942588806,29c53ac53d0aa3f2028499db030c880b
Mentah,Master_Dataset\Mentah\DS1_C1_88_jpg.rf.60e42397ad1d7f2c2d11fb741e45d673.jpg,DS1_C1_88_jpg.rf.60e42397ad1d7f2c2d11fb741e45d673.jpg,JPEG,224,224,1.0,0.4858863055706024,0.4470349848270416,0.3665885329246521,9f4e16f3ba071092ccbe4be45f4433d0
Mentah,Master_Dataset\Mentah\DS1_C1_89_jpg.rf.68361f1823d6c811bb1cf893535aa401.jpg,DS1_C1_89_jpg.rf.68361f1823d6c811bb1cf893535aa401.jpg,JPEG,224,224,1.0,0.4488661587238312,0.5098015069961548,0.32065650820732117,ba7581751e0f24bf06c076af4d74845a
Mentah,Master_Dataset\Mentah\DS1_C1_8_jpg.rf.87de2504317defaf1364a4c9b6a4bfa3.jpg,DS1_C1_8_jpg.rf.87de2504317defaf1364a4c9b6a4bfa3.jpg,JPEG,224,224,1.0,0.38394859433174133,0.4406394958496094,0.25035610795021057,bf7be0d399a2e16080fc6ba0d05003d1
Mentah,Master_Dataset\Mentah\DS1_C1_90_jpg.rf.89abf72c2657208e85f517ca031f987a.jpg,DS1_C1_90_jpg.rf.89abf72c2657208e85f517ca031f987a.jpg,JPEG,224,224,1.0,0.3530816435813904,0.37136924266815186,0.22797228395938873,a797943957522ff880e3a400b00fc4a4
Mentah,Master_Dataset\Mentah\DS1_C1_91_jpg.rf.a09fc353b364d0349cb97e64ee9cd8eb.jpg,DS1_C1_91_jpg.rf.a09fc353b364d0349cb97e64ee9cd8eb.jpg,JPEG,224,224,1.0,0.5265154242515564,0.49022403359413147,0.2899017035961151,ca391a869525fb1988808c5646c64de2
Mentah,Master_Dataset\Mentah\DS1_C1_92_jpg.rf.733a555a1446ff3c2e562d489739c4ec.jpg,DS1_C1_92_jpg.rf.733a555a1446ff3c2e562d489739c4ec.jpg,JPEG,224,224,1.0,0.4456717371940613,0.45602232217788696,0.35401955246925354,91fdccb8919119486e2f07416bcfb3bd
Mentah,Master_Dataset\Mentah\DS1_C1_93_jpg.rf.c3ee0d1eddb3524412405595627f2da7.jpg,DS1_C1_93_jpg.rf.c3ee0d1eddb3524412405595627f2da7.jpg,JPEG,224,224,1.0,0.47143203020095825,0.5028253197669983,0.4010728597640991,15d55570eeccba7e23d97bde9388c802
Mentah,Master_Dataset\Mentah\DS1_C1_94_jpg.rf.31e076cdea2a94b47de9fbadd386eac0.jpg,DS1_C1_94_jpg.rf.31e076cdea2a94b47de9fbadd386eac0.jpg,JPEG,224,224,1.0,0.5437320470809937,0.5085045695304871,0.32354849576950073,27e805c3992b36a79352ab3874942503
Mentah,Master_Dataset\Mentah\DS1_C1_95_jpg.rf.8e6c6b4dde1acc0c77d34d63de0cba74.jpg,DS1_C1_95_jpg.rf.8e6c6b4dde1acc0c77d34d63de0cba74.jpg,JPEG,224,224,1.0,0.38107454776763916,0.3656303882598877,0.3362243175506592,f69a0e88bf8663fba7f7cdb9358e0099
Mentah,Master_Dataset\Mentah\DS1_C1_96_jpg.rf.909db8692cbce586e537912ef19df8a1.jpg,DS1_C1_96_jpg.rf.909db8692cbce586e537912ef19df8a1.jpg,JPEG,224,224,1.0,0.4579213559627533,0.4401872754096985,0.44077932834625244,6d91dad0bf9570c0b7b32c5ab1ea8d1c
Mentah,Master_Dataset\Mentah\DS1_C1_97_jpg.rf.f0c73ba86f63ea207de1bd99d10838fb.jpg,DS1_C1_97_jpg.rf.f0c73ba86f63ea207de1bd99d10838fb.jpg,JPEG,224,224,1.0,0.34536802768707275,0.31520602107048035,0.28274956345558167,3a41a1dd6e01a6bdc9d24d3279fdebf3
Mentah,Master_Dataset\Mentah\DS1_C1_98_jpg.rf.ab11c12a9e80efd840dab9c49748b713.jpg,DS1_C1_98_jpg.rf.ab11c12a9e80efd840dab9c49748b713.jpg,JPEG,224,224,1.0,0.5452763438224792,0.5252100229263306,0.3864324688911438,a65c6cc0d804b2d38c98e40ff4bf858c
Mentah,Master_Dataset\Mentah\DS1_C1_99_jpg.rf.fe82ac88495d40002f49d79cd55b6e2f.jpg,DS1_C1_99_jpg.rf.fe82ac88495d40002f49d79cd55b6e2f.jpg,JPEG,224,224,1.0,0.5004459619522095,0.47918716073036194,0.46662595868110657,e447e175374e3b7dd65e713b8945b3dc
Mentah,Master_Dataset\Mentah\DS1_C1_9_jpg.rf.910912986cf469df9ed763f762a97dcc.jpg,DS1_C1_9_jpg.rf.910912986cf469df9ed763f762a97dcc.jpg,JPEG,224,224,1.0,0.5085665583610535,0.5186845660209656,0.360478937625885,ff732bd3a88ae536bc4bf367f6d5e869
Mentah,Master_Dataset\Mentah\DS1_C2_258_jpg.rf.75aa35967a80a87a296a8042e3795310.jpg,DS1_C2_258_jpg.rf.75aa35967a80a87a296a8042e3795310.jpg,JPEG,224,224,1.0,0.5491290092468262,0.5095510482788086,0.3495090901851654,601983e751fbdcd62504ed2019e8fa30
Mentah,Master_Dataset\Mentah\DS1_C2_259_jpg.rf.a265aee86cca1042213d88380a4c1db5.jpg,DS1_C2_259_jpg.rf.a265aee86cca1042213d88380a4c1db5.jpg,JPEG,224,224,1.0,0.26348307728767395,0.25736624002456665,0.19349674880504608,7dbab7e7bc5f0d592f78d411c54e41bb
Mentah,Master_Dataset\Mentah\DS1_C2_260_jpg.rf.3fec296648e0db70d2430d3ed5407ff1.jpg,DS1_C2_260_jpg.rf.3fec296648e0db70d2430d3ed5407ff1.jpg,JPEG,224,224,1.0,0.4986969530582428,0.4923499822616577,0.29266008734703064,b3e13911cfd7d7de90a8b4ff73828716
Mentah,Master_Dataset\Mentah\DS1_C2_261_jpg.rf.30c2cef7288a07f45295ae4511bbf3ee.jpg,DS1_C2_261_jpg.rf.30c2cef7288a07f45295ae4511bbf3ee.jpg,JPEG,224,224,1.0,0.5002832412719727,0.5265883803367615,0.3128676116466522,8bd47bb2988b105eb06c0190b9aa3b78
Mentah,Master_Dataset\Mentah\DS1_C2_262_jpg.rf.ae2e1485927b6a6a13204a6b0db4494a.jpg,DS1_C2_262_jpg.rf.ae2e1485927b6a6a13204a6b0db4494a.jpg,JPEG,224,224,1.0,0.5328068137168884,0.5120837688446045,0.32998958230018616,0aa2b02132240a8cee95dfbf44d55ce8
Mentah,Master_Dataset\Mentah\DS1_C2_263_jpg.rf.1799c436f1211aa64132cf1e61f07e88.jpg,DS1_C2_263_jpg.rf.1799c436f1211aa64132cf1e61f07e88.jpg,JPEG,224,224,1.0,0.43052640557289124,0.45076099038124084,0.25134560465812683,7be6a8f3d463e2446fef663af8fcc0c9
Mentah,Master_Dataset\Mentah\DS1_C2_264_jpg.rf.751d3fed58d8ef52d93e3a17d559d85f.jpg,DS1_C2_264_jpg.rf.751d3fed58d8ef52d93e3a17d559d85f.jpg,JPEG,224,224,1.0,0.4935111701488495,0.48868903517723083,0.3893059194087982,533a2b71c2c215b382d201b24db4a21d
Mentah,Master_Dataset\Mentah\DS1_C2_265_jpg.rf.37297137e751af50869fbabbf5b923c7.jpg,DS1_C2_265_jpg.rf.37297137e751af50869fbabbf5b923c7.jpg,JPEG,224,224,1.0,0.4422648847103119,0.48106348514556885,0.2541002929210663,72f7424bf1b719ace460da162aaee95b
Mentah,Master_Dataset\Mentah\DS1_C2_266_jpg.rf.2efbbeb40a11cf9c8024f19190814133.jpg,DS1_C2_266_jpg.rf.2efbbeb40a11cf9c8024f19190814133.jpg,JPEG,224,224,1.0,0.43332549929618835,0.4480745196342468,0.3368954062461853,d6f7dbc886548faca6ae182c33e87309
Mentah,Master_Dataset\Mentah\DS1_C2_267_jpg.rf.a9c7da25c53e276be21854c42e1c4d97.jpg,DS1_C2_267_jpg.rf.a9c7da25c53e276be21854c42e1c4d97.jpg,JPEG,224,224,1.0,0.4424983263015747,0.5276908874511719,0.24073655903339386,01a34ed352d425c51605e21879fb6dcd
Mentah,Master_Dataset\Mentah\DS1_C2_268_jpg.rf.56478664759afa9ca6f6a7fab97c8f32.jpg,DS1_C2_268_jpg.rf.56478664759afa9ca6f6a7fab97c8f32.jpg,JPEG,224,224,1.0,0.4122209846973419,0.42406636476516724,0.2844715416431427,02c3483be58bd38cb44c35807d28adec
Mentah,Master_Dataset\Mentah\DS1_C2_269_jpg.rf.933c7b1253ea2a514ff1f8b3dfe3da12.jpg,DS1_C2_269_jpg.rf.933c7b1253ea2a514ff1f8b3dfe3da12.jpg,JPEG,224,224,1.0,0.4557652473449707,0.4938434660434723,0.2623431384563446,5f07a1e65c912ddd2ca8a0fd709e475a
Mentah,Master_Dataset\Mentah\DS1_C2_270_jpg.rf.9e5ddf5dcc9d06c406fb4d35240821b7.jpg,DS1_C2_270_jpg.rf.9e5ddf5dcc9d06c406fb4d35240821b7.jpg,JPEG,224,224,1.0,0.5214830040931702,0.48660627007484436,0.4243132472038269,e769e3141d8470c85c293bf0a8d7f5e6
Mentah,Master_Dataset\Mentah\DS1_C2_271_jpg.rf.47ca92b60b15e5b5e304e4ce9200eb3c.jpg,DS1_C2_271_jpg.rf.47ca92b60b15e5b5e304e4ce9200eb3c.jpg,JPEG,224,224,1.0,0.5020046830177307,0.5062809586524963,0.2943430542945862,2201d1d131f5e53f7d721e5d5956a5f0
Mentah,Master_Dataset\Mentah\DS1_C2_272_jpg.rf.0da86483d4a5854940be33ad3838ff2d.jpg,DS1_C2_272_jpg.rf.0da86483d4a5854940be33ad3838ff2d.jpg,JPEG,224,224,1.0,0.4526273012161255,0.4780126214027405,0.4531928300857544,dc017586beba2d0c2c5e37b2e9992fbb
Mentah,Master_Dataset\Mentah\DS1_C2_273_jpg.rf.d6525aba81bb13907825b8f6b988cc78.jpg,DS1_C2_273_jpg.rf.d6525aba81bb13907825b8f6b988cc78.jpg,JPEG,224,224,1.0,0.5300024151802063,0.5196175575256348,0.4735586643218994,594a1598ec801a26101f02c24024b071
Mentah,Master_Dataset\Mentah\DS1_C2_274_jpg.rf.2b6f8cbee7a661e159f5277f38aeb8f1.jpg,DS1_C2_274_jpg.rf.2b6f8cbee7a661e159f5277f38aeb8f1.jpg,JPEG,224,224,1.0,0.5441550016403198,0.4974367916584015,0.36377638578414917,33992523df67e667ab3f03ec17cc2ddf
Mentah,Master_Dataset\Mentah\DS1_C2_275_jpg.rf.f7291ae385bf4cd5be2685e4223cd066.jpg,DS1_C2_275_jpg.rf.f7291ae385bf4cd5be2685e4223cd066.jpg,JPEG,224,224,1.0,0.48086127638816833,0.4523875415325165,0.2839842140674591,e9a60a18cef144fac39d38c00eb56fa4
Mentah,Master_Dataset\Mentah\DS1_C2_276_jpg.rf.c3027f61089ccd3fe1cb3274616dba20.jpg,DS1_C2_276_jpg.rf.c3027f61089ccd3fe1cb3274616dba20.jpg,JPEG,224,224,1.0,0.522984504699707,0.5435818433761597,0.5138368606567383,46338dafd24b936d6334d93f0fdc802b
Mentah,Master_Dataset\Mentah\DS1_C2_277_jpg.rf.6c615a1168c520389a423e735a6893e5.jpg,DS1_C2_277_jpg.rf.6c615a1168c520389a423e735a6893e5.jpg,JPEG,224,224,1.0,0.4467926621437073,0.4945480525493622,0.24157145619392395,21d51eda884b7b6ee789f5d9f51d13dd
Mentah,Master_Dataset\Mentah\DS1_C2_278_jpg.rf.bcbef771b02fa4a72825e6e1abf0a505.jpg,DS1_C2_278_jpg.rf.bcbef771b02fa4a72825e6e1abf0a505.jpg,JPEG,224,224,1.0,0.4391479194164276,0.45509615540504456,0.3613964021205902,34c8ad800cab241ff8b8982504955a4a
Mentah,Master_Dataset\Mentah\DS1_C2_279_jpg.rf.cf891b4f709d06c76c74167a7421ef74.jpg,DS1_C2_279_jpg.rf.cf891b4f709d06c76c74167a7421ef74.jpg,JPEG,224,224,1.0,0.42077264189720154,0.4574244022369385,0.23131456971168518,a9550222c6e5103e616295e1f5f75c26
Mentah,Master_Dataset\Mentah\DS1_C2_280_jpg.rf.db9bd90d393254885364a4f658dc0325.jpg,DS1_C2_280_jpg.rf.db9bd90d393254885364a4f658dc0325.jpg,JPEG,224,224,1.0,0.4690011143684387,0.5218045115470886,0.3339097499847412,1dfc480089fb4a9d0b32f481f36e1969
Mentah,Master_Dataset\Mentah\DS1_C2_281_jpg.rf.e07c3f46b148becaf8904d396952725c.jpg,DS1_C2_281_jpg.rf.e07c3f46b148becaf8904d396952725c.jpg,JPEG,224,224,1.0,0.4934718906879425,0.48187345266342163,0.2868484854698181,c35aafbcb69caba957ead462cc8be092
Mentah,Master_Dataset\Mentah\DS1_C2_282_jpg.rf.251b28f2e6e08e2405a1b0b9a08c2e2f.jpg,DS1_C2_282_jpg.rf.251b28f2e6e08e2405a1b0b9a08c2e2f.jpg,JPEG,224,224,1.0,0.4324900507926941,0.42795440554618835,0.41098329424858093,a89a8d6fc26852d0b7de56ac81adb845
Mentah,Master_Dataset\Mentah\DS1_C2_283_jpg.rf.d128bc1590abdb20f77ef946fe68ef06.jpg,DS1_C2_283_jpg.rf.d128bc1590abdb20f77ef946fe68ef06.jpg,JPEG,224,224,1.0,0.640067994594574,0.6015176773071289,0.4988880455493927,32eb295c8d87e4cc5ec6fe61259967e7
Mentah,Master_Dataset\Mentah\DS1_C2_284_jpg.rf.20596d110350b110df40770320112ef9.jpg,DS1_C2_284_jpg.rf.20596d110350b110df40770320112ef9.jpg,JPEG,224,224,1.0,0.6320658326148987,0.6065441966056824,0.48523250222206116,e786c65c2fe0ddaa007e597a2a52b0c8
Mentah,Master_Dataset\Mentah\DS1_C2_285_jpg.rf.d0de17479066a90dd23c839ad823f13c.jpg,DS1_C2_285_jpg.rf.d0de17479066a90dd23c839ad823f13c.jpg,JPEG,224,224,1.0,0.515550971031189,0.4703652560710907,0.47515007853507996,6de315e42f755f81d12879fec7450046
Mentah,Master_Dataset\Mentah\DS1_C2_286_jpg.rf.0aff02fd00077a41342757bfd4c516fd.jpg,DS1_C2_286_jpg.rf.0aff02fd00077a41342757bfd4c516fd.jpg,JPEG,224,224,1.0,0.6074506640434265,0.5302212834358215,0.3863672912120819,c1e47cd121c032354d9bbe464f4b0c46
Mentah,Master_Dataset\Mentah\DS1_C2_287_jpg.rf.b43b506ad5734ffcb9ea65cef83af203.jpg,DS1_C2_287_jpg.rf.b43b506ad5734ffcb9ea65cef83af203.jpg,JPEG,224,224,1.0,0.3834907114505768,0.37088337540626526,0.3371828496456146,681632d51e2b9961bc312f6ef9b69f67
Mentah,Master_Dataset\Mentah\DS1_C2_288_jpg.rf.a10dc22eeae8c1541a7187c6cce87644.jpg,DS1_C2_288_jpg.rf.a10dc22eeae8c1541a7187c6cce87644.jpg,JPEG,224,224,1.0,0.414121150970459,0.45270270109176636,0.22496846318244934,35affa72365e1793084945f570620bfb
Mentah,Master_Dataset\Mentah\DS1_C2_289_jpg.rf.9bac4c25e275eca37740cf4f7331c540.jpg,DS1_C2_289_jpg.rf.9bac4c25e275eca37740cf4f7331c540.jpg,JPEG,224,224,1.0,0.5297525525093079,0.575098991394043,0.2841640114784241,b623c855a60426a21eb6d9489fa40217
Mentah,Master_Dataset\Mentah\DS1_C2_290_jpg.rf.ac0642403ff618266dbe4b80a607420b.jpg,DS1_C2_290_jpg.rf.ac0642403ff618266dbe4b80a607420b.jpg,JPEG,224,224,1.0,0.48156946897506714,0.49832868576049805,0.2908373177051544,d532d42f52ec138ce39af7432e4e9db0
Mentah,Master_Dataset\Mentah\DS1_C2_291_jpg.rf.2ae2c83378a550f867c6bec8e5c17a05.jpg,DS1_C2_291_jpg.rf.2ae2c83378a550f867c6bec8e5c17a05.jpg,JPEG,224,224,1.0,0.5196171998977661,0.47821739315986633,0.39956289529800415,e1389a4301f27304d21880b4298f0a29
Mentah,Master_Dataset\Mentah\DS1_C2_292_jpg.rf.3f1d7f1b13b1b39bf2bf3695b988129a.jpg,DS1_C2_292_jpg.rf.3f1d7f1b13b1b39bf2bf3695b988129a.jpg,JPEG,224,224,1.0,0.581354558467865,0.5982996821403503,0.42255699634552,ad57bcedbd4a9dcbdddbf3b95e408f06
Mentah,Master_Dataset\Mentah\DS1_C2_293_jpg.rf.e5e002313a4e3535e7e01c838b5a3030.jpg,DS1_C2_293_jpg.rf.e5e002313a4e3535e7e01c838b5a3030.jpg,JPEG,224,224,1.0,0.5008010268211365,0.4533856511116028,0.301597535610199,845034826b403b3dca89d25d88f87ff6
Mentah,Master_Dataset\Mentah\DS1_C2_294_jpg.rf.4b3aa9b711f8ec11b50a2642ff812df7.jpg,DS1_C2_294_jpg.rf.4b3aa9b711f8ec11b50a2642ff812df7.jpg,JPEG,224,224,1.0,0.37781432271003723,0.38548585772514343,0.2928512394428253,fe459e33d59731183080a2b005428483
Mentah,Master_Dataset\Mentah\DS1_C2_295_jpg.rf.53728c125f356e2803a45043dae176fd.jpg,DS1_C2_295_jpg.rf.53728c125f356e2803a45043dae176fd.jpg,JPEG,224,224,1.0,0.41627201437950134,0.4307423233985901,0.3347965478897095,cd33da1c4401337dc73090bb37fc62b3
Mentah,Master_Dataset\Mentah\DS1_C2_296_jpg.rf.024ed02f9d44b253bf60a3ca9b522e30.jpg,DS1_C2_296_jpg.rf.024ed02f9d44b253bf60a3ca9b522e30.jpg,JPEG,224,224,1.0,0.5057581663131714,0.45071685314178467,0.387621134519577,dbe53f03ebfcfed7702b061319ec6a41
Mentah,Master_Dataset\Mentah\DS1_C2_297_jpg.rf.dda38b81a5d2aa50b3333a538325cd6c.jpg,DS1_C2_297_jpg.rf.dda38b81a5d2aa50b3333a538325cd6c.jpg,JPEG,224,224,1.0,0.42265841364860535,0.4627884030342102,0.23182182013988495,dac8d8f43915fc7e6dce00e9ae8a284d
Mentah,Master_Dataset\Mentah\DS1_C2_298_jpg.rf.d5cedd867f893675aa6a09118717450d.jpg,DS1_C2_298_jpg.rf.d5cedd867f893675aa6a09118717450d.jpg,JPEG,224,224,1.0,0.5360276103019714,0.5754491686820984,0.2503076195716858,57f2082f0141f32d273664a237060a0d
Mentah,Master_Dataset\Mentah\DS1_C2_299_jpg.rf.fa14c54d0849d8514035cc3b899d7906.jpg,DS1_C2_299_jpg.rf.fa14c54d0849d8514035cc3b899d7906.jpg,JPEG,224,224,1.0,0.45765578746795654,0.4906894862651825,0.39682015776634216,a3625e116f1187cf99e48c5077339674
Mentah,Master_Dataset\Mentah\DS1_C2_300_jpg.rf.1c15f3dd7536dc826a0e09ac302748b4.jpg,DS1_C2_300_jpg.rf.1c15f3dd7536dc826a0e09ac302748b4.jpg,JPEG,224,224,1.0,0.4958978593349457,0.4845506250858307,0.27663442492485046,d72e569cf2fb968813bf102ad08cefb7
Mentah,Master_Dataset\Mentah\DS1_C2_301_jpg.rf.4bd54ca80eb154437861ab9f4b8e116b.jpg,DS1_C2_301_jpg.rf.4bd54ca80eb154437861ab9f4b8e116b.jpg,JPEG,224,224,1.0,0.4482150673866272,0.4592364728450775,0.3417918086051941,cc138759b5a108dc2a2090c239536dc8
Mentah,Master_Dataset\Mentah\DS1_C2_302_jpg.rf.cc77ef30caea2a57952756cafb5ed410.jpg,DS1_C2_302_jpg.rf.cc77ef30caea2a57952756cafb5ed410.jpg,JPEG,224,224,1.0,0.42786332964897156,0.4889378845691681,0.24245280027389526,bfb72f8028eca9ebfbffbf426f6be56a
Mentah,Master_Dataset\Mentah\DS1_C2_303_jpg.rf.53ee71e7e8cbb4d741260ecc6b09da97.jpg,DS1_C2_303_jpg.rf.53ee71e7e8cbb4d741260ecc6b09da97.jpg,JPEG,224,224,1.0,0.4666365385055542,0.45720747113227844,0.25064268708229065,dfd507f73e8b44dc6bd11cacc10d22a7
Mentah,Master_Dataset\Mentah\DS1_C2_304_jpg.rf.9080909f9cb5542c22a2560f3bac2173.jpg,DS1_C2_304_jpg.rf.9080909f9cb5542c22a2560f3bac2173.jpg,JPEG,224,224,1.0,0.4133467972278595,0.4037899076938629,0.28093603253364563,9f16968f56718fe9f28a61efe8fdad70
Mentah,Master_Dataset\Mentah\DS1_C2_305_jpg.rf.83614146dcc13fa5b15f6075610102c4.jpg,DS1_C2_305_jpg.rf.83614146dcc13fa5b15f6075610102c4.jpg,JPEG,224,224,1.0,0.4846267104148865,0.4816739559173584,0.3771250247955322,c8cd80cea12f6d9f080bfa3ff9d11cf1
Mentah,Master_Dataset\Mentah\DS1_C2_306_jpg.rf.148dc8a6d64debeae1e68e816aa29431.jpg,DS1_C2_306_jpg.rf.148dc8a6d64debeae1e68e816aa29431.jpg,JPEG,224,224,1.0,0.32034239172935486,0.36892169713974,0.21525147557258606,334ffcca0958a04d5346fb0e685556da
Mentah,Master_Dataset\Mentah\DS1_C2_307_jpg.rf.6a6563d529abbb7b7e077f3397a20342.jpg,DS1_C2_307_jpg.rf.6a6563d529abbb7b7e077f3397a20342.jpg,JPEG,224,224,1.0,0.4088410437107086,0.430367112159729,0.3328288495540619,10e72986aac8c2d340c38ec83ccb7db9
Mentah,Master_Dataset\Mentah\DS1_C2_308_jpg.rf.5db3ebabe9e26c1d7a42cc24753674c7.jpg,DS1_C2_308_jpg.rf.5db3ebabe9e26c1d7a42cc24753674c7.jpg,JPEG,224,224,1.0,0.538830578327179,0.5383583903312683,0.311911016702652,14f25d99398ddf6add42611ec87c89d2
Mentah,Master_Dataset\Mentah\DS1_C2_309_jpg.rf.2f1b423be7abf841577da6b028c874a0.jpg,DS1_C2_309_jpg.rf.2f1b423be7abf841577da6b028c874a0.jpg,JPEG,224,224,1.0,0.3903430104255676,0.35715773701667786,0.29285892844200134,8046890a9d2a04e0db1b10e07b507268
Mentah,Master_Dataset\Mentah\DS1_C2_310_jpg.rf.16db6e4f78ef1c6d480c9ef0666cd046.jpg,DS1_C2_310_jpg.rf.16db6e4f78ef1c6d480c9ef0666cd046.jpg,JPEG,224,224,1.0,0.45338693261146545,0.4452153742313385,0.41348060965538025,a3eb4fbcd86e55b02cdb6bd6481a9814
Mentah,Master_Dataset\Mentah\DS1_C2_311_jpg.rf.2d0c7da82f134025f724ca11dd652f83.jpg,DS1_C2_311_jpg.rf.2d0c7da82f134025f724ca11dd652f83.jpg,JPEG,224,224,1.0,0.41108977794647217,0.4330671429634094,0.30916765332221985,d99c4067204ef05cb76e636dd46fca41
Mentah,Master_Dataset\Mentah\DS1_C2_312_jpg.rf.02b52527468318df9ecc736ad785c896.jpg,DS1_C2_312_jpg.rf.02b52527468318df9ecc736ad785c896.jpg,JPEG,224,224,1.0,0.4523913562297821,0.4887641668319702,0.44847652316093445,a219a5085a3353e309c3a2ecc613d54f
Mentah,Master_Dataset\Mentah\DS1_C2_313_jpg.rf.26d4171d1c5c557afc85c14559356534.jpg,DS1_C2_313_jpg.rf.26d4171d1c5c557afc85c14559356534.jpg,JPEG,224,224,1.0,0.47566381096839905,0.5153192281723022,0.4496833086013794,9aed091e90388920e4bb348a81ec305b
Mentah,Master_Dataset\Mentah\DS1_C2_314_jpg.rf.cd32acc89e2c978ca949922c5c2769f1.jpg,DS1_C2_314_jpg.rf.cd32acc89e2c978ca949922c5c2769f1.jpg,JPEG,224,224,1.0,0.5903186202049255,0.5928452014923096,0.382634699344635,069f27c9311aff5f32ef37852d405268
Mentah,Master_Dataset\Mentah\DS1_C2_315_jpg.rf.8afed238b5b3e4e4226d6ae01ccfb94f.jpg,DS1_C2_315_jpg.rf.8afed238b5b3e4e4226d6ae01ccfb94f.jpg,JPEG,224,224,1.0,0.4993094205856323,0.4822903275489807,0.27779853343963623,79aceb35b3ad6dbb33ecce96714743d4
Mentah,Master_Dataset\Mentah\DS1_C2_316_jpg.rf.a2618613c9d81d1c5659f96e2cc8c20d.jpg,DS1_C2_316_jpg.rf.a2618613c9d81d1c5659f96e2cc8c20d.jpg,JPEG,224,224,1.0,0.42115187644958496,0.4676540195941925,0.25244495272636414,994e80d112723c5f7130b47b1965c5cb
Mentah,Master_Dataset\Mentah\DS1_C2_317_jpg.rf.ecaee610faa2b2866bedc448c6616743.jpg,DS1_C2_317_jpg.rf.ecaee610faa2b2866bedc448c6616743.jpg,JPEG,224,224,1.0,0.5815542340278625,0.5279086232185364,0.373587965965271,7eebaf9e5be85ae661b0965b0ceafb13
Mentah,Master_Dataset\Mentah\DS1_C2_318_jpg.rf.81bb1098ba492ef0edfc2c141f1fdd2e.jpg,DS1_C2_318_jpg.rf.81bb1098ba492ef0edfc2c141f1fdd2e.jpg,JPEG,224,224,1.0,0.5040964484214783,0.549952507019043,0.27120256423950195,da0521e237e43b6328eaa3f09057f267
Mentah,Master_Dataset\Mentah\DS1_C2_319_jpg.rf.dfb3bc3e392c51caccc6f12222a9fa85.jpg,DS1_C2_319_jpg.rf.dfb3bc3e392c51caccc6f12222a9fa85.jpg,JPEG,224,224,1.0,0.4755846858024597,0.4730614125728607,0.2821943461894989,d33f8b28d0e4789e441039fb12a1e7c9
Mentah,Master_Dataset\Mentah\DS1_C2_320_jpg.rf.23ee05e97575a54f2b0ca26d89298369.jpg,DS1_C2_320_jpg.rf.23ee05e97575a54f2b0ca26d89298369.jpg,JPEG,224,224,1.0,0.4844123423099518,0.5013166666030884,0.29616498947143555,8d3ce6843b2884abfdf0da0b736cd7ef
Mentah,Master_Dataset\Mentah\DS1_C2_321_jpg.rf.acefdc79ce5567980bbe9107e59c9b6e.jpg,DS1_C2_321_jpg.rf.acefdc79ce5567980bbe9107e59c9b6e.jpg,JPEG,224,224,1.0,0.5061871409416199,0.48140957951545715,0.300617516040802,eb0697338ce143a6c4cfe758cc424fd1
Mentah,Master_Dataset\Mentah\DS1_C2_322_jpg.rf.10dcea87f006630d8631d3fdd41980e3.jpg,DS1_C2_322_jpg.rf.10dcea87f006630d8631d3fdd41980e3.jpg,JPEG,224,224,1.0,0.516003429889679,0.4696103036403656,0.3165241777896881,0614150bc8c253887cc07b2fbaf44df8
Mentah,Master_Dataset\Mentah\DS1_C2_323_jpg.rf.839fb1395c5d1355f19cb7b09c94986e.jpg,DS1_C2_323_jpg.rf.839fb1395c5d1355f19cb7b09c94986e.jpg,JPEG,224,224,1.0,0.5218532681465149,0.5100022554397583,0.46931859850883484,9120b1ae6e60dc561157a3833b518618
Mentah,Master_Dataset\Mentah\DS1_C2_324_jpg.rf.080f460e958244a56789a6fdb920a15d.jpg,DS1_C2_324_jpg.rf.080f460e958244a56789a6fdb920a15d.jpg,JPEG,224,224,1.0,0.5032166242599487,0.5038386583328247,0.3229944705963135,ab54e564eddd8d76b98be9d5ed14f451
Mentah,Master_Dataset\Mentah\DS1_C2_325_jpg.rf.7a14a4b30ef0ca3a0b036153b62853ea.jpg,DS1_C2_325_jpg.rf.7a14a4b30ef0ca3a0b036153b62853ea.jpg,JPEG,224,224,1.0,0.5023825764656067,0.512222409248352,0.31486019492149353,1e7eb965d4f6c49ded27ec86bef96e1f
Mentah,Master_Dataset\Mentah\DS1_C2_326_jpg.rf.f670ac4d8fd44d5c96636f7b15511960.jpg,DS1_C2_326_jpg.rf.f670ac4d8fd44d5c96636f7b15511960.jpg,JPEG,224,224,1.0,0.4545678198337555,0.4661902189254761,0.3976305425167084,191a23869a93a33911589a172c724c9a
Mentah,Master_Dataset\Mentah\DS1_C2_327_jpg.rf.e86cc1f3fa1d0a3d0aacd050a1de5da5.jpg,DS1_C2_327_jpg.rf.e86cc1f3fa1d0a3d0aacd050a1de5da5.jpg,JPEG,224,224,1.0,0.46751299500465393,0.4586026966571808,0.3199627995491028,37651cc3417ee0d4fce475ba5c524288
Mentah,Master_Dataset\Mentah\DS1_C2_328_jpg.rf.d20c54fea82cf496004befd6ff93c5f1.jpg,DS1_C2_328_jpg.rf.d20c54fea82cf496004befd6ff93c5f1.jpg,JPEG,224,224,1.0,0.5304970741271973,0.5128441452980042,0.3313910663127899,83af6574b32eedd68eb0c378aba81afd
Mentah,Master_Dataset\Mentah\DS1_C2_329_jpg.rf.4d1879dc1ce507d2871dcbf7106a6fdc.jpg,DS1_C2_329_jpg.rf.4d1879dc1ce507d2871dcbf7106a6fdc.jpg,JPEG,224,224,1.0,0.4598904848098755,0.43195030093193054,0.42652520537376404,a9c965c5b37a3b7d077d7f188d12fb3c
Mentah,Master_Dataset\Mentah\DS1_C2_330_jpg.rf.7f7e4e08df8ab034e34d583bbfde1508.jpg,DS1_C2_330_jpg.rf.7f7e4e08df8ab034e34d583bbfde1508.jpg,JPEG,224,224,1.0,0.519723117351532,0.5073489546775818,0.4918484389781952,48449c6a2e6abbe3f36caeae245a290f
Mentah,Master_Dataset\Mentah\DS1_C2_331_jpg.rf.fa423c7f3ba67a5492750e9d38e88760.jpg,DS1_C2_331_jpg.rf.fa423c7f3ba67a5492750e9d38e88760.jpg,JPEG,224,224,1.0,0.5867720246315002,0.5077373385429382,0.34746965765953064,1e7254743d824df3c48afeb0546f9c72
Mentah,Master_Dataset\Mentah\DS1_C2_332_jpg.rf.9a3d15840a65d21ffeecb291b68d2f90.jpg,DS1_C2_332_jpg.rf.9a3d15840a65d21ffeecb291b68d2f90.jpg,JPEG,224,224,1.0,0.49864256381988525,0.4841488301753998,0.3192858099937439,26a44017a9c9bf84839efd48e38cdaa8
Mentah,Master_Dataset\Mentah\DS1_C2_333_jpg.rf.0fce6f8038aa471fcc4a72ee5e184a0c.jpg,DS1_C2_333_jpg.rf.0fce6f8038aa471fcc4a72ee5e184a0c.jpg,JPEG,224,224,1.0,0.48376956582069397,0.47399595379829407,0.3893311321735382,097f897598ab850c1cfbd14906211bcc
Mentah,Master_Dataset\Mentah\DS1_C2_334_jpg.rf.48f3a5e9f12e01925a756b6f80e8eaa3.jpg,DS1_C2_334_jpg.rf.48f3a5e9f12e01925a756b6f80e8eaa3.jpg,JPEG,224,224,1.0,0.43986451625823975,0.5038802027702332,0.2710683047771454,1be97b180be56117d0f6cfc9af92932e
Mentah,Master_Dataset\Mentah\DS1_C2_335_jpg.rf.f8b69a9a08e13ca30c6722fa4d5b51aa.jpg,DS1_C2_335_jpg.rf.f8b69a9a08e13ca30c6722fa4d5b51aa.jpg,JPEG,224,224,1.0,0.4776504933834076,0.4643474221229553,0.3781159222126007,b499ed787335a76b2d13659ede7d7da7
Mentah,Master_Dataset\Mentah\DS1_C2_336_jpg.rf.3f1cdfe6eed3a1fa77ab0affe2aae2ae.jpg,DS1_C2_336_jpg.rf.3f1cdfe6eed3a1fa77ab0affe2aae2ae.jpg,JPEG,224,224,1.0,0.513843297958374,0.5628364682197571,0.3065745234489441,9fd95b08ddcf8133833c969e65d1221b
Mentah,Master_Dataset\Mentah\DS1_C2_337_jpg.rf.569fddbc3c02b8568ac66b2792affb86.jpg,DS1_C2_337_jpg.rf.569fddbc3c02b8568ac66b2792affb86.jpg,JPEG,224,224,1.0,0.5099499821662903,0.5100029110908508,0.29022783041000366,0a7241a961b3bc79ba4d88f4a2b6939d
Mentah,Master_Dataset\Mentah\DS1_C2_338_jpg.rf.ba2d48939d7c2ff2a59364c2c2c99bda.jpg,DS1_C2_338_jpg.rf.ba2d48939d7c2ff2a59364c2c2c99bda.jpg,JPEG,224,224,1.0,0.4854778051376343,0.4965219795703888,0.3726651072502136,22bf6bf99ceb4fbe71a4ef1c9d2c1a85
Mentah,Master_Dataset\Mentah\DS1_C2_339_jpg.rf.c4fc887410b9b5a881d785398f842def.jpg,DS1_C2_339_jpg.rf.c4fc887410b9b5a881d785398f842def.jpg,JPEG,224,224,1.0,0.5202765464782715,0.5191080570220947,0.3214883804321289,b1ecd4ab1d24c02a140c61a8673fded3
Mentah,Master_Dataset\Mentah\DS1_C2_340_jpg.rf.3d1dacb439ca9619f4c4ef7206cec1b5.jpg,DS1_C2_340_jpg.rf.3d1dacb439ca9619f4c4ef7206cec1b5.jpg,JPEG,224,224,1.0,0.502685546875,0.49842727184295654,0.27796870470046997,e5f91bc0889af5c7504e75fff7179171
Mentah,Master_Dataset\Mentah\DS1_C2_341_jpg.rf.075cf1916db5a8aabe01de12dc0f8869.jpg,DS1_C2_341_jpg.rf.075cf1916db5a8aabe01de12dc0f8869.jpg,JPEG,224,224,1.0,0.4165267050266266,0.445130318403244,0.3134880065917969,8d505d420c7468567b54b5a66bff0730
Mentah,Master_Dataset\Mentah\DS1_C2_342_jpg.rf.2e43c0198b3b799835b429f3232736fb.jpg,DS1_C2_342_jpg.rf.2e43c0198b3b799835b429f3232736fb.jpg,JPEG,224,224,1.0,0.36747318506240845,0.39621710777282715,0.21311123669147491,9a0e6861a4528863b694730c6adef00a
Mentah,Master_Dataset\Mentah\DS1_C2_343_jpg.rf.3aac5898dd1c9ed790dafb45db52c796.jpg,DS1_C2_343_jpg.rf.3aac5898dd1c9ed790dafb45db52c796.jpg,JPEG,224,224,1.0,0.44098174571990967,0.4808163642883301,0.25679314136505127,908181e33cbfaae3da574aa81307468a
Mentah,Master_Dataset\Mentah\DS1_C2_344_jpg.rf.08c64b4ea35b3ffa7d981625edb3f867.jpg,DS1_C2_344_jpg.rf.08c64b4ea35b3ffa7d981625edb3f867.jpg,JPEG,224,224,1.0,0.5370079278945923,0.5151397585868835,0.3997655212879181,42d5f05bde550d0675f1f731cee32fa8
Mentah,Master_Dataset\Mentah\DS1_C2_345_jpg.rf.0f24893b3a0459be8ce9e9d781283c28.jpg,DS1_C2_345_jpg.rf.0f24893b3a0459be8ce9e9d781283c28.jpg,JPEG,224,224,1.0,0.5122796297073364,0.4685499668121338,0.2844533324241638,6b2a131c228b9f9ef48942d39c91c2b6
Mentah,Master_Dataset\Mentah\DS1_C2_346_jpg.rf.fb16276da47bf415fd59d20f49dbed91.jpg,DS1_C2_346_jpg.rf.fb16276da47bf415fd59d20f49dbed91.jpg,JPEG,224,224,1.0,0.41706809401512146,0.4165620803833008,0.3246787488460541,acd448910ed75556c525b57014c9d7e4
Mentah,Master_Dataset\Mentah\DS1_C2_347_jpg.rf.89b227373db724eb32f23218ddf45663.jpg,DS1_C2_347_jpg.rf.89b227373db724eb32f23218ddf45663.jpg,JPEG,224,224,1.0,0.47048017382621765,0.5144345164299011,0.2707309424877167,ee5d81eba40317b52505bd9f395e3532
Mentah,Master_Dataset\Mentah\DS1_C2_348_jpg.rf.db046f7ac5681232efed4cf72c76e884.jpg,DS1_C2_348_jpg.rf.db046f7ac5681232efed4cf72c76e884.jpg,JPEG,224,224,1.0,0.5970419645309448,0.5306437611579895,0.4471411108970642,59404abfd9e76aedfbe433bd2eba267b
Mentah,Master_Dataset\Mentah\DS1_C2_349_jpg.rf.40be84fd4555bb8e1fabe218970ea91a.jpg,DS1_C2_349_jpg.rf.40be84fd4555bb8e1fabe218970ea91a.jpg,JPEG,224,224,1.0,0.5907341837882996,0.570021390914917,0.4494369924068451,14547a949dd966b8df0e06a80925e1a8
Mentah,Master_Dataset\Mentah\DS1_C2_350_jpg.rf.62db0842682021406576a4768d19423b.jpg,DS1_C2_350_jpg.rf.62db0842682021406576a4768d19423b.jpg,JPEG,224,224,1.0,0.5379875898361206,0.5345420241355896,0.3443360924720764,415ad3f33d366271f030a0631be95882
Mentah,Master_Dataset\Mentah\DS1_C2_351_jpg.rf.0450e831501c5163b40e4b78b8b463bd.jpg,DS1_C2_351_jpg.rf.0450e831501c5163b40e4b78b8b463bd.jpg,JPEG,224,224,1.0,0.4822577238082886,0.492529958486557,0.3167678117752075,2422f0462928f40bc285a03fa225b78e
Mentah,Master_Dataset\Mentah\DS1_C2_352_jpg.rf.8097ea9f21234675053b809cf473eb2d.jpg,DS1_C2_352_jpg.rf.8097ea9f21234675053b809cf473eb2d.jpg,JPEG,224,224,1.0,0.4510990083217621,0.4701216518878937,0.28530120849609375,7ccec29d74127ad8ef3895c1f6d0ddfb
Mentah,Master_Dataset\Mentah\DS1_C2_353_jpg.rf.a9a7412b528e2514cdcc117325d48b5e.jpg,DS1_C2_353_jpg.rf.a9a7412b528e2514cdcc117325d48b5e.jpg,JPEG,224,224,1.0,0.5522522926330566,0.5081914663314819,0.3700447678565979,1c946429f9d24381f1ba372435c6808e
Mentah,Master_Dataset\Mentah\DS1_C2_354_jpg.rf.499cb8382651b0837df88e140f8f2ac6.jpg,DS1_C2_354_jpg.rf.499cb8382651b0837df88e140f8f2ac6.jpg,JPEG,224,224,1.0,0.46066269278526306,0.5016352534294128,0.30916112661361694,49e3a367c19192cbec3cbf6e7f08fa93
Mentah,Master_Dataset\Mentah\DS1_C2_355_jpg.rf.95775503c667f3633167dcb49ed26543.jpg,DS1_C2_355_jpg.rf.95775503c667f3633167dcb49ed26543.jpg,JPEG,224,224,1.0,0.5925572514533997,0.4894079566001892,0.3711041212081909,9f590de23ef47e5eb480e895e64e3a66
Mentah,Master_Dataset\Mentah\DS1_C2_356_jpg.rf.e2c76ce723fcb3023ec52f1a0caafd4e.jpg,DS1_C2_356_jpg.rf.e2c76ce723fcb3023ec52f1a0caafd4e.jpg,JPEG,224,224,1.0,0.5244019031524658,0.49920329451560974,0.330193430185318,caf536cbeb6546d7eafaa8b1680e78aa
Mentah,Master_Dataset\Mentah\DS1_C2_357_jpg.rf.d3e4a12978c258ea686518ee9fca1f7b.jpg,DS1_C2_357_jpg.rf.d3e4a12978c258ea686518ee9fca1f7b.jpg,JPEG,224,224,1.0,0.5245940685272217,0.46976718306541443,0.3632446825504303,b58e7a4f2a4a2ec9df4e22b9f3497308
Mentah,Master_Dataset\Mentah\DS1_C2_358_jpg.rf.2dfbd17e083f78bf0ed52be2ca84c2ad.jpg,DS1_C2_358_jpg.rf.2dfbd17e083f78bf0ed52be2ca84c2ad.jpg,JPEG,224,224,1.0,0.5236104130744934,0.5062347054481506,0.4914871156215668,5548300a984cab71d6055d6ba2ef682e
Mentah,Master_Dataset\Mentah\DS1_C2_359_jpg.rf.6541e03155a5d45743b25e5422f2cc87.jpg,DS1_C2_359_jpg.rf.6541e03155a5d45743b25e5422f2cc87.jpg,JPEG,224,224,1.0,0.43430429697036743,0.4384320080280304,0.2166958451271057,378de6f10aae0040d351cc57ef51d79d
Mentah,Master_Dataset\Mentah\DS1_C2_360_jpg.rf.ac88bda19446d95a8d7765cbc1b861ef.jpg,DS1_C2_360_jpg.rf.ac88bda19446d95a8d7765cbc1b861ef.jpg,JPEG,224,224,1.0,0.4692501127719879,0.45393607020378113,0.38091668486595154,dec1961c3f5b2504a29fdc618a194639
Mentah,Master_Dataset\Mentah\DS1_C2_361_jpg.rf.bb0b48b4163f82275c449aa51124b1ab.jpg,DS1_C2_361_jpg.rf.bb0b48b4163f82275c449aa51124b1ab.jpg,JPEG,224,224,1.0,0.41951343417167664,0.47195199131965637,0.27123212814331055,75d1f52932cd21cd8f1531aed2147c49
Mentah,Master_Dataset\Mentah\DS1_C2_362_jpg.rf.1dc17d050faf304a820eaba39d1070a0.jpg,DS1_C2_362_jpg.rf.1dc17d050faf304a820eaba39d1070a0.jpg,JPEG,224,224,1.0,0.46804067492485046,0.5109509229660034,0.26112574338912964,845cfa329535c867b13a7f9936eeaa6d
Mentah,Master_Dataset\Mentah\DS1_C2_363_jpg.rf.6845b070311eb6e682d86848b55a4648.jpg,DS1_C2_363_jpg.rf.6845b070311eb6e682d86848b55a4648.jpg,JPEG,224,224,1.0,0.37431609630584717,0.39298215508461,0.228608176112175,b72074ec37295f249df6f886e659c275
Mentah,Master_Dataset\Mentah\DS1_C2_364_jpg.rf.a2942b719492193a03b79a889b269874.jpg,DS1_C2_364_jpg.rf.a2942b719492193a03b79a889b269874.jpg,JPEG,224,224,1.0,0.46851733326911926,0.4443502426147461,0.4296709895133972,9a438a4f72961cc580dd2a82e693f243
Mentah,Master_Dataset\Mentah\DS1_C2_365_jpg.rf.bf4695fa1327ef1e4bc26e8ec6129e99.jpg,DS1_C2_365_jpg.rf.bf4695fa1327ef1e4bc26e8ec6129e99.jpg,JPEG,224,224,1.0,0.4516163170337677,0.5286111235618591,0.26186853647232056,5949f246cedb6e5a04edcdcb5acf83a4
Mentah,Master_Dataset\Mentah\DS1_C2_366_jpg.rf.7673a0f0cd6f0edecc5f8167a6fb3a07.jpg,DS1_C2_366_jpg.rf.7673a0f0cd6f0edecc5f8167a6fb3a07.jpg,JPEG,224,224,1.0,0.44142061471939087,0.49152982234954834,0.235536590218544,931563661a333854a131dc8998baa585
Mentah,Master_Dataset\Mentah\DS1_C2_367_jpg.rf.3a83a1bb1eba1848c6aafcc86071bbf7.jpg,DS1_C2_367_jpg.rf.3a83a1bb1eba1848c6aafcc86071bbf7.jpg,JPEG,224,224,1.0,0.5805490016937256,0.46360281109809875,0.3696352541446686,1a1c2a0b7501246f5dace04ae908558f
Mentah,Master_Dataset\Mentah\DS1_C2_368_jpg.rf.8d44359b5faa407ed9629008c47f54cd.jpg,DS1_C2_368_jpg.rf.8d44359b5faa407ed9629008c47f54cd.jpg,JPEG,224,224,1.0,0.46614721417427063,0.4737803637981415,0.3566427528858185,ca461a90943fc41ad4f21c8bcbad2126
Mentah,Master_Dataset\Mentah\DS1_C2_369_jpg.rf.4b3abe8e807d25962ab3897341d81613.jpg,DS1_C2_369_jpg.rf.4b3abe8e807d25962ab3897341d81613.jpg,JPEG,224,224,1.0,0.7394337058067322,0.6273828148841858,0.5173478722572327,27288b230eb6f6cd3fdca12ac3e8fbbf
Mentah,Master_Dataset\Mentah\DS1_C2_370_jpg.rf.51b48ca4a0a4a38b0980f1765ed5c0c2.jpg,DS1_C2_370_jpg.rf.51b48ca4a0a4a38b0980f1765ed5c0c2.jpg,JPEG,224,224,1.0,0.5157479643821716,0.4807235300540924,0.31099602580070496,df0b14c1468687ef1e20cf778426d439
Mentah,Master_Dataset\Mentah\DS1_C2_371_jpg.rf.d8c26fb48f866c8c2e7f6a95b0f6d0c1.jpg,DS1_C2_371_jpg.rf.d8c26fb48f866c8c2e7f6a95b0f6d0c1.jpg,JPEG,224,224,1.0,0.5939993858337402,0.6010146737098694,0.45553991198539734,498d7d466b4fedfadebc5ac8d6717e3c
Mentah,Master_Dataset\Mentah\DS1_C2_372_jpg.rf.3bfab33dba805aae539c66d4cf3c4a09.jpg,DS1_C2_372_jpg.rf.3bfab33dba805aae539c66d4cf3c4a09.jpg,JPEG,224,224,1.0,0.5062998533248901,0.4908496141433716,0.302195280790329,6a5d7e7374bf90336255e5b877aee089
Mentah,Master_Dataset\Mentah\DS1_C2_373_jpg.rf.2bbb14ac11c925dcb927a0698fd6dee5.jpg,DS1_C2_373_jpg.rf.2bbb14ac11c925dcb927a0698fd6dee5.jpg,JPEG,224,224,1.0,0.5163781046867371,0.49099549651145935,0.49490886926651,6564004e2b9e87fb92a1881cfebb0aa3
Mentah,Master_Dataset\Mentah\DS1_C2_374_jpg.rf.eb198d88a3f6e6ea9654f646d504ddad.jpg,DS1_C2_374_jpg.rf.eb198d88a3f6e6ea9654f646d504ddad.jpg,JPEG,224,224,1.0,0.537290632724762,0.5354431867599487,0.4089140295982361,19d2ecb9bc89f19bbbfb03244d983173
Mentah,Master_Dataset\Mentah\DS1_C2_375_jpg.rf.1c82fc332a919f3277b12137f5914b74.jpg,DS1_C2_375_jpg.rf.1c82fc332a919f3277b12137f5914b74.jpg,JPEG,224,224,1.0,0.5007275342941284,0.5230678915977478,0.49868306517601013,cdb8a2ee6b7fa0ecad9ff2155de2a6d3
Mentah,Master_Dataset\Mentah\DS1_C2_376_jpg.rf.22a897d98cbf801ca2c333e866ecfad5.jpg,DS1_C2_376_jpg.rf.22a897d98cbf801ca2c333e866ecfad5.jpg,JPEG,224,224,1.0,0.30427083373069763,0.3461216986179352,0.26521798968315125,81c2acbc27410a04d90f81e58ca7722b
Mentah,Master_Dataset\Mentah\DS1_C2_377_jpg.rf.e5216d2f545379a07d6d97e9b5b946d0.jpg,DS1_C2_377_jpg.rf.e5216d2f545379a07d6d97e9b5b946d0.jpg,JPEG,224,224,1.0,0.4738568365573883,0.526829719543457,0.26035836338996887,d48f5d10f9d263cecd0f968097a88fac
Mentah,Master_Dataset\Mentah\DS1_C2_378_jpg.rf.556a45f7da3492a449b38b478d515ab8.jpg,DS1_C2_378_jpg.rf.556a45f7da3492a449b38b478d515ab8.jpg,JPEG,224,224,1.0,0.48307448625564575,0.4728931188583374,0.2629196345806122,653ce24add3c8c3699a687a7354acccb
Mentah,Master_Dataset\Mentah\DS1_C2_379_jpg.rf.6323ea3ae1dec6725cdebc522bbab5cc.jpg,DS1_C2_379_jpg.rf.6323ea3ae1dec6725cdebc522bbab5cc.jpg,JPEG,224,224,1.0,0.38747185468673706,0.44864621758461,0.3374135196208954,75a7878563d03dffde3fe2c613d1186e
Mentah,Master_Dataset\Mentah\DS1_C2_380_jpg.rf.b9e62bdfffbdf0e30702f240285cda68.jpg,DS1_C2_380_jpg.rf.b9e62bdfffbdf0e30702f240285cda68.jpg,JPEG,224,224,1.0,0.45030122995376587,0.49276748299598694,0.37494608759880066,7797b2a816423895d7566c5700baa876
Mentah,Master_Dataset\Mentah\DS1_C2_381_jpg.rf.6179440bfc4bb2325874bc7a3e63ebdf.jpg,DS1_C2_381_jpg.rf.6179440bfc4bb2325874bc7a3e63ebdf.jpg,JPEG,224,224,1.0,0.5208911895751953,0.5132399797439575,0.41439729928970337,86065f9b8c176de5c113c7918707668f
Mentah,Master_Dataset\Mentah\DS1_C2_382_jpg.rf.9a44ac6d413fe9a544ef7c8f388111da.jpg,DS1_C2_382_jpg.rf.9a44ac6d413fe9a544ef7c8f388111da.jpg,JPEG,224,224,1.0,0.5351492166519165,0.507356584072113,0.3428446054458618,bfa928a6b147ed7daf844833e935a985
Mentah,Master_Dataset\Mentah\DS1_C2_383_jpg.rf.b08bd482f02bbff9b23209643f80176d.jpg,DS1_C2_383_jpg.rf.b08bd482f02bbff9b23209643f80176d.jpg,JPEG,224,224,1.0,0.429912269115448,0.45477014780044556,0.1771429181098938,8b90c6323af9dfa909b91dcc0e3532a8
Mentah,Master_Dataset\Mentah\DS1_C2_384_jpg.rf.c07fad194bfd10768b00b4ba7f56310c.jpg,DS1_C2_384_jpg.rf.c07fad194bfd10768b00b4ba7f56310c.jpg,JPEG,224,224,1.0,0.4707687497138977,0.4674283266067505,0.39438295364379883,41cec4713e5283e73fa02815710f2c91
Mentah,Master_Dataset\Mentah\DS1_C2_385_jpg.rf.4d6990d66e18cd18701e9f1fd1d118e3.jpg,DS1_C2_385_jpg.rf.4d6990d66e18cd18701e9f1fd1d118e3.jpg,JPEG,224,224,1.0,0.4485284090042114,0.5284735560417175,0.29404565691947937,02c3ffe0d4ff78005789d7faec102a47
Mentah,Master_Dataset\Mentah\DS1_C2_386_jpg.rf.c67a94e27e8177a5ca9def448e28fdd5.jpg,DS1_C2_386_jpg.rf.c67a94e27e8177a5ca9def448e28fdd5.jpg,JPEG,224,224,1.0,0.4895484745502472,0.49850165843963623,0.4690362811088562,cf3fae068909dcdc3a26717a074aecfa
Mentah,Master_Dataset\Mentah\DS1_C2_387_jpg.rf.568702ecaa1c93df1073d90ad7675c36.jpg,DS1_C2_387_jpg.rf.568702ecaa1c93df1073d90ad7675c36.jpg,JPEG,224,224,1.0,0.416474848985672,0.47895386815071106,0.21823394298553467,b95619e7f76d3a2ff36fda4288cd6467
Mentah,Master_Dataset\Mentah\DS1_C2_388_jpg.rf.62106e419329cc6ef26c357aeac694b7.jpg,DS1_C2_388_jpg.rf.62106e419329cc6ef26c357aeac694b7.jpg,JPEG,224,224,1.0,0.5580512881278992,0.49980953335762024,0.3618212640285492,6f99419c97865222fca60d97d854325f
Mentah,Master_Dataset\Mentah\DS1_C2_389_jpg.rf.f17d933cb874dae8fefa68a54760b598.jpg,DS1_C2_389_jpg.rf.f17d933cb874dae8fefa68a54760b598.jpg,JPEG,224,224,1.0,0.5934188961982727,0.5110626220703125,0.3335287570953369,d43ba3c6c9d538c70bfc0f47b23fcf58
Mentah,Master_Dataset\Mentah\DS1_C2_390_jpg.rf.dd64e55f5c637ef447723aededc649d9.jpg,DS1_C2_390_jpg.rf.dd64e55f5c637ef447723aededc649d9.jpg,JPEG,224,224,1.0,0.5047056674957275,0.5207574367523193,0.5006991028785706,5cef7a9f724b2859db6ab6abc6423986
Mentah,Master_Dataset\Mentah\DS1_C2_391_jpg.rf.f2872df420b1e88c0c125863f3919b87.jpg,DS1_C2_391_jpg.rf.f2872df420b1e88c0c125863f3919b87.jpg,JPEG,224,224,1.0,0.47206759452819824,0.47001245617866516,0.28936827182769775,73fdc4841eafeeb583441773e90d65b5
Mentah,Master_Dataset\Mentah\DS1_C2_392_jpg.rf.b3877fa55709e7ddbc37b7f947e3da25.jpg,DS1_C2_392_jpg.rf.b3877fa55709e7ddbc37b7f947e3da25.jpg,JPEG,224,224,1.0,0.43093013763427734,0.44927796721458435,0.2429240345954895,0134d2fefa200786b075c8c2aede5893
Mentah,Master_Dataset\Mentah\DS1_C2_393_jpg.rf.8488a8d4fa3de3a14090e0e51818826b.jpg,DS1_C2_393_jpg.rf.8488a8d4fa3de3a14090e0e51818826b.jpg,JPEG,224,224,1.0,0.4015495479106903,0.4520866274833679,0.28208115696907043,23cc83fc86e6b6b91676005282d072b9
Mentah,Master_Dataset\Mentah\DS1_C2_394_jpg.rf.53bd2a775e620ca44955f71cb9aefe2d.jpg,DS1_C2_394_jpg.rf.53bd2a775e620ca44955f71cb9aefe2d.jpg,JPEG,224,224,1.0,0.5110121965408325,0.5033857822418213,0.32465118169784546,3eedea6b4a98074c081333c47a708cea
Mentah,Master_Dataset\Mentah\DS1_C2_395_jpg.rf.b9019549b76b3b63ff96309ba6d0b85b.jpg,DS1_C2_395_jpg.rf.b9019549b76b3b63ff96309ba6d0b85b.jpg,JPEG,224,224,1.0,0.49690747261047363,0.4544840157032013,0.413118451833725,bcd5187e81ee0fd92e98032cf6282695
Mentah,Master_Dataset\Mentah\DS1_C2_396_jpg.rf.a4f5307094e5ebe97885c1052072e375.jpg,DS1_C2_396_jpg.rf.a4f5307094e5ebe97885c1052072e375.jpg,JPEG,224,224,1.0,0.5074329972267151,0.5372869968414307,0.4122309982776642,10efcaf7175f2e605abe61ef63b19174
Mentah,Master_Dataset\Mentah\DS1_C2_397_jpg.rf.28e38e015a78f392433bedf5d07f98e3.jpg,DS1_C2_397_jpg.rf.28e38e015a78f392433bedf5d07f98e3.jpg,JPEG,224,224,1.0,0.564815104007721,0.5202953815460205,0.3296261131763458,1b90ad6ea9b959d64bf683b45517993b
Mentah,Master_Dataset\Mentah\DS1_C2_398_jpg.rf.d73519f8001b7de0e695629d1bb0997d.jpg,DS1_C2_398_jpg.rf.d73519f8001b7de0e695629d1bb0997d.jpg,JPEG,224,224,1.0,0.42360809445381165,0.40741264820098877,0.4017891585826874,f8de39d6bac09ad3b71a57d103e6e596
Mentah,Master_Dataset\Mentah\DS1_C2_399_jpg.rf.28bbdc555242665e3a67702c4dc7bb4b.jpg,DS1_C2_399_jpg.rf.28bbdc555242665e3a67702c4dc7bb4b.jpg,JPEG,224,224,1.0,0.42329564690589905,0.45829465985298157,0.23923374712467194,08ab7c6edc7a53ba7370c32875ebd949
Mentah,Master_Dataset\Mentah\DS1_C2_400_jpg.rf.7c0e7ed32ae827eb6faecf21188c4e23.jpg,DS1_C2_400_jpg.rf.7c0e7ed32ae827eb6faecf21188c4e23.jpg,JPEG,224,224,1.0,0.42289304733276367,0.46552181243896484,0.22990237176418304,11fe99fd26fa6578c297ee1fd6cee318
Mentah,Master_Dataset\Mentah\DS1_C2_401_jpg.rf.193972d8797900afc6727b02f16d4da6.jpg,DS1_C2_401_jpg.rf.193972d8797900afc6727b02f16d4da6.jpg,JPEG,224,224,1.0,0.4529423415660858,0.4694769084453583,0.24234037101268768,721d4827cf07899b5ce64e1d75721919
Mentah,Master_Dataset\Mentah\DS1_C2_402_jpg.rf.8ff2b53a30e45bdffbd6e7c8c70eeecf.jpg,DS1_C2_402_jpg.rf.8ff2b53a30e45bdffbd6e7c8c70eeecf.jpg,JPEG,224,224,1.0,0.44412487745285034,0.5035332441329956,0.3004363477230072,d72b80eeddfdc28f362ef55a42c6957b
Mentah,Master_Dataset\Mentah\DS1_C2_403_jpg.rf.cf6b09d1c78f930b778709e94e16b701.jpg,DS1_C2_403_jpg.rf.cf6b09d1c78f930b778709e94e16b701.jpg,JPEG,224,224,1.0,0.470040887594223,0.4391503930091858,0.28756147623062134,c8306794c3f106934030df3be2f6e553
Mentah,Master_Dataset\Mentah\DS1_C2_404_jpg.rf.a831f36c39941d2e04cf4f170511b025.jpg,DS1_C2_404_jpg.rf.a831f36c39941d2e04cf4f170511b025.jpg,JPEG,224,224,1.0,0.4171830415725708,0.42963191866874695,0.3654398024082184,1503be6230f803efea68237a5e849182
Mentah,Master_Dataset\Mentah\DS1_C2_405_jpg.rf.878d09abd3635c6e6da319575a439f86.jpg,DS1_C2_405_jpg.rf.878d09abd3635c6e6da319575a439f86.jpg,JPEG,224,224,1.0,0.4903741180896759,0.46403926610946655,0.3996528089046478,78503705ab88f35d1c8f674cecf0cea3
Mentah,Master_Dataset\Mentah\DS1_C2_406_jpg.rf.95dca59c0317c5b1063bcb443dca42f7.jpg,DS1_C2_406_jpg.rf.95dca59c0317c5b1063bcb443dca42f7.jpg,JPEG,224,224,1.0,0.6019284725189209,0.5785160660743713,0.40491437911987305,79739c0f4aec9b1993fa7f9e8688bcc2
Mentah,Master_Dataset\Mentah\DS1_C2_407_jpg.rf.23d542025cc376a95e403a987a187ccd.jpg,DS1_C2_407_jpg.rf.23d542025cc376a95e403a987a187ccd.jpg,JPEG,224,224,1.0,0.614399254322052,0.5306257605552673,0.4186353087425232,b3e658db836fc964913b8681a0f58922
Mentah,Master_Dataset\Mentah\DS1_C2_408_jpg.rf.2405c9a0b788cd4ace0e0859f03a8cbd.jpg,DS1_C2_408_jpg.rf.2405c9a0b788cd4ace0e0859f03a8cbd.jpg,JPEG,224,224,1.0,0.4282415211200714,0.45867496728897095,0.4111301898956299,058162160b96110268929234e5cd8708
Mentah,Master_Dataset\Mentah\DS1_C2_409_jpg.rf.fa520de72a613acd036e19b7ade22982.jpg,DS1_C2_409_jpg.rf.fa520de72a613acd036e19b7ade22982.jpg,JPEG,224,224,1.0,0.4954180121421814,0.47617965936660767,0.4542263150215149,fad4ea5aeb817da6cb8c486d8ea228bb
Mentah,Master_Dataset\Mentah\DS1_C2_410_jpg.rf.dd476effe8993cbec4f09687adb64d83.jpg,DS1_C2_410_jpg.rf.dd476effe8993cbec4f09687adb64d83.jpg,JPEG,224,224,1.0,0.44089609384536743,0.42385298013687134,0.4181409180164337,c7b5bbbaada2da08f43b0cac58e2cab9
Mentah,Master_Dataset\Mentah\DS1_C2_411_jpg.rf.5a345f84daac1c9edf79df3eb0d442b0.jpg,DS1_C2_411_jpg.rf.5a345f84daac1c9edf79df3eb0d442b0.jpg,JPEG,224,224,1.0,0.4410077929496765,0.44911304116249084,0.26733091473579407,ee6e3bbb9a9160bd25b2cf8830cb34b8
Mentah,Master_Dataset\Mentah\DS1_C2_412_jpg.rf.da6bff383099756074c10d8ff21b19c8.jpg,DS1_C2_412_jpg.rf.da6bff383099756074c10d8ff21b19c8.jpg,JPEG,224,224,1.0,0.49730491638183594,0.46657314896583557,0.2837863564491272,2b415c5678dfc4d404abad4d07fcc703
Mentah,Master_Dataset\Mentah\DS1_C2_413_jpg.rf.eb1ec68ad8f65af5b216a4c68e5552dc.jpg,DS1_C2_413_jpg.rf.eb1ec68ad8f65af5b216a4c68e5552dc.jpg,JPEG,224,224,1.0,0.4240235388278961,0.4084523022174835,0.3070921003818512,a422e6a87561f33e299240d24657ed14
Mentah,Master_Dataset\Mentah\DS1_C2_414_jpg.rf.e4abdc7e8763ceacfe055c36087ceb50.jpg,DS1_C2_414_jpg.rf.e4abdc7e8763ceacfe055c36087ceb50.jpg,JPEG,224,224,1.0,0.5108411312103271,0.5141733288764954,0.49237799644470215,b9788f55fbef42ad3ad04ff324664c51
Mentah,Master_Dataset\Mentah\DS1_C2_415_jpg.rf.81dcde4ea7087a65af9f204989eab221.jpg,DS1_C2_415_jpg.rf.81dcde4ea7087a65af9f204989eab221.jpg,JPEG,224,224,1.0,0.5074754357337952,0.48897022008895874,0.3296773135662079,347c6c2991bf467373780c97ddf58ff4
Mentah,Master_Dataset\Mentah\DS1_C2_416_jpg.rf.bfc2fb8021fd1e1a0f3d2670f2c717c4.jpg,DS1_C2_416_jpg.rf.bfc2fb8021fd1e1a0f3d2670f2c717c4.jpg,JPEG,224,224,1.0,0.5620401501655579,0.49762076139450073,0.34783968329429626,ece4de9145eb87a6181f08e30efe2d00
Mentah,Master_Dataset\Mentah\DS1_C2_417_jpg.rf.e824b34160c1a1e5a5ea6e42d67b8d8a.jpg,DS1_C2_417_jpg.rf.e824b34160c1a1e5a5ea6e42d67b8d8a.jpg,JPEG,224,224,1.0,0.4270877242088318,0.39647477865219116,0.3281160295009613,a84926644d491ccd3743041ecab8b36d
Mentah,Master_Dataset\Mentah\DS1_C2_418_jpg.rf.1ed1e92230f474b94835b66a44e3e6ec.jpg,DS1_C2_418_jpg.rf.1ed1e92230f474b94835b66a44e3e6ec.jpg,JPEG,224,224,1.0,0.4226846992969513,0.44483324885368347,0.27226150035858154,8978e68ba96012dfc261e5364e6eaf33
Mentah,Master_Dataset\Mentah\DS1_C2_419_jpg.rf.078e857ea39213583a1c1bf360081a06.jpg,DS1_C2_419_jpg.rf.078e857ea39213583a1c1bf360081a06.jpg,JPEG,224,224,1.0,0.44012805819511414,0.46993786096572876,0.2380979359149933,86984d679bb9aca97da33356b2700359
Mentah,Master_Dataset\Mentah\DS1_C2_420_jpg.rf.72c90d7ea5621f46198379473b349dfa.jpg,DS1_C2_420_jpg.rf.72c90d7ea5621f46198379473b349dfa.jpg,JPEG,224,224,1.0,0.5147219300270081,0.5019761919975281,0.34525802731513977,4d125867f2d309da5892aebb438dba7e
Mentah,Master_Dataset\Mentah\DS1_C2_421_jpg.rf.54e046947b829077cd183bb6103da8c1.jpg,DS1_C2_421_jpg.rf.54e046947b829077cd183bb6103da8c1.jpg,JPEG,224,224,1.0,0.5859260559082031,0.5089660286903381,0.3586257994174957,51c00ae6c312c4e57ab00af1970a0e85
Mentah,Master_Dataset\Mentah\DS1_C2_422_jpg.rf.974f3f3c9b4e9c7e4abbda2ab8632a37.jpg,DS1_C2_422_jpg.rf.974f3f3c9b4e9c7e4abbda2ab8632a37.jpg,JPEG,224,224,1.0,0.4735911786556244,0.4780662953853607,0.302654504776001,82a0e7b654127f86af900fd362544b35
Mentah,Master_Dataset\Mentah\DS1_C2_423_jpg.rf.3326720310f2058dd205351aa0476234.jpg,DS1_C2_423_jpg.rf.3326720310f2058dd205351aa0476234.jpg,JPEG,224,224,1.0,0.37524932622909546,0.4016759395599365,0.3103468716144562,4429b786dc76215257b87744bc831642
Mentah,Master_Dataset\Mentah\DS1_C2_424_jpg.rf.af95c3613359b627136b6f42f600ff19.jpg,DS1_C2_424_jpg.rf.af95c3613359b627136b6f42f600ff19.jpg,JPEG,224,224,1.0,0.4282147288322449,0.4265098571777344,0.35708749294281006,0b7cb9e4ae044cab31b7fc9f4d051200
Mentah,Master_Dataset\Mentah\DS1_C2_425_jpg.rf.c7e9dc41cf06086b4b66f4e754d962a0.jpg,DS1_C2_425_jpg.rf.c7e9dc41cf06086b4b66f4e754d962a0.jpg,JPEG,224,224,1.0,0.4918891489505768,0.4880828261375427,0.3092550039291382,cd3c266f8c0246ea5ca1b3738dcaabc2
Mentah,Master_Dataset\Mentah\DS1_C2_426_jpg.rf.a4773feb10b7df529964310aac072be7.jpg,DS1_C2_426_jpg.rf.a4773feb10b7df529964310aac072be7.jpg,JPEG,224,224,1.0,0.424074649810791,0.40620720386505127,0.34478816390037537,b19de23b64a57ef196de0203e2cae3ff
Mentah,Master_Dataset\Mentah\DS1_C2_427_jpg.rf.33d775ee5a31f9cc3aa16f33a15d7253.jpg,DS1_C2_427_jpg.rf.33d775ee5a31f9cc3aa16f33a15d7253.jpg,JPEG,224,224,1.0,0.5762569904327393,0.5176703929901123,0.44840294122695923,5792d5514d19e37592f8b019f9c2b8db
Mentah,Master_Dataset\Mentah\DS1_C2_428_jpg.rf.6b064cf439f04befbf8e30dbfd612bb3.jpg,DS1_C2_428_jpg.rf.6b064cf439f04befbf8e30dbfd612bb3.jpg,JPEG,224,224,1.0,0.585610568523407,0.506252110004425,0.3934791088104248,dae3e4bf8c0c199ff1a5c1ce45bd4154
Mentah,Master_Dataset\Mentah\DS1_C2_429_jpg.rf.c6469870abaee8dc2dfa32d3755453de.jpg,DS1_C2_429_jpg.rf.c6469870abaee8dc2dfa32d3755453de.jpg,JPEG,224,224,1.0,0.6645861268043518,0.5609217882156372,0.44522467255592346,07afbd859cb8e97b4707a2175b2c7bc6
Mentah,Master_Dataset\Mentah\DS1_C2_430_jpg.rf.3ec54caa82a43e64fb17bcd25263086a.jpg,DS1_C2_430_jpg.rf.3ec54caa82a43e64fb17bcd25263086a.jpg,JPEG,224,224,1.0,0.5639284253120422,0.5933337211608887,0.27200374007225037,4ccdbc27fe1450d5fea313151386dac5
Mentah,Master_Dataset\Mentah\DS1_C2_431_jpg.rf.84ca1cc8c4d0b03bf761925a0ae295fd.jpg,DS1_C2_431_jpg.rf.84ca1cc8c4d0b03bf761925a0ae295fd.jpg,JPEG,224,224,1.0,0.48853278160095215,0.47546350955963135,0.27997711300849915,bcab9d7709e9c736f11b834da8416f1f
Mentah,Master_Dataset\Mentah\DS1_C2_432_jpg.rf.fcdcb1ddaea970594a9e58fadd07cfea.jpg,DS1_C2_432_jpg.rf.fcdcb1ddaea970594a9e58fadd07cfea.jpg,JPEG,224,224,1.0,0.5709659457206726,0.5078729391098022,0.3520878255367279,ac1430817f42de5ae1182d3b03e83f36
Mentah,Master_Dataset\Mentah\DS1_C2_433_jpg.rf.dbd1f485722590ee485948cae2d8a2f4.jpg,DS1_C2_433_jpg.rf.dbd1f485722590ee485948cae2d8a2f4.jpg,JPEG,224,224,1.0,0.5071641206741333,0.49396103620529175,0.30484554171562195,5d346e0b8d57fd2e46f4a12ef3f56092
Mentah,Master_Dataset\Mentah\DS1_C2_434_jpg.rf.d5c0eb0a593810c27b6d4d3045652080.jpg,DS1_C2_434_jpg.rf.d5c0eb0a593810c27b6d4d3045652080.jpg,JPEG,224,224,1.0,0.37243542075157166,0.36227354407310486,0.2889690101146698,572ad51ab47587f8b602ed71ba1d867a
Mentah,Master_Dataset\Mentah\DS1_C2_435_jpg.rf.2f3b605fe9651e1ed1b1125c18711b01.jpg,DS1_C2_435_jpg.rf.2f3b605fe9651e1ed1b1125c18711b01.jpg,JPEG,224,224,1.0,0.4541205167770386,0.4833357036113739,0.2703772187232971,8313c6408d0e36e9b668dc03213cdbbc
Mentah,Master_Dataset\Mentah\DS1_C2_436_jpg.rf.05fda87035bfa194dae25413b8cf6c4a.jpg,DS1_C2_436_jpg.rf.05fda87035bfa194dae25413b8cf6c4a.jpg,JPEG,224,224,1.0,0.4847200810909271,0.49514901638031006,0.26914292573928833,15e019f45e79b16b5150319a0af70b66
Mentah,Master_Dataset\Mentah\DS1_C2_437_jpg.rf.63c82b1773fec427192f0e6f0c67f6be.jpg,DS1_C2_437_jpg.rf.63c82b1773fec427192f0e6f0c67f6be.jpg,JPEG,224,224,1.0,0.47406697273254395,0.5327144265174866,0.26139676570892334,3e08ded5a1912ae25f312fdad7e8d171
Mentah,Master_Dataset\Mentah\DS1_C2_438_jpg.rf.0e123653718806191c062f8a3fc77359.jpg,DS1_C2_438_jpg.rf.0e123653718806191c062f8a3fc77359.jpg,JPEG,224,224,1.0,0.4996337294578552,0.5544515252113342,0.30795446038246155,8c2aa1fe5fc592d62e1d55d7650d2a18
Mentah,Master_Dataset\Mentah\DS1_C2_439_jpg.rf.8bf2d708143d9364220fdb0c1979d074.jpg,DS1_C2_439_jpg.rf.8bf2d708143d9364220fdb0c1979d074.jpg,JPEG,224,224,1.0,0.3662013113498688,0.41215866804122925,0.18405601382255554,ebd6742dcfe94a82957e29f71d93016b
Mentah,Master_Dataset\Mentah\DS1_C2_440_jpg.rf.fd18a945986f1c5d20efacc9c9402327.jpg,DS1_C2_440_jpg.rf.fd18a945986f1c5d20efacc9c9402327.jpg,JPEG,224,224,1.0,0.4887450635433197,0.5297304391860962,0.22253809869289398,b093ddb9ef4888f8cd4a8434154dfcf8
Mentah,Master_Dataset\Mentah\DS1_C2_441_jpg.rf.36e569d9641d14b310ad0ebb55cae8e9.jpg,DS1_C2_441_jpg.rf.36e569d9641d14b310ad0ebb55cae8e9.jpg,JPEG,224,224,1.0,0.34361132979393005,0.4067247807979584,0.20748034119606018,431b9e6fb3c0c18ed384d6e4706b42b7
Mentah,Master_Dataset\Mentah\DS1_C2_442_jpg.rf.adc4c2dd61ca43c61a6d1f78346e789f.jpg,DS1_C2_442_jpg.rf.adc4c2dd61ca43c61a6d1f78346e789f.jpg,JPEG,224,224,1.0,0.46705660223960876,0.45370662212371826,0.40631645917892456,f0c52dfc474bd81f60817a50d061b04e
Mentah,Master_Dataset\Mentah\DS1_C2_443_jpg.rf.3e1189676a1d5f47481ab0679eb72989.jpg,DS1_C2_443_jpg.rf.3e1189676a1d5f47481ab0679eb72989.jpg,JPEG,224,224,1.0,0.609946072101593,0.5406848192214966,0.40021854639053345,c61de5e0f775734faa7de7fdb91beb6b
Mentah,Master_Dataset\Mentah\DS1_C2_444_jpg.rf.5042643e02bcccb94e042d5ed04b15ac.jpg,DS1_C2_444_jpg.rf.5042643e02bcccb94e042d5ed04b15ac.jpg,JPEG,224,224,1.0,0.5649526119232178,0.5444685816764832,0.4309973418712616,c9e89965ffe68753e6817fe9706ffbde
Mentah,Master_Dataset\Mentah\DS1_C2_445_jpg.rf.4d663268c0ef4504839558fe837fd051.jpg,DS1_C2_445_jpg.rf.4d663268c0ef4504839558fe837fd051.jpg,JPEG,224,224,1.0,0.4732520282268524,0.49184247851371765,0.41614726185798645,6282219067f5490a312abb6318e165a2
Mentah,Master_Dataset\Mentah\DS1_C2_446_jpg.rf.fe75b60d0537fcc696b7af8100716124.jpg,DS1_C2_446_jpg.rf.fe75b60d0537fcc696b7af8100716124.jpg,JPEG,224,224,1.0,0.5298458933830261,0.5132091045379639,0.3518856167793274,5c3ec4f4972cba775d36a4757ddf1fb5
Mentah,Master_Dataset\Mentah\DS1_C2_447_jpg.rf.ea4fd3d05a4915b6ea5964dfc8c1176d.jpg,DS1_C2_447_jpg.rf.ea4fd3d05a4915b6ea5964dfc8c1176d.jpg,JPEG,224,224,1.0,0.6490469574928284,0.5495231747627258,0.4490079879760742,bba5a88b2ae42f2bfb9fd183d6a8d17e
Mentah,Master_Dataset\Mentah\DS1_C2_448_jpg.rf.a3996ab359cf43bb5225085529b7aca4.jpg,DS1_C2_448_jpg.rf.a3996ab359cf43bb5225085529b7aca4.jpg,JPEG,224,224,1.0,0.6058542728424072,0.5190442204475403,0.43052294850349426,97648c3ac91b5369ac6e62b8506664e7
Mentah,Master_Dataset\Mentah\DS1_C2_449_jpg.rf.c12c2ea011d0836473908f7dddc74a9f.jpg,DS1_C2_449_jpg.rf.c12c2ea011d0836473908f7dddc74a9f.jpg,JPEG,224,224,1.0,0.5994128584861755,0.5596057772636414,0.3743891716003418,35971a5bcbb83a3790c213dd89d6ee90
Mentah,Master_Dataset\Mentah\DS1_C2_450_jpg.rf.e8856d645d17dbf60be38765568d4916.jpg,DS1_C2_450_jpg.rf.e8856d645d17dbf60be38765568d4916.jpg,JPEG,224,224,1.0,0.48887404799461365,0.5286785364151001,0.30454400181770325,eecd5eca86aeaadb7f479342df2721e2
Mentah,Master_Dataset\Mentah\DS1_C2_451_jpg.rf.ee10e2d7948b94d52669b6c97122cb94.jpg,DS1_C2_451_jpg.rf.ee10e2d7948b94d52669b6c97122cb94.jpg,JPEG,224,224,1.0,0.3965383470058441,0.38643351197242737,0.35154077410697937,e1e745c06b9369afb47714d7f53e3451
Mentah,Master_Dataset\Mentah\DS1_C2_452_jpg.rf.f3b35104d411211e9e4b3987499b66a7.jpg,DS1_C2_452_jpg.rf.f3b35104d411211e9e4b3987499b66a7.jpg,JPEG,224,224,1.0,0.3942795395851135,0.40091177821159363,0.3187596797943115,6c571a1554ddc53b8d28a4a0c69f455c
Mentah,Master_Dataset\Mentah\DS1_C2_453_jpg.rf.ce326a5485f831aa11f7ca3c2c28ffe4.jpg,DS1_C2_453_jpg.rf.ce326a5485f831aa11f7ca3c2c28ffe4.jpg,JPEG,224,224,1.0,0.4686700701713562,0.4527719020843506,0.32883623242378235,30d7c1eef118a9c99e9462289dbd635d
Mentah,Master_Dataset\Mentah\DS1_C2_454_jpg.rf.71055e575ba5ede86ef179f437fb83e7.jpg,DS1_C2_454_jpg.rf.71055e575ba5ede86ef179f437fb83e7.jpg,JPEG,224,224,1.0,0.4850035607814789,0.4590958058834076,0.30334004759788513,7547888b778056349aabfc00e0f27cd7
Mentah,Master_Dataset\Mentah\DS1_C2_455_jpg.rf.5681bd1ffbbc87b53965038d4cc8a1c5.jpg,DS1_C2_455_jpg.rf.5681bd1ffbbc87b53965038d4cc8a1c5.jpg,JPEG,224,224,1.0,0.5665925741195679,0.5607031583786011,0.3684343695640564,8196c6c33318983bc6669b02df0c775a
Mentah,Master_Dataset\Mentah\DS1_C2_456_jpg.rf.6264ce8a2c381ea4bbe76d83da64c23c.jpg,DS1_C2_456_jpg.rf.6264ce8a2c381ea4bbe76d83da64c23c.jpg,JPEG,224,224,1.0,0.45985713601112366,0.4937264025211334,0.2275935560464859,995239d76194e781b1d5ee0a26e3ce22
Mentah,Master_Dataset\Mentah\DS1_C2_457_jpg.rf.bf9a470641cb3df9f3003087a29bc3b3.jpg,DS1_C2_457_jpg.rf.bf9a470641cb3df9f3003087a29bc3b3.jpg,JPEG,224,224,1.0,0.4443452060222626,0.4336372911930084,0.3734244406223297,8e2b628fcafe60dc5ee46dae500018c9
Mentah,Master_Dataset\Mentah\DS1_C2_458_jpg.rf.0c7e04c37f7f33ced80b59b4fa1f714f.jpg,DS1_C2_458_jpg.rf.0c7e04c37f7f33ced80b59b4fa1f714f.jpg,JPEG,224,224,1.0,0.5444627404212952,0.5463021993637085,0.3586953580379486,7374694fb177db26d48e111afd31c585
Mentah,Master_Dataset\Mentah\DS1_C2_459_jpg.rf.4363ee868221818128dc3276e142d973.jpg,DS1_C2_459_jpg.rf.4363ee868221818128dc3276e142d973.jpg,JPEG,224,224,1.0,0.4308760464191437,0.4479933977127075,0.36549291014671326,cab1abcf99b55292b0383d5962a1eadd
Mentah,Master_Dataset\Mentah\DS1_C2_460_jpg.rf.d662c6d10b134a25c66594b3586518f9.jpg,DS1_C2_460_jpg.rf.d662c6d10b134a25c66594b3586518f9.jpg,JPEG,224,224,1.0,0.4771519899368286,0.47905102372169495,0.39767128229141235,75f8e8a4f44d6428955155dbd1e767db
Mentah,Master_Dataset\Mentah\DS1_C2_461_jpg.rf.b0f6660f312c77173d2fd047c3f90194.jpg,DS1_C2_461_jpg.rf.b0f6660f312c77173d2fd047c3f90194.jpg,JPEG,224,224,1.0,0.4635496437549591,0.4594742953777313,0.4169132709503174,3f7baf8965382b1d1dddba49de37dc9a
Mentah,Master_Dataset\Mentah\DS1_C2_462_jpg.rf.37835a4789473fffdfe02644ae71c338.jpg,DS1_C2_462_jpg.rf.37835a4789473fffdfe02644ae71c338.jpg,JPEG,224,224,1.0,0.37617358565330505,0.3612770140171051,0.328785240650177,a16dfb1cce4a3faa91740ac1382a185c
Mentah,Master_Dataset\Mentah\DS1_C2_463_jpg.rf.e5bb094a1b2c12086dfcadd161ff75e6.jpg,DS1_C2_463_jpg.rf.e5bb094a1b2c12086dfcadd161ff75e6.jpg,JPEG,224,224,1.0,0.600577175617218,0.5037901401519775,0.350862592458725,7211277d982ef9eccedcce408d7ec4aa
Mentah,Master_Dataset\Mentah\DS1_C2_464_jpg.rf.9ab324d4f6f630255740b7659412397c.jpg,DS1_C2_464_jpg.rf.9ab324d4f6f630255740b7659412397c.jpg,JPEG,224,224,1.0,0.4352186918258667,0.4194392263889313,0.41201862692832947,3a3031d7708f3d569e2f017dd3e4dd44
Mentah,Master_Dataset\Mentah\DS1_C2_465_jpg.rf.8d9704aa35563479c3f63fe4a6dd80a7.jpg,DS1_C2_465_jpg.rf.8d9704aa35563479c3f63fe4a6dd80a7.jpg,JPEG,224,224,1.0,0.4179275929927826,0.3968046009540558,0.3673752546310425,5ff18dea961b5299cb59970a54d2ce07
Mentah,Master_Dataset\Mentah\DS1_C2_466_jpg.rf.ddf68bd469b2192dd17194c7bf4106de.jpg,DS1_C2_466_jpg.rf.ddf68bd469b2192dd17194c7bf4106de.jpg,JPEG,224,224,1.0,0.47074267268180847,0.4780646562576294,0.2654186487197876,105a473b669edeb7225f8ef21ba1519a
Mentah,Master_Dataset\Mentah\DS1_C2_467_jpg.rf.fb42137a649086e9832544712c5bc11f.jpg,DS1_C2_467_jpg.rf.fb42137a649086e9832544712c5bc11f.jpg,JPEG,224,224,1.0,0.5726609230041504,0.5184309482574463,0.389614462852478,8057b4005133f1bf4a9aa5063cd0a4a0
Mentah,Master_Dataset\Mentah\DS1_C2_468_jpg.rf.7d0dd02da76651439258de86dfe1b204.jpg,DS1_C2_468_jpg.rf.7d0dd02da76651439258de86dfe1b204.jpg,JPEG,224,224,1.0,0.4179048538208008,0.4519593119621277,0.17835938930511475,a7cb60d2294be9c828ae61535b1e2778
Mentah,Master_Dataset\Mentah\DS1_C2_469_jpg.rf.6e5ede27b2c2a4e96210e432077f52d1.jpg,DS1_C2_469_jpg.rf.6e5ede27b2c2a4e96210e432077f52d1.jpg,JPEG,224,224,1.0,0.44010913372039795,0.46949145197868347,0.2136668562889099,d10a650ac956065a81da35a63de70536
Mentah,Master_Dataset\Mentah\DS1_C2_470_jpg.rf.8bccc6b49ebf2dacf1f449f50897f3b7.jpg,DS1_C2_470_jpg.rf.8bccc6b49ebf2dacf1f449f50897f3b7.jpg,JPEG,224,224,1.0,0.3447587192058563,0.32756921648979187,0.20712514221668243,e2ceb342bf3b63d28d11f67e3edd954f
Mentah,Master_Dataset\Mentah\DS1_C2_471_jpg.rf.a7e7fc31db0b7fc5fd90e7544a394341.jpg,DS1_C2_471_jpg.rf.a7e7fc31db0b7fc5fd90e7544a394341.jpg,JPEG,224,224,1.0,0.37684014439582825,0.408067911863327,0.24191875755786896,2d59bb6305990f9c35a2269633a68fd0
Mentah,Master_Dataset\Mentah\DS1_C2_472_jpg.rf.e7e78e310e17eb3044d74764e41bd78a.jpg,DS1_C2_472_jpg.rf.e7e78e310e17eb3044d74764e41bd78a.jpg,JPEG,224,224,1.0,0.5229370594024658,0.48744839429855347,0.3538837730884552,ea17293b5c12ad4965b8a5fefdb7f3d0
Mentah,Master_Dataset\Mentah\DS1_C2_473_jpg.rf.b2952dcd4571b04a56ee7369437928db.jpg,DS1_C2_473_jpg.rf.b2952dcd4571b04a56ee7369437928db.jpg,JPEG,224,224,1.0,0.3996790647506714,0.42435041069984436,0.2692473232746124,20976c7bcc5e847e3bd86c2f3365483c
Mentah,Master_Dataset\Mentah\DS1_C2_474_jpg.rf.4e25c208cd635d4e7e57d5fb0e74ca57.jpg,DS1_C2_474_jpg.rf.4e25c208cd635d4e7e57d5fb0e74ca57.jpg,JPEG,224,224,1.0,0.41070637106895447,0.4125467836856842,0.2972196042537689,be05e58f5972e5b4aded4ab54eeeb05c
Mentah,Master_Dataset\Mentah\DS1_C2_475_jpg.rf.edba76edf8973cf66868594ef8a99f68.jpg,DS1_C2_475_jpg.rf.edba76edf8973cf66868594ef8a99f68.jpg,JPEG,224,224,1.0,0.3589014410972595,0.3902096748352051,0.276058167219162,375f63679b84e84e085b27abe4ee9d3f
Mentah,Master_Dataset\Mentah\DS1_C2_476_jpg.rf.35d1b5bbc74b23d4144b0a56170d7e4c.jpg,DS1_C2_476_jpg.rf.35d1b5bbc74b23d4144b0a56170d7e4c.jpg,JPEG,224,224,1.0,0.47070762515068054,0.4877776801586151,0.27236488461494446,b1e525dd663d7cc0a0deb2ce71fa6836
Mentah,Master_Dataset\Mentah\DS1_C2_477_jpg.rf.cda37b5e57accbfbac04920368803b0d.jpg,DS1_C2_477_jpg.rf.cda37b5e57accbfbac04920368803b0d.jpg,JPEG,224,224,1.0,0.355058491230011,0.3912416696548462,0.1359359622001648,fda26134db7400e60caa7e4f140d893b
Mentah,Master_Dataset\Mentah\DS1_C2_478_jpg.rf.be5f7bd8598b9ec5874a3d4e9dcf3d97.jpg,DS1_C2_478_jpg.rf.be5f7bd8598b9ec5874a3d4e9dcf3d97.jpg,JPEG,224,224,1.0,0.4537011981010437,0.4399125874042511,0.4244142472743988,50a882bfd8ea57c7c6933c88a7bbacaf
Mentah,Master_Dataset\Mentah\DS1_C2_479_jpg.rf.e01f6607c2058065b22ef3aabd78abc7.jpg,DS1_C2_479_jpg.rf.e01f6607c2058065b22ef3aabd78abc7.jpg,JPEG,224,224,1.0,0.4723035395145416,0.4980044960975647,0.4625328481197357,2d9c09a3d1b87d9798ae5299dfb8baa0
Mentah,Master_Dataset\Mentah\DS1_C2_480_jpg.rf.7714dc25321337aa22dd443829e87998.jpg,DS1_C2_480_jpg.rf.7714dc25321337aa22dd443829e87998.jpg,JPEG,224,224,1.0,0.5116279721260071,0.5053755044937134,0.31973767280578613,54d4c96dc084ea637527b4639a5e9c86
Mentah,Master_Dataset\Mentah\DS1_C2_481_jpg.rf.4ee050083fd2e4ee61bb3449c9d636a0.jpg,DS1_C2_481_jpg.rf.4ee050083fd2e4ee61bb3449c9d636a0.jpg,JPEG,224,224,1.0,0.4261312782764435,0.40719181299209595,0.3365360498428345,a722c4b3e965545a25dc1fa5d3985d53
Mentah,Master_Dataset\Mentah\DS1_C2_482_jpg.rf.fdc0042f4dd9e90caa0767eeaa4c4fe9.jpg,DS1_C2_482_jpg.rf.fdc0042f4dd9e90caa0767eeaa4c4fe9.jpg,JPEG,224,224,1.0,0.5811930298805237,0.4908904433250427,0.3990631699562073,089f2208f3c86fd2f8fdc8af8b4e3aa8
Mentah,Master_Dataset\Mentah\DS1_C2_483_jpg.rf.da44095a1cb9472ec81a6b55bca8c8a5.jpg,DS1_C2_483_jpg.rf.da44095a1cb9472ec81a6b55bca8c8a5.jpg,JPEG,224,224,1.0,0.5695684552192688,0.5401560664176941,0.43725645542144775,482398bb948fa522450a8121e531d465
Mentah,Master_Dataset\Mentah\DS1_C2_484_jpg.rf.383488fbdc6c8e9a482b5a0638a850ab.jpg,DS1_C2_484_jpg.rf.383488fbdc6c8e9a482b5a0638a850ab.jpg,JPEG,224,224,1.0,0.5584955811500549,0.49097076058387756,0.3413332402706146,dd2b844a1abc3757299b812a641c3f82
Mentah,Master_Dataset\Mentah\DS1_C2_485_jpg.rf.4fe2af8d1b6ff1a2a0f2b68e5af56626.jpg,DS1_C2_485_jpg.rf.4fe2af8d1b6ff1a2a0f2b68e5af56626.jpg,JPEG,224,224,1.0,0.4794352054595947,0.4317295551300049,0.32173508405685425,282c71cc87de48d28e4f9510eb6e5087
Mentah,Master_Dataset\Mentah\DS1_C2_486_jpg.rf.97f7f2fbff091c80a492e5eb3d9e7be7.jpg,DS1_C2_486_jpg.rf.97f7f2fbff091c80a492e5eb3d9e7be7.jpg,JPEG,224,224,1.0,0.4682283103466034,0.44221633672714233,0.25974687933921814,0fcfe5c7963e762c2ccc2e4a929a2582
Mentah,Master_Dataset\Mentah\DS1_C2_487_jpg.rf.da333d7fb13b1f0ef27b123e3e0fc8f4.jpg,DS1_C2_487_jpg.rf.da333d7fb13b1f0ef27b123e3e0fc8f4.jpg,JPEG,224,224,1.0,0.5090694427490234,0.3841928243637085,0.3020603060722351,c93a3bc99c0d4cabf8a5d45dfa63d899
Mentah,Master_Dataset\Mentah\DS1_C2_488_jpg.rf.705e0c6eb09688d502df29888468eca8.jpg,DS1_C2_488_jpg.rf.705e0c6eb09688d502df29888468eca8.jpg,JPEG,224,224,1.0,0.36900845170021057,0.364975243806839,0.2580050528049469,d88f847bf4642fb4646940b4d80aa560
Mentah,Master_Dataset\Mentah\DS1_C2_489_jpg.rf.eceab55d6d146eaec5f76682ff9f3306.jpg,DS1_C2_489_jpg.rf.eceab55d6d146eaec5f76682ff9f3306.jpg,JPEG,224,224,1.0,0.4266379177570343,0.4137006402015686,0.2969452738761902,39530b57a4a3a19b2b217180003440cb
Mentah,Master_Dataset\Mentah\DS1_C2_490_jpg.rf.3637af4a059aca87e755ca4062fb245b.jpg,DS1_C2_490_jpg.rf.3637af4a059aca87e755ca4062fb245b.jpg,JPEG,224,224,1.0,0.4051728844642639,0.44820624589920044,0.270814448595047,81fc0ccf4cada8aaaeda3870addd8e18
Mentah,Master_Dataset\Mentah\DS1_C2_491_jpg.rf.ed321ad96d22103db6ca21641a4d68fa.jpg,DS1_C2_491_jpg.rf.ed321ad96d22103db6ca21641a4d68fa.jpg,JPEG,224,224,1.0,0.5302777886390686,0.4917135536670685,0.32399508357048035,4bae0e0302c6c9d5d047eefd5d94c5af
Mentah,Master_Dataset\Mentah\DS1_C2_492_jpg.rf.a38d6b3b40277b5cf995d394bd2f138b.jpg,DS1_C2_492_jpg.rf.a38d6b3b40277b5cf995d394bd2f138b.jpg,JPEG,224,224,1.0,0.501706600189209,0.469075083732605,0.33806151151657104,89ac350a2469d5d934879759a1d46f3d
Mentah,Master_Dataset\Mentah\DS1_C2_493_jpg.rf.fdc594b745659e877350e8dd44e531e2.jpg,DS1_C2_493_jpg.rf.fdc594b745659e877350e8dd44e531e2.jpg,JPEG,224,224,1.0,0.44857722520828247,0.48240479826927185,0.3420928418636322,36c4fd62eae12ad1feb8133dabebdbb7
Mentah,Master_Dataset\Mentah\DS1_C2_494_jpg.rf.c6ac0d4a97ed3c1c5798fa84e378425a.jpg,DS1_C2_494_jpg.rf.c6ac0d4a97ed3c1c5798fa84e378425a.jpg,JPEG,224,224,1.0,0.4761975407600403,0.44600749015808105,0.32353299856185913,22d81f7566d9def91dfef4a4628cd93b
Mentah,Master_Dataset\Mentah\DS1_C2_495_jpg.rf.a3637739552d3b640def8f2ced0edde1.jpg,DS1_C2_495_jpg.rf.a3637739552d3b640def8f2ced0edde1.jpg,JPEG,224,224,1.0,0.32867276668548584,0.3464023470878601,0.23137961328029633,21bea42a2b5868868086f8303a6985e5
Mentah,Master_Dataset\Mentah\DS1_C2_496_jpg.rf.839f8e64ea12fc191e93dad175fd2250.jpg,DS1_C2_496_jpg.rf.839f8e64ea12fc191e93dad175fd2250.jpg,JPEG,224,224,1.0,0.4843815863132477,0.4856809973716736,0.29931560158729553,eac55fcbec82f0dfcca165a516fbbf61
Mentah,Master_Dataset\Mentah\DS1_C2_497_jpg.rf.8d5aebd92797d57f0ba470da9098943f.jpg,DS1_C2_497_jpg.rf.8d5aebd92797d57f0ba470da9098943f.jpg,JPEG,224,224,1.0,0.6549462676048279,0.5958280563354492,0.5200151205062866,b7965d6151991e6d5052ee092b950921
Mentah,Master_Dataset\Mentah\DS1_C2_498_jpg.rf.2c8e9e0ed7f662a6d54bbfb46b3bf879.jpg,DS1_C2_498_jpg.rf.2c8e9e0ed7f662a6d54bbfb46b3bf879.jpg,JPEG,224,224,1.0,0.5506542921066284,0.5129194855690002,0.38072752952575684,b268615e3021f073475c0bdd99118672
Mentah,Master_Dataset\Mentah\DS1_C2_499_jpg.rf.b2f0f3456d483bb6800012b663b7ffa7.jpg,DS1_C2_499_jpg.rf.b2f0f3456d483bb6800012b663b7ffa7.jpg,JPEG,224,224,1.0,0.547885537147522,0.5471635460853577,0.4352816641330719,79dd09cc34cdcc13bb1143e864a11efb
Mentah,Master_Dataset\Mentah\DS1_C2_500_jpg.rf.e5b95fd434702fe4a5a0cb5e4d7637fd.jpg,DS1_C2_500_jpg.rf.e5b95fd434702fe4a5a0cb5e4d7637fd.jpg,JPEG,224,224,1.0,0.47631362080574036,0.44820737838745117,0.32137545943260193,4ce3f77978b26c859285262d57eefab3
Mentah,Master_Dataset\Mentah\DS1_C2_501_jpg.rf.2567b0c02d9f162706b20984c1e1abac.jpg,DS1_C2_501_jpg.rf.2567b0c02d9f162706b20984c1e1abac.jpg,JPEG,224,224,1.0,0.5502349138259888,0.5687582492828369,0.3564564287662506,5bd4ce817c4dc5c8a277c8af31da3092
Mentah,Master_Dataset\Mentah\DS1_C2_502_jpg.rf.5533e77b5ec0bed8c1f1f752b1d4562c.jpg,DS1_C2_502_jpg.rf.5533e77b5ec0bed8c1f1f752b1d4562c.jpg,JPEG,224,224,1.0,0.5232052206993103,0.5056132078170776,0.41277286410331726,f8d12ab13b4b24ea425ae9c2ea70c6e4
Mentah,Master_Dataset\Mentah\DS1_C2_503_jpg.rf.695f405cfcbd8b799e5d0d064edabff7.jpg,DS1_C2_503_jpg.rf.695f405cfcbd8b799e5d0d064edabff7.jpg,JPEG,224,224,1.0,0.42625969648361206,0.41869470477104187,0.32298073172569275,a6a68b688faea2517fc0a4acab80fec3
Mentah,Master_Dataset\Mentah\DS1_C2_504_jpg.rf.32ab008c1a5be64c6c9392e65cca98ab.jpg,DS1_C2_504_jpg.rf.32ab008c1a5be64c6c9392e65cca98ab.jpg,JPEG,224,224,1.0,0.3765796720981598,0.39732351899147034,0.2549079656600952,7659614bfd037150a3d8ae797994b9b7
Mentah,Master_Dataset\Mentah\DS1_C2_505_jpg.rf.916d0c09f18e653576a15c39726fa1aa.jpg,DS1_C2_505_jpg.rf.916d0c09f18e653576a15c39726fa1aa.jpg,JPEG,224,224,1.0,0.40969938039779663,0.44882091879844666,0.22501209378242493,94b25c7b938ef2f5ef6801a2b38419ca
Mentah,Master_Dataset\Mentah\DS1_C2_506_jpg.rf.deb46926dd916df4a88487766135dce5.jpg,DS1_C2_506_jpg.rf.deb46926dd916df4a88487766135dce5.jpg,JPEG,224,224,1.0,0.37548428773880005,0.45712900161743164,0.26426365971565247,88ccd81efafcad107615f9e0be20363e
Mentah,Master_Dataset\Mentah\DS1_C2_507_jpg.rf.901862162a59e786097b5abde232fbb9.jpg,DS1_C2_507_jpg.rf.901862162a59e786097b5abde232fbb9.jpg,JPEG,224,224,1.0,0.3333810269832611,0.3232347369194031,0.2742413282394409,fffc9e226fc28e75de3d78e64bd491bc
Mentah,Master_Dataset\Mentah\DS1_C2_508_jpg.rf.18e91134a86472764b4282da5aac31cc.jpg,DS1_C2_508_jpg.rf.18e91134a86472764b4282da5aac31cc.jpg,JPEG,224,224,1.0,0.5586013197898865,0.4465360939502716,0.3679567575454712,8c15c71bbf76102d9d37a42426d849b0
Mentah,Master_Dataset\Mentah\DS1_C2_509_jpg.rf.d484724b3758611614c117ce4d563df4.jpg,DS1_C2_509_jpg.rf.d484724b3758611614c117ce4d563df4.jpg,JPEG,224,224,1.0,0.4583227336406708,0.4824124574661255,0.4468304514884949,6b6adb810ec6b0ffc1a4def673348ccf
Mentah,Master_Dataset\Mentah\DS1_C2_510_jpg.rf.500fc2584815d3ebe887f0057780925e.jpg,DS1_C2_510_jpg.rf.500fc2584815d3ebe887f0057780925e.jpg,JPEG,224,224,1.0,0.4665154814720154,0.46616512537002563,0.4170733690261841,df9004c0fe4745ddb0f259ea1e63a113
Mentah,Master_Dataset\Mentah\DS1_C2_511_jpg.rf.d70167e5dbe92b9210abf1682418af3e.jpg,DS1_C2_511_jpg.rf.d70167e5dbe92b9210abf1682418af3e.jpg,JPEG,224,224,1.0,0.5145021080970764,0.46414342522621155,0.32455775141716003,1164f82cee9f99949bed96864972f0f7
Mentah,Master_Dataset\Mentah\DS1_C2_512_jpg.rf.8a54ec250ce52a6cdb01eeb23a9d3887.jpg,DS1_C2_512_jpg.rf.8a54ec250ce52a6cdb01eeb23a9d3887.jpg,JPEG,224,224,1.0,0.48247942328453064,0.494931161403656,0.28653544187545776,02082f273c2352b93641802ccbd0a091
Mentah,Master_Dataset\Mentah\DS1_C2_513_jpg.rf.a018230b63ff3f7586efce972d62ea36.jpg,DS1_C2_513_jpg.rf.a018230b63ff3f7586efce972d62ea36.jpg,JPEG,224,224,1.0,0.45449405908584595,0.4781436324119568,0.2385016530752182,6f9b6d1f1486c3c2a7e5b7ee4f104e03
Mentah,Master_Dataset\Mentah\DS1_C2_514_jpg.rf.867673d66eed13b01fd2116ebfed40eb.jpg,DS1_C2_514_jpg.rf.867673d66eed13b01fd2116ebfed40eb.jpg,JPEG,224,224,1.0,0.46841877698898315,0.45761579275131226,0.24408233165740967,b29c8230fd85717eae6d201251995f24
Mentah,Master_Dataset\Mentah\DS1_C2_515_jpg.rf.5dc6a7e0d2d19cd995c36b1c121a437b.jpg,DS1_C2_515_jpg.rf.5dc6a7e0d2d19cd995c36b1c121a437b.jpg,JPEG,224,224,1.0,0.5289748311042786,0.49124887585639954,0.3343210220336914,4de7fc7865227f1b76369ed09f0ad01a
Mentah,Master_Dataset\Mentah\DS1_C2_516_jpg.rf.24a05a104a6a419411fa0fa5e57fd41b.jpg,DS1_C2_516_jpg.rf.24a05a104a6a419411fa0fa5e57fd41b.jpg,JPEG,224,224,1.0,0.5146548748016357,0.47984400391578674,0.2959817051887512,0dd5e5bcb7575f555b6a897f233cb611
Mentah,Master_Dataset\Mentah\DS1_C2_517_jpg.rf.9bfdd3ee11361f962c9a440cc44a017d.jpg,DS1_C2_517_jpg.rf.9bfdd3ee11361f962c9a440cc44a017d.jpg,JPEG,224,224,1.0,0.333010733127594,0.35218068957328796,0.1965782195329666,301e329e1c54950478fe4cbbdf17a0bc
Mentah,Master_Dataset\Mentah\DS1_C2_518_jpg.rf.ec47b5c121005a0dd18f9a324b387105.jpg,DS1_C2_518_jpg.rf.ec47b5c121005a0dd18f9a324b387105.jpg,JPEG,224,224,1.0,0.5336001515388489,0.4669634699821472,0.3550206422805786,d5b92885bd583105ebecd53f47d86588
Mentah,Master_Dataset\Mentah\DS1_C2_519_jpg.rf.77c8b81de9bdb43b42ea4ad32304f6bb.jpg,DS1_C2_519_jpg.rf.77c8b81de9bdb43b42ea4ad32304f6bb.jpg,JPEG,224,224,1.0,0.562926709651947,0.5143809914588928,0.2436981499195099,a78aa823d9291ece489544f68ba5e895
Mentah,Master_Dataset\Mentah\DS1_C2_520_jpg.rf.135c64bb9cae4750f6584d8b27284bee.jpg,DS1_C2_520_jpg.rf.135c64bb9cae4750f6584d8b27284bee.jpg,JPEG,224,224,1.0,0.39384543895721436,0.44084176421165466,0.33257901668548584,5210eb7a208a90aea0e3469a214642cf
Mentah,Master_Dataset\Mentah\DS1_C2_521_jpg.rf.d04a21c5b45b831667d3ec33a044f47b.jpg,DS1_C2_521_jpg.rf.d04a21c5b45b831667d3ec33a044f47b.jpg,JPEG,224,224,1.0,0.3843333423137665,0.36981505155563354,0.3437383472919464,5d9a6eed518bf07a524e1aa1722bcde8
Mentah,Master_Dataset\Mentah\DS1_C2_522_jpg.rf.61a6dc43d8b62719982e12a7c74fb16c.jpg,DS1_C2_522_jpg.rf.61a6dc43d8b62719982e12a7c74fb16c.jpg,JPEG,224,224,1.0,0.5256285667419434,0.47708529233932495,0.36287054419517517,6058e436ec6aac597a5f6ca46ee2e55e
Mentah,Master_Dataset\Mentah\DS1_C2_523_jpg.rf.e2c32513e81cbe619a817bdf77eed0e9.jpg,DS1_C2_523_jpg.rf.e2c32513e81cbe619a817bdf77eed0e9.jpg,JPEG,224,224,1.0,0.383769690990448,0.3931286931037903,0.25345826148986816,2a109862f3b01c20c051adac1d2c2b49
Mentah,Master_Dataset\Mentah\DS1_C2_524_jpg.rf.45fb8119979218537ab8a2571b159962.jpg,DS1_C2_524_jpg.rf.45fb8119979218537ab8a2571b159962.jpg,JPEG,224,224,1.0,0.4248940050601959,0.47278112173080444,0.21448858082294464,9dfd90acbdec419e6dec809f0e6b9690
Mentah,Master_Dataset\Mentah\DS1_C2_525_jpg.rf.3ee767284a611ef7722860dae6889ce7.jpg,DS1_C2_525_jpg.rf.3ee767284a611ef7722860dae6889ce7.jpg,JPEG,224,224,1.0,0.44634395837783813,0.4364474415779114,0.31298691034317017,a2694688aaefd70bd706c159d3a92739
Mentah,Master_Dataset\Mentah\DS1_C2_526_jpg.rf.15245f947cacf7754b08ebe1ade46cb4.jpg,DS1_C2_526_jpg.rf.15245f947cacf7754b08ebe1ade46cb4.jpg,JPEG,224,224,1.0,0.5524057149887085,0.5599667429924011,0.4518570899963379,0ce7554d2aca3fc053d0308a9cdb050a
Mentah,Master_Dataset\Mentah\DS1_C2_527_jpg.rf.578c39db881a7ae96cabff7bdfb98129.jpg,DS1_C2_527_jpg.rf.578c39db881a7ae96cabff7bdfb98129.jpg,JPEG,224,224,1.0,0.4837487041950226,0.4651012420654297,0.4720211625099182,5e1625d79021678cca57b9e9980709f9
Mentah,Master_Dataset\Mentah\DS1_C2_528_jpg.rf.89d52123dff3e3cca7631a610a1d47ba.jpg,DS1_C2_528_jpg.rf.89d52123dff3e3cca7631a610a1d47ba.jpg,JPEG,224,224,1.0,0.4494793117046356,0.45332449674606323,0.19350112974643707,316c6564f7235cd83503fef50c788206
Mentah,Master_Dataset\Mentah\DS1_C2_529_jpg.rf.d88aed0f5476a224a142303a9e5d2193.jpg,DS1_C2_529_jpg.rf.d88aed0f5476a224a142303a9e5d2193.jpg,JPEG,224,224,1.0,0.5041939616203308,0.5103476047515869,0.22968150675296783,2fe403638771e4660596ae8c304f1b3f
Mentah,Master_Dataset\Mentah\DS1_C2_530_jpg.rf.f32f1fb82d8c2fc55806e04f028cf10e.jpg,DS1_C2_530_jpg.rf.f32f1fb82d8c2fc55806e04f028cf10e.jpg,JPEG,224,224,1.0,0.5341741442680359,0.4784119725227356,0.37351664900779724,b47398efa14445b551f836a332eeae1f
Mentah,Master_Dataset\Mentah\DS1_C2_531_jpg.rf.cfc90fc06d37a8f6cf7ea417393ae7dd.jpg,DS1_C2_531_jpg.rf.cfc90fc06d37a8f6cf7ea417393ae7dd.jpg,JPEG,224,224,1.0,0.2867473065853119,0.34380462765693665,0.1999969184398651,d3ce142c01b9b1cacd77631b5ea1520b
Mentah,Master_Dataset\Mentah\DS1_C2_532_jpg.rf.cf9325c85ebcd85e59728d0ec7eca75a.jpg,DS1_C2_532_jpg.rf.cf9325c85ebcd85e59728d0ec7eca75a.jpg,JPEG,224,224,1.0,0.4798834025859833,0.5043565034866333,0.30226895213127136,fe342562e55ce4675e898792dd707b7b
Mentah,Master_Dataset\Mentah\DS1_C2_533_jpg.rf.2748c973f973449738f7fe113d26ca6d.jpg,DS1_C2_533_jpg.rf.2748c973f973449738f7fe113d26ca6d.jpg,JPEG,224,224,1.0,0.4274648129940033,0.4897528886795044,0.2811635732650757,1405112a5a1e115b80fa885b22800977
Mentah,Master_Dataset\Mentah\DS1_C2_534_jpg.rf.176f3acb3beb651d2b5f2b4f1b6ce1df.jpg,DS1_C2_534_jpg.rf.176f3acb3beb651d2b5f2b4f1b6ce1df.jpg,JPEG,224,224,1.0,0.6233353018760681,0.5355786681175232,0.44553714990615845,2d2d4579dc112b640373d8344e4ce648
Mentah,Master_Dataset\Mentah\DS1_C2_535_jpg.rf.1afda6fc34feb5451626ebdf7f5903e6.jpg,DS1_C2_535_jpg.rf.1afda6fc34feb5451626ebdf7f5903e6.jpg,JPEG,224,224,1.0,0.527249276638031,0.5456196665763855,0.38362741470336914,163f3ce955f1e13cf62f489a8bfdd219
Mentah,Master_Dataset\Mentah\DS1_C2_536_jpg.rf.62bcef0357ca2d0945814093986e4f01.jpg,DS1_C2_536_jpg.rf.62bcef0357ca2d0945814093986e4f01.jpg,JPEG,224,224,1.0,0.4058966636657715,0.4022950232028961,0.27272143959999084,0ac1a82ea65c95b46a6af26914bd9acc
Mentah,Master_Dataset\Mentah\DS1_C2_537_jpg.rf.7e99a1c31e6d3b06021215f59a06fe87.jpg,DS1_C2_537_jpg.rf.7e99a1c31e6d3b06021215f59a06fe87.jpg,JPEG,224,224,1.0,0.5268294215202332,0.4775456488132477,0.40256211161613464,c58ac1897d59f8d64ca7a500ddd75288
Mentah,Master_Dataset\Mentah\DS1_C2_538_jpg.rf.45e0d4cf61e64110972c135ef5c4c86a.jpg,DS1_C2_538_jpg.rf.45e0d4cf61e64110972c135ef5c4c86a.jpg,JPEG,224,224,1.0,0.36875757575035095,0.3909832537174225,0.2570786476135254,7427abd48a0ff1995cfbffd3abac97f9
Mentah,Master_Dataset\Mentah\DS1_C2_539_jpg.rf.3fa546985b0b247566f497d3553ffad1.jpg,DS1_C2_539_jpg.rf.3fa546985b0b247566f497d3553ffad1.jpg,JPEG,224,224,1.0,0.36720937490463257,0.3851175606250763,0.2173614352941513,99bcaa6c6c3abdbaa07a50b8a9757c29
Mentah,Master_Dataset\Mentah\DS1_C2_540_jpg.rf.dc27445a803bd076fd9065bdee95c346.jpg,DS1_C2_540_jpg.rf.dc27445a803bd076fd9065bdee95c346.jpg,JPEG,224,224,1.0,0.4677339792251587,0.40928027033805847,0.3012745976448059,f197e6bb6d708a2fcab0d68d0ef66c1a
Mentah,Master_Dataset\Mentah\DS1_C2_541_jpg.rf.37b0993bd0c99de1f80901d81b555513.jpg,DS1_C2_541_jpg.rf.37b0993bd0c99de1f80901d81b555513.jpg,JPEG,224,224,1.0,0.597611129283905,0.5934961438179016,0.5057916641235352,be687598e80f9bc116abbd526de4ae23
Mentah,Master_Dataset\Mentah\DS1_C2_542_jpg.rf.f15acdbf4c9d7a807287861e23070f4c.jpg,DS1_C2_542_jpg.rf.f15acdbf4c9d7a807287861e23070f4c.jpg,JPEG,224,224,1.0,0.6462643146514893,0.5318669080734253,0.4053184390068054,cbfb23287345d4d094026d2df2bf97ce
Mentah,Master_Dataset\Mentah\DS1_C2_543_jpg.rf.4cb4c3f6c3a1a270c1be0456295c3b58.jpg,DS1_C2_543_jpg.rf.4cb4c3f6c3a1a270c1be0456295c3b58.jpg,JPEG,224,224,1.0,0.4583317041397095,0.4495498538017273,0.366516649723053,fd2d84b312d9ca434fc89b7d7a9db96f
Mentah,Master_Dataset\Mentah\DS1_C2_544_jpg.rf.82e81448b8bab24a083c5547b2b6fa52.jpg,DS1_C2_544_jpg.rf.82e81448b8bab24a083c5547b2b6fa52.jpg,JPEG,224,224,1.0,0.41820159554481506,0.4487437307834625,0.3057793974876404,c014e68e9c832b811d1237101ee2e500
Mentah,Master_Dataset\Mentah\DS1_C2_545_jpg.rf.d9bd31a7105f7927679269c11ba47faf.jpg,DS1_C2_545_jpg.rf.d9bd31a7105f7927679269c11ba47faf.jpg,JPEG,224,224,1.0,0.5164589285850525,0.5166453719139099,0.4234026074409485,39f32b19cbf07ea43e0db9809d65814d
Mentah,Master_Dataset\Mentah\DS1_C2_546_jpg.rf.088cbf66112e754697e851501a3303d8.jpg,DS1_C2_546_jpg.rf.088cbf66112e754697e851501a3303d8.jpg,JPEG,224,224,1.0,0.3467802405357361,0.41744229197502136,0.2149081528186798,0a6fb06d73310fb231f3f8240dc42ecb
Mentah,Master_Dataset\Mentah\DS1_C2_547_jpg.rf.aa597437c842c5f183e512bdf7577caf.jpg,DS1_C2_547_jpg.rf.aa597437c842c5f183e512bdf7577caf.jpg,JPEG,224,224,1.0,0.47714361548423767,0.5206042528152466,0.2765589952468872,bef5d17a0dba99432c2d2025ffb0edb7
Mentah,Master_Dataset\Mentah\DS1_C2_548_jpg.rf.3991c32b20fd8fd398ad12ae8c52d7bb.jpg,DS1_C2_548_jpg.rf.3991c32b20fd8fd398ad12ae8c52d7bb.jpg,JPEG,224,224,1.0,0.5377377271652222,0.5039021968841553,0.2996581494808197,ec204b3048c9c9f68f20963aa82ed87d
Mentah,Master_Dataset\Mentah\DS1_C2_549_jpg.rf.4e583b42720bbe72bfad5b49f71e47ad.jpg,DS1_C2_549_jpg.rf.4e583b42720bbe72bfad5b49f71e47ad.jpg,JPEG,224,224,1.0,0.5309625267982483,0.5051634311676025,0.42543962597846985,6942bdc8c0f26f6ac22b468d65574670
Mentah,Master_Dataset\Mentah\DS1_C2_550_jpg.rf.5a1c09be56c7a3429fc232065d2731df.jpg,DS1_C2_550_jpg.rf.5a1c09be56c7a3429fc232065d2731df.jpg,JPEG,224,224,1.0,0.4383735656738281,0.49251481890678406,0.2400715947151184,1f767b922002c14b432d10540fcf6051
Mentah,Master_Dataset\Mentah\DS1_C2_551_jpg.rf.071279dd129a63aee4650ac6b38bddc9.jpg,DS1_C2_551_jpg.rf.071279dd129a63aee4650ac6b38bddc9.jpg,JPEG,224,224,1.0,0.4684380292892456,0.4689054489135742,0.27574673295021057,4f161f2b8c80a0a16fea68a69d8f6c6d
Mentah,Master_Dataset\Mentah\DS1_C2_552_jpg.rf.dcc90e63f7d4926386122019c859ba3f.jpg,DS1_C2_552_jpg.rf.dcc90e63f7d4926386122019c859ba3f.jpg,JPEG,224,224,1.0,0.48702603578567505,0.46144983172416687,0.3260008692741394,d64b11ff396e3e64ec5f43bd94412841
Mentah,Master_Dataset\Mentah\DS1_C2_553_jpg.rf.bdb75473c80e8cc45632de03387cb17c.jpg,DS1_C2_553_jpg.rf.bdb75473c80e8cc45632de03387cb17c.jpg,JPEG,224,224,1.0,0.5499209761619568,0.536284327507019,0.3486427962779999,363818e2895f58fe83e7718961226891
Mentah,Master_Dataset\Mentah\DS1_C2_554_jpg.rf.93458837222c3bc98ebe1d1f3cd40eb0.jpg,DS1_C2_554_jpg.rf.93458837222c3bc98ebe1d1f3cd40eb0.jpg,JPEG,224,224,1.0,0.5084653496742249,0.49749433994293213,0.4662509262561798,99fff4b3d4c30270a09db17289c065d8
Mentah,Master_Dataset\Mentah\DS1_C2_555_jpg.rf.b1a38207dbbbcfeafc701b69512e4873.jpg,DS1_C2_555_jpg.rf.b1a38207dbbbcfeafc701b69512e4873.jpg,JPEG,224,224,1.0,0.500931978225708,0.4842650592327118,0.28247472643852234,affc691d2f1a68570f06cfe10202ccb0
Mentah,Master_Dataset\Mentah\DS1_C2_556_jpg.rf.ca5996639e663b1db64a92b514b08ee3.jpg,DS1_C2_556_jpg.rf.ca5996639e663b1db64a92b514b08ee3.jpg,JPEG,224,224,1.0,0.47449755668640137,0.49193617701530457,0.3947833180427551,c68e9f5fe58916aa8c6fc9d1f98005fe
Mentah,Master_Dataset\Mentah\DS1_C2_557_jpg.rf.fb7592db8481747d8c4296600acfa5bf.jpg,DS1_C2_557_jpg.rf.fb7592db8481747d8c4296600acfa5bf.jpg,JPEG,224,224,1.0,0.5009939074516296,0.4648427665233612,0.2272842824459076,48bcd29f62abf31a60b3c728ad390829
Mentah,Master_Dataset\Mentah\DS1_C2_558_jpg.rf.78eff32bc4842e61c7114c3d344c1b21.jpg,DS1_C2_558_jpg.rf.78eff32bc4842e61c7114c3d344c1b21.jpg,JPEG,224,224,1.0,0.5048508644104004,0.4936462342739105,0.3306216895580292,1c1828b1cfb53d2e4f5a261ccf5b43f4
Mentah,Master_Dataset\Mentah\DS1_C2_559_jpg.rf.4d64149572eeb8b8db282f81f9cef0b9.jpg,DS1_C2_559_jpg.rf.4d64149572eeb8b8db282f81f9cef0b9.jpg,JPEG,224,224,1.0,0.5257319211959839,0.5341448783874512,0.3266910910606384,7022861ba8259120a1415ce7c2546dc7
Mentah,Master_Dataset\Mentah\DS1_C2_560_jpg.rf.ed1796b054caea1acf4598d24923a82e.jpg,DS1_C2_560_jpg.rf.ed1796b054caea1acf4598d24923a82e.jpg,JPEG,224,224,1.0,0.4254305362701416,0.45338907837867737,0.24873876571655273,f8022e24f14b6f47a68d680a89bb7c47
Mentah,Master_Dataset\Mentah\DS1_C2_561_jpg.rf.03ad69c21a6cefbfdd5f04c3903deaf2.jpg,DS1_C2_561_jpg.rf.03ad69c21a6cefbfdd5f04c3903deaf2.jpg,JPEG,224,224,1.0,0.4709448218345642,0.4737063944339752,0.27758514881134033,a70419e6097bd13f4a01fe12aa3722a7
Mentah,Master_Dataset\Mentah\DS1_C2_562_jpg.rf.ab8cbb7214ae1cbff206e8385cb52878.jpg,DS1_C2_562_jpg.rf.ab8cbb7214ae1cbff206e8385cb52878.jpg,JPEG,224,224,1.0,0.4548220932483673,0.5062702298164368,0.2926078736782074,737a04f5b67d30e1a5e362ee90d21e39
Mentah,Master_Dataset\Mentah\DS1_C2_563_jpg.rf.234e35954125d9d2cb609fed059bf9f6.jpg,DS1_C2_563_jpg.rf.234e35954125d9d2cb609fed059bf9f6.jpg,JPEG,224,224,1.0,0.6206684112548828,0.5796892642974854,0.4491022229194641,5efd271a649239d2f0feb92ab71ab4ff
Mentah,Master_Dataset\Mentah\DS1_C2_564_jpg.rf.9acd22d4e4b53db61079a3e17f557aff.jpg,DS1_C2_564_jpg.rf.9acd22d4e4b53db61079a3e17f557aff.jpg,JPEG,224,224,1.0,0.4887619912624359,0.4998907148838043,0.28428372740745544,82e5e4c9d069f9e6a55d653e2b9a2b5f
Mentah,Master_Dataset\Mentah\DS1_C2_565_jpg.rf.01f6f6a31df66eb6b845acdfda69b17f.jpg,DS1_C2_565_jpg.rf.01f6f6a31df66eb6b845acdfda69b17f.jpg,JPEG,224,224,1.0,0.45081767439842224,0.45679375529289246,0.39406320452690125,380d90ce87764ad6a0a408bcddf90ab4
Mentah,Master_Dataset\Mentah\DS1_C2_566_jpg.rf.4a58fb30342e6d475e948737f68abf32.jpg,DS1_C2_566_jpg.rf.4a58fb30342e6d475e948737f68abf32.jpg,JPEG,224,224,1.0,0.47485706210136414,0.5084127187728882,0.18829156458377838,837bac83384c946a94015bad6530df34
Mentah,Master_Dataset\Mentah\DS1_C2_567_jpg.rf.b537ab244c05700799f8a275323f1105.jpg,DS1_C2_567_jpg.rf.b537ab244c05700799f8a275323f1105.jpg,JPEG,224,224,1.0,0.5008124113082886,0.5171790719032288,0.2779979705810547,50f74199aeab736dc281e2803a6bfe3a
Mentah,Master_Dataset\Mentah\DS1_C2_568_jpg.rf.b9a45788217a4b2f2cc6ce0dda8c8e3f.jpg,DS1_C2_568_jpg.rf.b9a45788217a4b2f2cc6ce0dda8c8e3f.jpg,JPEG,224,224,1.0,0.46093401312828064,0.4823119640350342,0.25430476665496826,dd106221e33768939baefddcad01c0a7
Mentah,Master_Dataset\Mentah\DS1_C2_569_jpg.rf.873691814de3a1be8e126eea152fbb30.jpg,DS1_C2_569_jpg.rf.873691814de3a1be8e126eea152fbb30.jpg,JPEG,224,224,1.0,0.4353659451007843,0.41092944145202637,0.31282922625541687,e1290133bd051873d979bde34a568e41
Mentah,Master_Dataset\Mentah\DS1_C2_570_jpg.rf.2c736abe6e692d8c8e8eaf530fc4ef0c.jpg,DS1_C2_570_jpg.rf.2c736abe6e692d8c8e8eaf530fc4ef0c.jpg,JPEG,224,224,1.0,0.4726542830467224,0.45065420866012573,0.35950714349746704,60ebbf84c39b19b43341953a415e4985
Mentah,Master_Dataset\Mentah\DS1_C2_571_jpg.rf.4a8118321b86580a9ec54e7314281fa3.jpg,DS1_C2_571_jpg.rf.4a8118321b86580a9ec54e7314281fa3.jpg,JPEG,224,224,1.0,0.3229098916053772,0.31573760509490967,0.2277030646800995,f1a7fd930ace0e82d25d3ade2ce9ae47
Mentah,Master_Dataset\Mentah\DS1_C2_572_jpg.rf.90b2c2d6dc07e9a4587a64a139dd2b45.jpg,DS1_C2_572_jpg.rf.90b2c2d6dc07e9a4587a64a139dd2b45.jpg,JPEG,224,224,1.0,0.5570879578590393,0.5526317954063416,0.4246203899383545,6493a508807ae5a7ff7ed419247c7185
Mentah,Master_Dataset\Mentah\DS1_C2_573_jpg.rf.0acd829c681b32dae1a2c885305a42fe.jpg,DS1_C2_573_jpg.rf.0acd829c681b32dae1a2c885305a42fe.jpg,JPEG,224,224,1.0,0.4944572150707245,0.47335293889045715,0.29892870783805847,1585956e2089371d5d878a83c6959079
Mentah,Master_Dataset\Mentah\DS1_C2_574_jpg.rf.3c745fc1ff7de9fbe3055794df124c95.jpg,DS1_C2_574_jpg.rf.3c745fc1ff7de9fbe3055794df124c95.jpg,JPEG,224,224,1.0,0.6148796081542969,0.5130693912506104,0.41439923644065857,36c512de0b8d5fdf2ec8256a46a6f043
Mentah,Master_Dataset\Mentah\DS1_C2_575_jpg.rf.596a5583856771327fb1c7aa9c6e4617.jpg,DS1_C2_575_jpg.rf.596a5583856771327fb1c7aa9c6e4617.jpg,JPEG,224,224,1.0,0.4759395122528076,0.4581950902938843,0.2996988892555237,be4f9bb1d6f7707841a0d2be6d681066
Mentah,Master_Dataset\Mentah\DS1_C2_576_jpg.rf.6a57f546bf504a1260e16dc519626ae5.jpg,DS1_C2_576_jpg.rf.6a57f546bf504a1260e16dc519626ae5.jpg,JPEG,224,224,1.0,0.42376962304115295,0.45670047402381897,0.21156813204288483,f1fbac6a99faceeb847aa2fea70579fb
Mentah,Master_Dataset\Mentah\DS1_C2_577_jpg.rf.0b5eb53215b78cc55336522b54c89f97.jpg,DS1_C2_577_jpg.rf.0b5eb53215b78cc55336522b54c89f97.jpg,JPEG,224,224,1.0,0.4881110191345215,0.4788041114807129,0.30879107117652893,18686962d4c429984880430318874fc4
Mentah,Master_Dataset\Mentah\DS1_C2_578_jpg.rf.76d17a3e889af6cc357044f53a44cd30.jpg,DS1_C2_578_jpg.rf.76d17a3e889af6cc357044f53a44cd30.jpg,JPEG,224,224,1.0,0.4737948775291443,0.47946977615356445,0.24079716205596924,51f758172eb1e55658a69f85965fb461
Mentah,Master_Dataset\Mentah\DS1_C2_579_jpg.rf.cbe47df5d4be9bc535aef2b7da5380a7.jpg,DS1_C2_579_jpg.rf.cbe47df5d4be9bc535aef2b7da5380a7.jpg,JPEG,224,224,1.0,0.5376243591308594,0.49458497762680054,0.39075952768325806,b3886045c80ed005f85db9eda3712e2c
Mentah,Master_Dataset\Mentah\DS1_C2_580_jpg.rf.0118c692368794ff953dfe2a5808e6cc.jpg,DS1_C2_580_jpg.rf.0118c692368794ff953dfe2a5808e6cc.jpg,JPEG,224,224,1.0,0.49952998757362366,0.4963182806968689,0.3515150249004364,dbcced75bfb1bd5f0d439008bcb57482
Mentah,Master_Dataset\Mentah\DS1_C2_581_jpg.rf.7ac24113accc6e3279677f60ecc932e0.jpg,DS1_C2_581_jpg.rf.7ac24113accc6e3279677f60ecc932e0.jpg,JPEG,224,224,1.0,0.396267831325531,0.43378058075904846,0.29193511605262756,201a6fb3d9057999ca13928e09ba19fe
Mentah,Master_Dataset\Mentah\DS1_C2_582_jpg.rf.ff4223d9fa34c0b9f7ce5558f14435e7.jpg,DS1_C2_582_jpg.rf.ff4223d9fa34c0b9f7ce5558f14435e7.jpg,JPEG,224,224,1.0,0.4548836946487427,0.42579028010368347,0.4321536421775818,80dfba6abdec72bff5420f7243e97433
Mentah,Master_Dataset\Mentah\DS1_C2_583_jpg.rf.97473509cf07b189aa0fb3a0790600bd.jpg,DS1_C2_583_jpg.rf.97473509cf07b189aa0fb3a0790600bd.jpg,JPEG,224,224,1.0,0.4816388189792633,0.41505417227745056,0.3066270649433136,5231f6ba5ed78cde7a634beeb978ce23
Mentah,Master_Dataset\Mentah\DS1_C2_584_jpg.rf.57031d95e3e348bc818b46ef2cdbfe42.jpg,DS1_C2_584_jpg.rf.57031d95e3e348bc818b46ef2cdbfe42.jpg,JPEG,224,224,1.0,0.47663259506225586,0.47439509630203247,0.2946931719779968,b31b10eca8693857f87cea5add8cc3c0
Mentah,Master_Dataset\Mentah\DS1_C2_585_jpg.rf.6f4f02796fd08f691f9d82a386ae98d5.jpg,DS1_C2_585_jpg.rf.6f4f02796fd08f691f9d82a386ae98d5.jpg,JPEG,224,224,1.0,0.4507550299167633,0.4287700653076172,0.4074919819831848,7f82c851f81b94d1700c3bf680e8c71b
Mentah,Master_Dataset\Mentah\DS1_C2_586_jpg.rf.dbc61507c62f55644d8314b24e6e5e4d.jpg,DS1_C2_586_jpg.rf.dbc61507c62f55644d8314b24e6e5e4d.jpg,JPEG,224,224,1.0,0.4805904030799866,0.46899938583374023,0.4509675204753876,70cc1f9bc8a55cb45b32bf0ab9f57efa
Mentah,Master_Dataset\Mentah\DS1_C2_587_jpg.rf.ff576a55f42c7e7d342a4ee3f0c1a8f4.jpg,DS1_C2_587_jpg.rf.ff576a55f42c7e7d342a4ee3f0c1a8f4.jpg,JPEG,224,224,1.0,0.4215966761112213,0.4343441426753998,0.31561046838760376,bc55b3f650447af29ec350c993f7342a
Mentah,Master_Dataset\Mentah\DS1_C2_588_jpg.rf.e65ab4b560b31c60ddf6b1900d8f2279.jpg,DS1_C2_588_jpg.rf.e65ab4b560b31c60ddf6b1900d8f2279.jpg,JPEG,224,224,1.0,0.37771832942962646,0.4191760718822479,0.23374424874782562,6afdfcd91d14061fa4fe2729f2d0a3ff
Mentah,Master_Dataset\Mentah\DS1_C2_589_jpg.rf.ac0ee7e0024de071b2aa3d9098133208.jpg,DS1_C2_589_jpg.rf.ac0ee7e0024de071b2aa3d9098133208.jpg,JPEG,224,224,1.0,0.5263084173202515,0.5000131726264954,0.3238823115825653,d30dfffba6e6b71b31eb7f587fc3dd17
Mentah,Master_Dataset\Mentah\DS1_C2_590_jpg.rf.3c24727c4f161d55489bcde0852c7895.jpg,DS1_C2_590_jpg.rf.3c24727c4f161d55489bcde0852c7895.jpg,JPEG,224,224,1.0,0.6420285701751709,0.584274172782898,0.4975471794605255,e75f19b5c7901153dc91d90c0018dc85
Mentah,Master_Dataset\Mentah\DS1_C2_591_jpg.rf.22cdb6d220feb46a27fc8af3b3ce83ee.jpg,DS1_C2_591_jpg.rf.22cdb6d220feb46a27fc8af3b3ce83ee.jpg,JPEG,224,224,1.0,0.447164386510849,0.4266335070133209,0.387464702129364,d21643ab14f25594919d4961650b2e13
Mentah,Master_Dataset\Mentah\DS1_C2_592_jpg.rf.42f8ba0cb31ebc285bc1e9f8e991520a.jpg,DS1_C2_592_jpg.rf.42f8ba0cb31ebc285bc1e9f8e991520a.jpg,JPEG,224,224,1.0,0.5355578660964966,0.5056142807006836,0.37298455834388733,9954a27cc2e12b2326e06626a8d16ba3
Mentah,Master_Dataset\Mentah\DS1_C2_593_jpg.rf.8b8f1aff38186067114d7017976f7d25.jpg,DS1_C2_593_jpg.rf.8b8f1aff38186067114d7017976f7d25.jpg,JPEG,224,224,1.0,0.5946800708770752,0.5226122736930847,0.4253152906894684,3787e0a1ce2c7eb042c1359c1f8d0c87
Mentah,Master_Dataset\Mentah\DS1_C2_594_jpg.rf.b7063165abdfcf70790b8016467d208a.jpg,DS1_C2_594_jpg.rf.b7063165abdfcf70790b8016467d208a.jpg,JPEG,224,224,1.0,0.4705441892147064,0.5213741064071655,0.2474968284368515,c08853f3fef8f8138292937516f83efb
Mentah,Master_Dataset\Mentah\DS1_C2_595_jpg.rf.f70234ee98c8a3662f469279b88f0f91.jpg,DS1_C2_595_jpg.rf.f70234ee98c8a3662f469279b88f0f91.jpg,JPEG,224,224,1.0,0.5034310221672058,0.50285804271698,0.3024744689464569,d94cd910d8011b2c516a5587aa083333
Mentah,Master_Dataset\Mentah\DS1_C2_596_jpg.rf.3d354e73596a071bdbb53ca54ae405df.jpg,DS1_C2_596_jpg.rf.3d354e73596a071bdbb53ca54ae405df.jpg,JPEG,224,224,1.0,0.5381002426147461,0.49136894941329956,0.44598203897476196,3b4555c619e97ee189d06dd9ae679d98
Mentah,Master_Dataset\Mentah\DS1_C2_597_jpg.rf.6a1dcfb520f6a334138890be0f850762.jpg,DS1_C2_597_jpg.rf.6a1dcfb520f6a334138890be0f850762.jpg,JPEG,224,224,1.0,0.5599666237831116,0.5058833956718445,0.3780447840690613,8434db8e24bb04d02ece4a31b219664f
Mentah,Master_Dataset\Mentah\DS1_C2_598_jpg.rf.8ef07f2e98a24518e04338eed3d891d9.jpg,DS1_C2_598_jpg.rf.8ef07f2e98a24518e04338eed3d891d9.jpg,JPEG,224,224,1.0,0.6118353009223938,0.5189579129219055,0.41536664962768555,26197f22e0704c4a14782dbfe40b4c95
Mentah,Master_Dataset\Mentah\DS1_C2_599_jpg.rf.c4a3e7f50da8937faa5802e32dd19604.jpg,DS1_C2_599_jpg.rf.c4a3e7f50da8937faa5802e32dd19604.jpg,JPEG,224,224,1.0,0.5891503691673279,0.5766485929489136,0.4467882215976715,6ee01f0ced21b5f24d398f079d85104b
Mentah,Master_Dataset\Mentah\DS1_C2_600_jpg.rf.1bca8a99f809d54339a44a8ab18ad7dc.jpg,DS1_C2_600_jpg.rf.1bca8a99f809d54339a44a8ab18ad7dc.jpg,JPEG,224,224,1.0,0.4460272789001465,0.43641939759254456,0.41680628061294556,f26aabdbf705bab4a87a1313ba74b0ab
Mentah,Master_Dataset\Mentah\DS1_C2_601_jpg.rf.206c629c5b8bd79788d09071a52e0bce.jpg,DS1_C2_601_jpg.rf.206c629c5b8bd79788d09071a52e0bce.jpg,JPEG,224,224,1.0,0.6075791716575623,0.5433933734893799,0.452017605304718,19a6cd69b97e893f3afdb8d0df9f238b
Mentah,Master_Dataset\Mentah\DS1_C2_602_jpg.rf.b3e52f3658f21f3601396fdc7ac5a6e6.jpg,DS1_C2_602_jpg.rf.b3e52f3658f21f3601396fdc7ac5a6e6.jpg,JPEG,224,224,1.0,0.46515953540802,0.4702301621437073,0.2652372419834137,a51e16d05293870e514ccfacf0a2acf7
Mentah,Master_Dataset\Mentah\DS1_C2_603_jpg.rf.72b13c228efd64f0a028ae8651f2d212.jpg,DS1_C2_603_jpg.rf.72b13c228efd64f0a028ae8651f2d212.jpg,JPEG,224,224,1.0,0.5533532500267029,0.5814120173454285,0.33322474360466003,cf05034bf242a64b5deeda278147cecf
Mentah,Master_Dataset\Mentah\DS1_C2_604_jpg.rf.0a9e8aa80469f2725ef72457a80f8989.jpg,DS1_C2_604_jpg.rf.0a9e8aa80469f2725ef72457a80f8989.jpg,JPEG,224,224,1.0,0.3919796943664551,0.42502668499946594,0.22234731912612915,57eb5659a46afafb7609aac2f29121f1
Mentah,Master_Dataset\Mentah\DS1_C2_605_jpg.rf.9784e97540d77fbb80233a9bb2520d16.jpg,DS1_C2_605_jpg.rf.9784e97540d77fbb80233a9bb2520d16.jpg,JPEG,224,224,1.0,0.5826224088668823,0.5225802063941956,0.3561049699783325,551e48f748f38db6e317a888cd8e89e6
Mentah,Master_Dataset\Mentah\DS1_C2_606_jpg.rf.b3cd28ddd5f518a7e8d8f25a8577bf14.jpg,DS1_C2_606_jpg.rf.b3cd28ddd5f518a7e8d8f25a8577bf14.jpg,JPEG,224,224,1.0,0.4633333384990692,0.43871980905532837,0.36081188917160034,64cb72218809eeb6bbf5dc83e48506ba
Mentah,Master_Dataset\Mentah\DS1_C2_607_jpg.rf.21a43ee3d94b5042238b487af38508c1.jpg,DS1_C2_607_jpg.rf.21a43ee3d94b5042238b487af38508c1.jpg,JPEG,224,224,1.0,0.5028770565986633,0.4128628969192505,0.2608000338077545,876c2f51f93ecbff8208498834597de9
Mentah,Master_Dataset\Mentah\DS1_C2_608_jpg.rf.35a7f6e99c955e44415e4ca292176425.jpg,DS1_C2_608_jpg.rf.35a7f6e99c955e44415e4ca292176425.jpg,JPEG,224,224,1.0,0.41939350962638855,0.44958049058914185,0.30710551142692566,6b411da26479764136935d09f4cc8eda
Mentah,Master_Dataset\Mentah\DS1_C2_609_jpg.rf.90ff77eb883e5f358022afdcf5ecb05c.jpg,DS1_C2_609_jpg.rf.90ff77eb883e5f358022afdcf5ecb05c.jpg,JPEG,224,224,1.0,0.4098479449748993,0.4729965627193451,0.20552416145801544,0c989e0bc6c6a1c98b9b2c55323a135e
Mentah,Master_Dataset\Mentah\DS1_C2_610_jpg.rf.0f6433837b9a0899797de20bb6236eb8.jpg,DS1_C2_610_jpg.rf.0f6433837b9a0899797de20bb6236eb8.jpg,JPEG,224,224,1.0,0.5191489458084106,0.4901205599308014,0.38863009214401245,ad53e62243d728bbe93f4cfc59f77c91
Mentah,Master_Dataset\Mentah\DS1_C2_611_jpg.rf.10b478034025e5df1361236cfa0af864.jpg,DS1_C2_611_jpg.rf.10b478034025e5df1361236cfa0af864.jpg,JPEG,224,224,1.0,0.5320713520050049,0.5072442889213562,0.4935649633407593,54ed97556d1f676ca9130d4cb93922df
Mentah,Master_Dataset\Mentah\DS1_C2_612_jpg.rf.3b4b510af7e0348c8ce7c468fccd8537.jpg,DS1_C2_612_jpg.rf.3b4b510af7e0348c8ce7c468fccd8537.jpg,JPEG,224,224,1.0,0.6067428588867188,0.5342026352882385,0.40962743759155273,d22da23d356f65da9b9c26c526b34c33
Mentah,Master_Dataset\Mentah\DS1_C2_613_jpg.rf.f0cc9860e5edc39faac1c0edadc01134.jpg,DS1_C2_613_jpg.rf.f0cc9860e5edc39faac1c0edadc01134.jpg,JPEG,224,224,1.0,0.389757364988327,0.4386730492115021,0.3125137388706207,9b86e713681e91f931df9c014bfc860b
Mentah,Master_Dataset\Mentah\DS1_C2_614_jpg.rf.8fc866b03ef41ba0f248ab3913cf4b24.jpg,DS1_C2_614_jpg.rf.8fc866b03ef41ba0f248ab3913cf4b24.jpg,JPEG,224,224,1.0,0.5222805142402649,0.5482690334320068,0.27674609422683716,a46eda06eea4f16285a6232b444ccebc
Mentah,Master_Dataset\Mentah\DS1_C2_615_jpg.rf.68a8c05737171e10945a61d84cfeb955.jpg,DS1_C2_615_jpg.rf.68a8c05737171e10945a61d84cfeb955.jpg,JPEG,224,224,1.0,0.57704758644104,0.5339877605438232,0.3580883741378784,be2791ee28261e127f2c45332e8e89a9
Mentah,Master_Dataset\Mentah\DS1_C2_616_jpg.rf.2fad1ace83b73127acaaaea0f67498cb.jpg,DS1_C2_616_jpg.rf.2fad1ace83b73127acaaaea0f67498cb.jpg,JPEG,224,224,1.0,0.507629930973053,0.48303815722465515,0.42556536197662354,d11cf9197c44ebdd27f8507dd74839d4
Mentah,Master_Dataset\Mentah\DS1_C2_617_jpg.rf.353cb2453dbcdbfe855fbcb10bb5cbcd.jpg,DS1_C2_617_jpg.rf.353cb2453dbcdbfe855fbcb10bb5cbcd.jpg,JPEG,224,224,1.0,0.48071467876434326,0.49810636043548584,0.2538853883743286,fa6a081a230034ea5af04babeca0858e
Mentah,Master_Dataset\Mentah\DS1_C2_618_jpg.rf.eff9ba4b5ce4b79a7ac2144320ba24e4.jpg,DS1_C2_618_jpg.rf.eff9ba4b5ce4b79a7ac2144320ba24e4.jpg,JPEG,224,224,1.0,0.6254029273986816,0.550611674785614,0.43702784180641174,b117cadf14311351237453078df97d99
Mentah,Master_Dataset\Mentah\DS1_C2_619_jpg.rf.bada05fcfdd02d502633833e479f0a40.jpg,DS1_C2_619_jpg.rf.bada05fcfdd02d502633833e479f0a40.jpg,JPEG,224,224,1.0,0.5375761985778809,0.48277461528778076,0.3147179186344147,b00987a15de682c70bedc80d53ff9aeb
Mentah,Master_Dataset\Mentah\DS1_C2_620_jpg.rf.70bfd32baf826ba9b881eda854c9a35a.jpg,DS1_C2_620_jpg.rf.70bfd32baf826ba9b881eda854c9a35a.jpg,JPEG,224,224,1.0,0.5010013580322266,0.48680123686790466,0.3999314606189728,28037ab9bb1f8856ac6e91f8619a29ba
Mentah,Master_Dataset\Mentah\DS1_C2_621_jpg.rf.1a5f8b78026ab5c3d015ddd4807c817b.jpg,DS1_C2_621_jpg.rf.1a5f8b78026ab5c3d015ddd4807c817b.jpg,JPEG,224,224,1.0,0.5438381433486938,0.5567113161087036,0.34785085916519165,dca45e815f676435d50ef147339781a3
Mentah,Master_Dataset\Mentah\DS1_C2_622_jpg.rf.997287a14646db4f15b7fe73565ef6ff.jpg,DS1_C2_622_jpg.rf.997287a14646db4f15b7fe73565ef6ff.jpg,JPEG,224,224,1.0,0.45590630173683167,0.4649873673915863,0.31698349118232727,0a045cf3c2d0e5f1b1aea1c10ecefca0
Mentah,Master_Dataset\Mentah\DS1_C2_623_jpg.rf.6989c5a90db5f346ddca35fa4570d1e7.jpg,DS1_C2_623_jpg.rf.6989c5a90db5f346ddca35fa4570d1e7.jpg,JPEG,224,224,1.0,0.5290964245796204,0.48975586891174316,0.3567257523536682,dd3ca59fe8e2499334632fd83d6bba26
Mentah,Master_Dataset\Mentah\DS1_C2_624_jpg.rf.4562800a40356065be674624eac03e80.jpg,DS1_C2_624_jpg.rf.4562800a40356065be674624eac03e80.jpg,JPEG,224,224,1.0,0.4353386163711548,0.4543538987636566,0.23753410577774048,d227c42d0751b1a712bfd7f314e34c6c
Mentah,Master_Dataset\Mentah\DS1_C2_625_jpg.rf.439ed7917c7ac7b51a6b0a253c7e408f.jpg,DS1_C2_625_jpg.rf.439ed7917c7ac7b51a6b0a253c7e408f.jpg,JPEG,224,224,1.0,0.525432825088501,0.4738428592681885,0.3832032382488251,5794280a227fe1adcb827aa42339794a
Mentah,Master_Dataset\Mentah\DS1_C2_626_jpg.rf.f9967b4522ce1df8cd0db8c6b936d163.jpg,DS1_C2_626_jpg.rf.f9967b4522ce1df8cd0db8c6b936d163.jpg,JPEG,224,224,1.0,0.515245795249939,0.5026759505271912,0.3670819401741028,73d7398d2d9c3ddeaf8ebd9b1cacbfad
Mentah,Master_Dataset\Mentah\DS1_C2_627_jpg.rf.8cc6106e3151be4d362d8766ffc44a2e.jpg,DS1_C2_627_jpg.rf.8cc6106e3151be4d362d8766ffc44a2e.jpg,JPEG,224,224,1.0,0.4788304567337036,0.4802480936050415,0.305008202791214,380b699ad7e0e074b32b7f3c4f1bb1f6
Mentah,Master_Dataset\Mentah\DS1_C2_628_jpg.rf.dbb77da12c9c0f4b272d0e884e2c64c5.jpg,DS1_C2_628_jpg.rf.dbb77da12c9c0f4b272d0e884e2c64c5.jpg,JPEG,224,224,1.0,0.48247596621513367,0.46946442127227783,0.46326833963394165,814cd45ee0285a69eefe48a0190e651e
Mentah,Master_Dataset\Mentah\DS1_C2_629_jpg.rf.384d7bc4012ad4d0923387e4537a4b5f.jpg,DS1_C2_629_jpg.rf.384d7bc4012ad4d0923387e4537a4b5f.jpg,JPEG,224,224,1.0,0.369333952665329,0.4452599585056305,0.24943406879901886,836812cd8fd66be3bff0e67de9d0fb01
Mentah,Master_Dataset\Mentah\DS1_C2_630_jpg.rf.39f40463a8e1d60ddba0c0a2714a29f8.jpg,DS1_C2_630_jpg.rf.39f40463a8e1d60ddba0c0a2714a29f8.jpg,JPEG,224,224,1.0,0.5742206573486328,0.5863369107246399,0.3109874427318573,bce38398c4cb68e5c55d56db4f7ee846
Mentah,Master_Dataset\Mentah\DS1_C2_631_jpg.rf.4e3f3f16239350ffb9af8a1d4a350596.jpg,DS1_C2_631_jpg.rf.4e3f3f16239350ffb9af8a1d4a350596.jpg,JPEG,224,224,1.0,0.38959890604019165,0.3847864866256714,0.33034271001815796,20b8da997dfff8bf6c5069b006f1ef18
Mentah,Master_Dataset\Mentah\DS1_C2_632_jpg.rf.61c6f570f19afc08f664d44e7914ff3f.jpg,DS1_C2_632_jpg.rf.61c6f570f19afc08f664d44e7914ff3f.jpg,JPEG,224,224,1.0,0.480406254529953,0.49458274245262146,0.3312261402606964,bff285297136b6eab3565f658aec3cff
Mentah,Master_Dataset\Mentah\DS1_C2_633_jpg.rf.3e919ab4683292310977d187d6fd6c3f.jpg,DS1_C2_633_jpg.rf.3e919ab4683292310977d187d6fd6c3f.jpg,JPEG,224,224,1.0,0.3631731867790222,0.41146910190582275,0.2789500653743744,b67bb6a079df74d924202fa69a8d711d
Mentah,Master_Dataset\Mentah\DS1_C2_634_jpg.rf.0a4bc9c52e4931619ecc1c77ce40ae8c.jpg,DS1_C2_634_jpg.rf.0a4bc9c52e4931619ecc1c77ce40ae8c.jpg,JPEG,224,224,1.0,0.471708744764328,0.4721410572528839,0.47367459535598755,f26c88183c93e35286db78cdcadbf3ad
Mentah,Master_Dataset\Mentah\DS1_C2_635_jpg.rf.f14ac9ea014779d13be467ec0042e407.jpg,DS1_C2_635_jpg.rf.f14ac9ea014779d13be467ec0042e407.jpg,JPEG,224,224,1.0,0.47154876589775085,0.4991261065006256,0.24398307502269745,a719399b431e81dd66dbff497f51d5d1
Mentah,Master_Dataset\Mentah\DS1_C2_636_jpg.rf.02f5ebe172b017b8e1a7c2730bc438e9.jpg,DS1_C2_636_jpg.rf.02f5ebe172b017b8e1a7c2730bc438e9.jpg,JPEG,224,224,1.0,0.414410263299942,0.42644602060317993,0.38126900792121887,5d3bef0c00fa39f9b85e5f083179c7f7
Mentah,Master_Dataset\Mentah\DS1_C2_637_jpg.rf.e0098a129af48c3d2177cec0d94639ba.jpg,DS1_C2_637_jpg.rf.e0098a129af48c3d2177cec0d94639ba.jpg,JPEG,224,224,1.0,0.4759809076786041,0.5289947390556335,0.3563351631164551,ec3c2b4d756f1a7411275dbdc97d0ea4
Mentah,Master_Dataset\Mentah\DS1_C2_638_jpg.rf.c9b1261fb32fe46ead3c0e6d9e44dfb6.jpg,DS1_C2_638_jpg.rf.c9b1261fb32fe46ead3c0e6d9e44dfb6.jpg,JPEG,224,224,1.0,0.5246347784996033,0.5014508962631226,0.3208598792552948,534ed2d6cb65b9a1a8e4299ec5619135
Mentah,Master_Dataset\Mentah\DS1_C2_639_jpg.rf.df1ab0fedc2a261bc3f99574b11e81f2.jpg,DS1_C2_639_jpg.rf.df1ab0fedc2a261bc3f99574b11e81f2.jpg,JPEG,224,224,1.0,0.5951066613197327,0.5160260200500488,0.37104445695877075,5636e8f5090e45d13c5dc2d7e95b1e03
Mentah,Master_Dataset\Mentah\DS1_C2_640_jpg.rf.7c7f99a96252a48f7a1ec7eaf2dda07e.jpg,DS1_C2_640_jpg.rf.7c7f99a96252a48f7a1ec7eaf2dda07e.jpg,JPEG,224,224,1.0,0.422436386346817,0.44110891222953796,0.36894142627716064,b8d8409fc4d30a40e6e25cfb325c3507
Mentah,Master_Dataset\Mentah\DS1_C2_641_jpg.rf.f964bd94ca2edfed228f4d98b2844ec7.jpg,DS1_C2_641_jpg.rf.f964bd94ca2edfed228f4d98b2844ec7.jpg,JPEG,224,224,1.0,0.5869519114494324,0.531541109085083,0.3761104643344879,f94302b0ad107f9508f618819c48d256
Mentah,Master_Dataset\Mentah\DS1_C2_642_jpg.rf.d8a0b3b22dacaec1b2bfbf64df8960cc.jpg,DS1_C2_642_jpg.rf.d8a0b3b22dacaec1b2bfbf64df8960cc.jpg,JPEG,224,224,1.0,0.5057383179664612,0.4901064336299896,0.4184885025024414,335771c7a1b1808249bc959ec996c34b
Mentah,Master_Dataset\Mentah\DS1_C2_643_jpg.rf.d869b3d1285f55c121649f8f14928e2f.jpg,DS1_C2_643_jpg.rf.d869b3d1285f55c121649f8f14928e2f.jpg,JPEG,224,224,1.0,0.4333217442035675,0.48508307337760925,0.4249264597892761,920c59bff1d897d49458ac540a6919a2
Mentah,Master_Dataset\Mentah\DS1_C2_644_jpg.rf.e0a0ef104b3ceb443583af59eda3fded.jpg,DS1_C2_644_jpg.rf.e0a0ef104b3ceb443583af59eda3fded.jpg,JPEG,224,224,1.0,0.31554895639419556,0.38581711053848267,0.2940625250339508,6a525d278365231c0f606f3870e5d4fa
Mentah,Master_Dataset\Mentah\DS1_C2_645_jpg.rf.e57eb67df5c681a172684db6bd28c286.jpg,DS1_C2_645_jpg.rf.e57eb67df5c681a172684db6bd28c286.jpg,JPEG,224,224,1.0,0.4320697486400604,0.41568899154663086,0.408410906791687,74c00399f8538b77341dd542b8dcf213
Mentah,Master_Dataset\Mentah\DS1_C2_646_jpg.rf.7884cf72ca4905447b40d1a71a6d0abd.jpg,DS1_C2_646_jpg.rf.7884cf72ca4905447b40d1a71a6d0abd.jpg,JPEG,224,224,1.0,0.37777814269065857,0.41728249192237854,0.22255611419677734,404a85accb452df1de42ae164377691c
Mentah,Master_Dataset\Mentah\DS1_C2_647_jpg.rf.0bdaa0ddb0d3584476e4f3b8f97864ad.jpg,DS1_C2_647_jpg.rf.0bdaa0ddb0d3584476e4f3b8f97864ad.jpg,JPEG,224,224,1.0,0.477762907743454,0.47573575377464294,0.29842129349708557,aa8ac08f2b594f1f0ae3b957db866dd9
Mentah,Master_Dataset\Mentah\DS1_C2_648_jpg.rf.3ad8662708d5a2338ec614597bbbb915.jpg,DS1_C2_648_jpg.rf.3ad8662708d5a2338ec614597bbbb915.jpg,JPEG,224,224,1.0,0.4596034288406372,0.43542808294296265,0.32714003324508667,232e3d4955cb46f46d9364bfef5203f2
Mentah,Master_Dataset\Mentah\DS1_C2_649_jpg.rf.fd07c4b9d0a538e38b31c28b3aec7cc7.jpg,DS1_C2_649_jpg.rf.fd07c4b9d0a538e38b31c28b3aec7cc7.jpg,JPEG,224,224,1.0,0.4950990378856659,0.501095712184906,0.29637837409973145,e91970981c39fd43078c03551c364fcc
Mentah,Master_Dataset\Mentah\DS1_C2_650_jpg.rf.c63fa93594e5b416fae0017e2cbd44ca.jpg,DS1_C2_650_jpg.rf.c63fa93594e5b416fae0017e2cbd44ca.jpg,JPEG,224,224,1.0,0.45452746748924255,0.5239639282226562,0.23182272911071777,d6270ab2401ac76dc7ea71ff310bf608
Mentah,Master_Dataset\Mentah\DS1_C2_651_jpg.rf.52c7fa2923ba45fbbdb331d5cb7cf840.jpg,DS1_C2_651_jpg.rf.52c7fa2923ba45fbbdb331d5cb7cf840.jpg,JPEG,224,224,1.0,0.32334211468696594,0.30221128463745117,0.20306412875652313,1c4189dca63c2e768b1551066f6e5eed
Mentah,Master_Dataset\Mentah\DS1_C2_652_jpg.rf.82e6fe4ebe724e6a49ae0c9cec98073c.jpg,DS1_C2_652_jpg.rf.82e6fe4ebe724e6a49ae0c9cec98073c.jpg,JPEG,224,224,1.0,0.5308692455291748,0.4564836919307709,0.2802867293357849,fb954afc89ab2dd30c137fc55e850ed3
Mentah,Master_Dataset\Mentah\DS1_C2_653_jpg.rf.7e549d61aad146f7fb558654cf796078.jpg,DS1_C2_653_jpg.rf.7e549d61aad146f7fb558654cf796078.jpg,JPEG,224,224,1.0,0.40460360050201416,0.421231746673584,0.339986652135849,f15e60d117152fdb880794dd9585018d
Mentah,Master_Dataset\Mentah\DS1_C2_654_jpg.rf.d22c8c4ab86416d6b6854346ba283dd9.jpg,DS1_C2_654_jpg.rf.d22c8c4ab86416d6b6854346ba283dd9.jpg,JPEG,224,224,1.0,0.47515788674354553,0.5080605745315552,0.2391754537820816,66b78320a1a16a1054b45ec0eb04bbc7
Mentah,Master_Dataset\Mentah\DS1_C2_655_jpg.rf.e8ae63f92ba5b4e717e1d4acc609c5d8.jpg,DS1_C2_655_jpg.rf.e8ae63f92ba5b4e717e1d4acc609c5d8.jpg,JPEG,224,224,1.0,0.4563145935535431,0.47132518887519836,0.27260008454322815,d692e4f5f658f5cd27f57fa7d90a8811
Mentah,Master_Dataset\Mentah\DS1_C2_656_jpg.rf.eee0b65d6bf6443d5850c44ac90bf537.jpg,DS1_C2_656_jpg.rf.eee0b65d6bf6443d5850c44ac90bf537.jpg,JPEG,224,224,1.0,0.5326263904571533,0.5126920342445374,0.5053880214691162,4584e63a31f51b8d5c02820ea349b9d6
Mentah,Master_Dataset\Mentah\DS1_C2_657_jpg.rf.89b50dacaa28e634f1726dfcddd57ea9.jpg,DS1_C2_657_jpg.rf.89b50dacaa28e634f1726dfcddd57ea9.jpg,JPEG,224,224,1.0,0.3977081775665283,0.3918837606906891,0.28358402848243713,43526c1476a760d6eccfda69c9d3f578
Mentah,Master_Dataset\Mentah\DS1_C2_658_jpg.rf.41f724635498331ef30328fd586a2500.jpg,DS1_C2_658_jpg.rf.41f724635498331ef30328fd586a2500.jpg,JPEG,224,224,1.0,0.6081469058990479,0.5571094751358032,0.4173041582107544,dae5745188f2cf726a7c9c8e3cc3debc
Mentah,Master_Dataset\Mentah\DS1_C2_659_jpg.rf.a453f9492bdf039b91ecdede14bfd61e.jpg,DS1_C2_659_jpg.rf.a453f9492bdf039b91ecdede14bfd61e.jpg,JPEG,224,224,1.0,0.36982840299606323,0.4204576313495636,0.3129481077194214,272471dac371679fc707708c7b57d0b2
Mentah,Master_Dataset\Mentah\DS1_C2_660_jpg.rf.da635ca701533a16067945ba5a503c81.jpg,DS1_C2_660_jpg.rf.da635ca701533a16067945ba5a503c81.jpg,JPEG,224,224,1.0,0.4697836935520172,0.46428874135017395,0.4326412081718445,9be2a538cfe5f9c05134ceb53bb1bc0a
Mentah,Master_Dataset\Mentah\DS1_C2_661_jpg.rf.f1df6ebe340349834ee7ac682219b730.jpg,DS1_C2_661_jpg.rf.f1df6ebe340349834ee7ac682219b730.jpg,JPEG,224,224,1.0,0.3682946562767029,0.39720672369003296,0.24943146109580994,3af51fc6fbad10dea79a05e436285b43
Mentah,Master_Dataset\Mentah\DS1_C2_662_jpg.rf.61871fc941fe20665963ed1a2416cab5.jpg,DS1_C2_662_jpg.rf.61871fc941fe20665963ed1a2416cab5.jpg,JPEG,224,224,1.0,0.5377079844474792,0.49738720059394836,0.3287654519081116,cd27e3dd5bcb35bd8a034e7fae79248d
Mentah,Master_Dataset\Mentah\DS1_C2_663_jpg.rf.f7ef5248d2bb74159e77ed0d72c99b6f.jpg,DS1_C2_663_jpg.rf.f7ef5248d2bb74159e77ed0d72c99b6f.jpg,JPEG,224,224,1.0,0.5164062976837158,0.585037112236023,0.3285137712955475,f70d2ada64283dbd2444d2517b11918b
Mentah,Master_Dataset\Mentah\DS1_C2_664_jpg.rf.2d225bb6d0432f1a27e86a2903a502c4.jpg,DS1_C2_664_jpg.rf.2d225bb6d0432f1a27e86a2903a502c4.jpg,JPEG,224,224,1.0,0.4432026743888855,0.45706117153167725,0.3352014124393463,21257748b8bdb7d7a1d289da2a28e346
Mentah,Master_Dataset\Mentah\DS1_C2_665_jpg.rf.07f46478f7f2fa09dff9d9bd1fec7edd.jpg,DS1_C2_665_jpg.rf.07f46478f7f2fa09dff9d9bd1fec7edd.jpg,JPEG,224,224,1.0,0.5125880837440491,0.4880782961845398,0.3334706425666809,ba70e8fa72a19855d7629879d67eccad
Mentah,Master_Dataset\Mentah\DS1_C2_666_jpg.rf.cafed26fed1e12b31fdb8fa18862567e.jpg,DS1_C2_666_jpg.rf.cafed26fed1e12b31fdb8fa18862567e.jpg,JPEG,224,224,1.0,0.47591865062713623,0.5554336309432983,0.2768492102622986,037529bf958456ba7342f9e92a65d812
Mentah,Master_Dataset\Mentah\DS1_C2_667_jpg.rf.0dfdd69419952c76d4d6306cac800cb8.jpg,DS1_C2_667_jpg.rf.0dfdd69419952c76d4d6306cac800cb8.jpg,JPEG,224,224,1.0,0.45660334825515747,0.4253735840320587,0.2970729172229767,8109c7970a7adc7a2ce7e7fff378fbe0
Mentah,Master_Dataset\Mentah\DS1_C2_668_jpg.rf.f9e94c6f6b930d538a70cab0c68cf8cb.jpg,DS1_C2_668_jpg.rf.f9e94c6f6b930d538a70cab0c68cf8cb.jpg,JPEG,224,224,1.0,0.4096209704875946,0.4262658357620239,0.2750283181667328,69e663428b5b3b649d10d854d5ac3914
Mentah,Master_Dataset\Mentah\DS1_C2_669_jpg.rf.a48d5419c6e689c1a58142d98eb24f93.jpg,DS1_C2_669_jpg.rf.a48d5419c6e689c1a58142d98eb24f93.jpg,JPEG,224,224,1.0,0.44946932792663574,0.457078754901886,0.26885080337524414,bb0b864985f0e899415938ae39c63da3
Mentah,Master_Dataset\Mentah\DS1_C2_670_jpg.rf.3ca4f19b78c7919c23e1e099d1348b13.jpg,DS1_C2_670_jpg.rf.3ca4f19b78c7919c23e1e099d1348b13.jpg,JPEG,224,224,1.0,0.5094489455223083,0.460018128156662,0.31724831461906433,24ffd6a5c4dd355c69f88d50edf8d93e
Mentah,Master_Dataset\Mentah\DS1_C2_671_jpg.rf.94040249f9a8a7cec1e3afb3bd4e6bae.jpg,DS1_C2_671_jpg.rf.94040249f9a8a7cec1e3afb3bd4e6bae.jpg,JPEG,224,224,1.0,0.530444324016571,0.5814186930656433,0.3193999230861664,a3d995bcb94d0cbdb21dda686c670f19
Mentah,Master_Dataset\Mentah\DS1_C2_672_jpg.rf.1e9dcfe608221813180555218418df00.jpg,DS1_C2_672_jpg.rf.1e9dcfe608221813180555218418df00.jpg,JPEG,224,224,1.0,0.5575214624404907,0.5503868460655212,0.39594417810440063,17bd8c82c3ff798d94cc7b47ec795d1f
Mentah,Master_Dataset\Mentah\DS1_C2_673_jpg.rf.9692ce4c007f33347fc1adaa5881c2dd.jpg,DS1_C2_673_jpg.rf.9692ce4c007f33347fc1adaa5881c2dd.jpg,JPEG,224,224,1.0,0.5517659187316895,0.48870426416397095,0.3755894899368286,739139bf10555bae16d18ba28bebc7ea
Mentah,Master_Dataset\Mentah\DS1_C2_674_jpg.rf.49be9f20a3d3d0ed4986b977f1df9cfb.jpg,DS1_C2_674_jpg.rf.49be9f20a3d3d0ed4986b977f1df9cfb.jpg,JPEG,224,224,1.0,0.42303842306137085,0.39986124634742737,0.3533931076526642,b8add982734a6b4dfdc8763c99bfd2f9
Mentah,Master_Dataset\Mentah\DS1_C2_675_jpg.rf.d52ea96eacdf2bf69f55502116dad8ee.jpg,DS1_C2_675_jpg.rf.d52ea96eacdf2bf69f55502116dad8ee.jpg,JPEG,224,224,1.0,0.3658673167228699,0.40113911032676697,0.30442193150520325,9a5253d8d7e37bdf266f2b2689bf0438
Mentah,Master_Dataset\Mentah\DS1_C2_676_jpg.rf.311ed6dbe3f76082d0b79d2eb257a103.jpg,DS1_C2_676_jpg.rf.311ed6dbe3f76082d0b79d2eb257a103.jpg,JPEG,224,224,1.0,0.42948654294013977,0.47745925188064575,0.21124286949634552,2ba32a821d58d69951490768a6034794
Mentah,Master_Dataset\Mentah\DS1_C2_677_jpg.rf.9b8bbfd84f8b484600df86dd185182b0.jpg,DS1_C2_677_jpg.rf.9b8bbfd84f8b484600df86dd185182b0.jpg,JPEG,224,224,1.0,0.4398444890975952,0.5142243504524231,0.28479161858558655,6ff78d2633015ea60af142923f11d573
Mentah,Master_Dataset\Mentah\DS1_C2_678_jpg.rf.e023435dc98777d4a2a57ec0a690ab97.jpg,DS1_C2_678_jpg.rf.e023435dc98777d4a2a57ec0a690ab97.jpg,JPEG,224,224,1.0,0.6049424409866333,0.49553239345550537,0.3768574893474579,4c4fa93996b0a08c2fa97adb74dd1968
Mentah,Master_Dataset\Mentah\DS1_C2_679_jpg.rf.303aad3badcb355eb90c1baff2456f1c.jpg,DS1_C2_679_jpg.rf.303aad3badcb355eb90c1baff2456f1c.jpg,JPEG,224,224,1.0,0.7554633617401123,0.64556884765625,0.5368056297302246,22ff774fc691895ab15a508cd5b222a9
Mentah,Master_Dataset\Mentah\DS1_C2_680_jpg.rf.71f6e22bf0145b5dab6c6fe1e8811429.jpg,DS1_C2_680_jpg.rf.71f6e22bf0145b5dab6c6fe1e8811429.jpg,JPEG,224,224,1.0,0.4706549644470215,0.47667425870895386,0.42366111278533936,6696ac0c6b7a5d19b8adb4c156d8b701
Mentah,Master_Dataset\Mentah\DS1_C2_681_jpg.rf.25f4371fac67932fe15428cefe1c5d61.jpg,DS1_C2_681_jpg.rf.25f4371fac67932fe15428cefe1c5d61.jpg,JPEG,224,224,1.0,0.4805128276348114,0.4494211673736572,0.3491026759147644,c81feb89d68d298f10cd7f28a41b2ca8
Mentah,Master_Dataset\Mentah\DS1_C2_682_jpg.rf.69679eca26a7fd643162e44c58682429.jpg,DS1_C2_682_jpg.rf.69679eca26a7fd643162e44c58682429.jpg,JPEG,224,224,1.0,0.39283180236816406,0.4386146664619446,0.35200345516204834,e2eff3257fe11c6dff33a215c5519c27
Mentah,Master_Dataset\Mentah\DS1_C2_683_jpg.rf.b58ebbbad22700ebb6eb8889867b212a.jpg,DS1_C2_683_jpg.rf.b58ebbbad22700ebb6eb8889867b212a.jpg,JPEG,224,224,1.0,0.6395248770713806,0.6011724472045898,0.43338310718536377,323f0e6d1131f01cf7831f86b72a7d57
Mentah,Master_Dataset\Mentah\DS1_C2_684_jpg.rf.0281c173feff1e20ddb3c6123764a563.jpg,DS1_C2_684_jpg.rf.0281c173feff1e20ddb3c6123764a563.jpg,JPEG,224,224,1.0,0.4501551687717438,0.4870332181453705,0.2103181928396225,77ca0e5f3a33adff1ea9fb3a00dfd51c
Mentah,Master_Dataset\Mentah\DS1_C2_685_jpg.rf.a2f75b22c389b8b6dc644bb3faf3e774.jpg,DS1_C2_685_jpg.rf.a2f75b22c389b8b6dc644bb3faf3e774.jpg,JPEG,224,224,1.0,0.41934478282928467,0.4267474412918091,0.3510715663433075,65dd589e40a7fb84621c84615e8c97e0
Mentah,Master_Dataset\Mentah\DS1_C2_686_jpg.rf.8dc711fc5a1a04b9c882064b1083a5fb.jpg,DS1_C2_686_jpg.rf.8dc711fc5a1a04b9c882064b1083a5fb.jpg,JPEG,224,224,1.0,0.5483300685882568,0.5867396593093872,0.3781297206878662,16a3d6ae05a084fbe334fc0dbc085b4d
Mentah,Master_Dataset\Mentah\DS1_C2_687_jpg.rf.65d8742973804a1697148fb06451feeb.jpg,DS1_C2_687_jpg.rf.65d8742973804a1697148fb06451feeb.jpg,JPEG,224,224,1.0,0.43810153007507324,0.442844420671463,0.36797934770584106,d93d6ac61946814019cde6e361c8d243
Mentah,Master_Dataset\Mentah\DS1_C2_688_jpg.rf.f75423fc8a8e8bfa1e9df0d5fd7ae450.jpg,DS1_C2_688_jpg.rf.f75423fc8a8e8bfa1e9df0d5fd7ae450.jpg,JPEG,224,224,1.0,0.5168083906173706,0.4917474687099457,0.2967800796031952,068a0d222eaab17014303f999a8f537b
Mentah,Master_Dataset\Mentah\DS1_C2_689_jpg.rf.d25fbe9f7122a2bc2f6603d6b09deaab.jpg,DS1_C2_689_jpg.rf.d25fbe9f7122a2bc2f6603d6b09deaab.jpg,JPEG,224,224,1.0,0.49341127276420593,0.5194414854049683,0.27281543612480164,146e46e323d2ef073ae78aeac2c2c642
Mentah,Master_Dataset\Mentah\DS1_C2_690_jpg.rf.72055e639b3ffec582e81bff8628d42a.jpg,DS1_C2_690_jpg.rf.72055e639b3ffec582e81bff8628d42a.jpg,JPEG,224,224,1.0,0.4565907418727875,0.4735451638698578,0.44732022285461426,985f90e2e74e68823037852cebedc879
Mentah,Master_Dataset\Mentah\DS1_C2_691_jpg.rf.7468be6dd32dbfa0e3864e27aab6d538.jpg,DS1_C2_691_jpg.rf.7468be6dd32dbfa0e3864e27aab6d538.jpg,JPEG,224,224,1.0,0.6009925603866577,0.5080857872962952,0.41725078225135803,63b0bfd456b3a6ea9280c8d87de5458e
Mentah,Master_Dataset\Mentah\DS1_C2_692_jpg.rf.66138ba838e14e98b0ef77f3fe588d7b.jpg,DS1_C2_692_jpg.rf.66138ba838e14e98b0ef77f3fe588d7b.jpg,JPEG,224,224,1.0,0.5096346735954285,0.4733562767505646,0.38580042123794556,fd35ded35bbe091b743f3d5612aa37ba
Mentah,Master_Dataset\Mentah\DS2_I1.jpg,DS2_I1.jpg,JPEG,505,505,1.0,0.4511468708515167,0.44097277522087097,0.387692391872406,edc729c54544c69fc773727e1a874090
Mentah,Master_Dataset\Mentah\DS2_I10.jpg,DS2_I10.jpg,JPEG,505,505,1.0,0.42379626631736755,0.44730237126350403,0.356179416179657,7a58f8e74c3a8d105935fe06b3e27c28
Mentah,Master_Dataset\Mentah\DS2_I100.jpg,DS2_I100.jpg,JPEG,505,505,1.0,0.3671055734157562,0.3294956088066101,0.3112163841724396,e65b0982e1d53e58a2e5cb7678edd6c3
Mentah,Master_Dataset\Mentah\DS2_I101.jpg,DS2_I101.jpg,JPEG,505,505,1.0,0.3765959143638611,0.32659438252449036,0.2555539608001709,34b6e4f6d2dc0998362ca847fb8b4bd8
Mentah,Master_Dataset\Mentah\DS2_I102.jpg,DS2_I102.jpg,JPEG,505,505,1.0,0.251597136259079,0.2927837371826172,0.16354326903820038,0f08c479c0edd67dc90d060926468252
Mentah,Master_Dataset\Mentah\DS2_I103.jpg,DS2_I103.jpg,JPEG,505,505,1.0,0.3129212260246277,0.35808679461479187,0.20988164842128754,d621f1067458cb2f6138cc6422ef3efb
Mentah,Master_Dataset\Mentah\DS2_I104.jpg,DS2_I104.jpg,JPEG,505,505,1.0,0.37230414152145386,0.349077045917511,0.2856830954551697,15405e8f7fbb4ea9ee16ec3978cca2ab
Mentah,Master_Dataset\Mentah\DS2_I105.jpg,DS2_I105.jpg,JPEG,505,505,1.0,0.37487587332725525,0.34386539459228516,0.28763970732688904,3933d2226a179b13dd504f5a56368ec2
Mentah,Master_Dataset\Mentah\DS2_I106.jpg,DS2_I106.jpg,JPEG,505,505,1.0,0.33402636647224426,0.3582380712032318,0.23637908697128296,2b57f7b02eaa2e5869da25c46753a62d
Mentah,Master_Dataset\Mentah\DS2_I107.jpg,DS2_I107.jpg,JPEG,505,505,1.0,0.286239892244339,0.32795172929763794,0.1908712089061737,7351872ee952e10ce22fb6c3879dd68b
Mentah,Master_Dataset\Mentah\DS2_I108.jpg,DS2_I108.jpg,JPEG,505,505,1.0,0.2764248251914978,0.3339919447898865,0.17559914290905,fa58023cf901924c5630becf4ca6acba
Mentah,Master_Dataset\Mentah\DS2_I109.jpg,DS2_I109.jpg,JPEG,505,505,1.0,0.31379812955856323,0.3318997323513031,0.2182547003030777,945f9233047e6ceccbdf1f33a422fb2a
Mentah,Master_Dataset\Mentah\DS2_I11.jpg,DS2_I11.jpg,JPEG,505,505,1.0,0.43218743801116943,0.44147926568984985,0.37308549880981445,21a44b8ae9147f26a4155d83e8f60963
Mentah,Master_Dataset\Mentah\DS2_I110.jpg,DS2_I110.jpg,JPEG,505,505,1.0,0.3389802575111389,0.34144487977027893,0.22341598570346832,66fb6d79138ffa757b1fb5fe9a855939
Mentah,Master_Dataset\Mentah\DS2_I111.jpg,DS2_I111.jpg,JPEG,505,505,1.0,0.2869289815425873,0.34809964895248413,0.1797848641872406,c25e5c0f8132da2d0df47fb9a7c916af
Mentah,Master_Dataset\Mentah\DS2_I112.jpg,DS2_I112.jpg,JPEG,505,505,1.0,0.24156896770000458,0.2994624972343445,0.1517324447631836,e71fb8e0c69ecccb6c4db7cca0419486
Mentah,Master_Dataset\Mentah\DS2_I113.jpg,DS2_I113.jpg,JPEG,505,505,1.0,0.2746413052082062,0.3240390121936798,0.17747601866722107,cc8f0ce5df9d92377a037e8837699177
Mentah,Master_Dataset\Mentah\DS2_I114.jpg,DS2_I114.jpg,JPEG,505,505,1.0,0.26421186327934265,0.3271855413913727,0.15267589688301086,389c46da58eaa7ad2c374cdd481ff7c9
Mentah,Master_Dataset\Mentah\DS2_I115.jpg,DS2_I115.jpg,JPEG,505,505,1.0,0.28604769706726074,0.3433375954627991,0.18064825236797333,cd3bab86cca7bcab1aa2350adeb065c8
Mentah,Master_Dataset\Mentah\DS2_I116.jpg,DS2_I116.jpg,JPEG,505,505,1.0,0.24758142232894897,0.3233230412006378,0.13610483705997467,1f5cb6219be37de6f43703195ac6cb73
Mentah,Master_Dataset\Mentah\DS2_I117.jpg,DS2_I117.jpg,JPEG,505,505,1.0,0.27003470063209534,0.3415369689464569,0.1575760394334793,625571fd6062f7c6a6fea4ab0b025ca8
Mentah,Master_Dataset\Mentah\DS2_I118.jpg,DS2_I118.jpg,JPEG,505,505,1.0,0.2707882821559906,0.34064048528671265,0.14749686419963837,f2c0f68fc14542c234a7431a576283fe
Mentah,Master_Dataset\Mentah\DS2_I119.jpg,DS2_I119.jpg,JPEG,505,505,1.0,0.24351730942726135,0.29865190386772156,0.1322128027677536,cbb7053c6532127741fd349862790d01
Mentah,Master_Dataset\Mentah\DS2_I12.jpg,DS2_I12.jpg,JPEG,505,505,1.0,0.4850624203681946,0.4847533106803894,0.4182470142841339,59e3db8494e3ded12ff4eec55a93461e
Mentah,Master_Dataset\Mentah\DS2_I120.jpg,DS2_I120.jpg,JPEG,505,505,1.0,0.25706008076667786,0.32141032814979553,0.16302286088466644,96070a5eac8c750d98c047c4c776be55
Mentah,Master_Dataset\Mentah\DS2_I121.jpg,DS2_I121.jpg,JPEG,505,505,1.0,0.26538747549057007,0.3544749617576599,0.15602461993694305,cc6a8a820142eb1a39143f7f284e6e63
Mentah,Master_Dataset\Mentah\DS2_I122.jpg,DS2_I122.jpg,JPEG,505,505,1.0,0.24257786571979523,0.3288944661617279,0.14128518104553223,0069791d185dfa4914e03bd1767ab07c
Mentah,Master_Dataset\Mentah\DS2_I123.jpg,DS2_I123.jpg,JPEG,505,505,1.0,0.29146838188171387,0.3618185520172119,0.18048375844955444,5b1f12e05d508dac522d3ba08061faa8
Mentah,Master_Dataset\Mentah\DS2_I124.jpg,DS2_I124.jpg,JPEG,505,505,1.0,0.30442529916763306,0.34433746337890625,0.19424450397491455,2603b336378e30a9cb331a0225c955b7
Mentah,Master_Dataset\Mentah\DS2_I125.jpg,DS2_I125.jpg,JPEG,505,505,1.0,0.32001540064811707,0.3421841859817505,0.22591926157474518,313872c41e8bc6696ddb92d0621eb9d2
Mentah,Master_Dataset\Mentah\DS2_I126.jpg,DS2_I126.jpg,JPEG,505,505,1.0,0.24106323719024658,0.31004598736763,0.15913361310958862,68a8c52315f729f432765e0d5b66d92f
Mentah,Master_Dataset\Mentah\DS2_I127.jpg,DS2_I127.jpg,JPEG,505,505,1.0,0.28777211904525757,0.3307410776615143,0.18014301359653473,cf5c1447d8ab020b9e673cd938400df5
Mentah,Master_Dataset\Mentah\DS2_I128.jpg,DS2_I128.jpg,JPEG,505,505,1.0,0.30012384057044983,0.33701854944229126,0.1916676014661789,4c7d95acd9a5e726b53e68562651bcdf
Mentah,Master_Dataset\Mentah\DS2_I129.jpg,DS2_I129.jpg,JPEG,505,505,1.0,0.22447195649147034,0.2780640721321106,0.1224006786942482,1273015bcfa332f56e59871047921855
Mentah,Master_Dataset\Mentah\DS2_I13.jpg,DS2_I13.jpg,JPEG,505,505,1.0,0.38515394926071167,0.3565514385700226,0.30819976329803467,32e76e56d9b8c2758446c0627f7a92fc
Mentah,Master_Dataset\Mentah\DS2_I130.jpg,DS2_I130.jpg,JPEG,505,505,1.0,0.27010300755500793,0.33084118366241455,0.15701080858707428,ba0e3fc2368032ada5d4fc0c403e2e51
Mentah,Master_Dataset\Mentah\DS2_I131.jpg,DS2_I131.jpg,JPEG,505,505,1.0,0.2661997377872467,0.32485106587409973,0.1802467703819275,2ffcb4c431011ba108f79b783c9ea69b
Mentah,Master_Dataset\Mentah\DS2_I132.jpg,DS2_I132.jpg,JPEG,505,505,1.0,0.33030781149864197,0.3515855073928833,0.21439485251903534,1b0cc588a8b3fd5d5c3e1ba20d056975
Mentah,Master_Dataset\Mentah\DS2_I133.jpg,DS2_I133.jpg,JPEG,505,505,1.0,0.27880483865737915,0.3140157461166382,0.19737322628498077,542c338a38c950fd67431abb5030ba0a
Mentah,Master_Dataset\Mentah\DS2_I134.jpg,DS2_I134.jpg,JPEG,505,505,1.0,0.25372639298439026,0.34291571378707886,0.16182929277420044,ebe52583b0a7ce8087705b243b73282d
Mentah,Master_Dataset\Mentah\DS2_I135.jpg,DS2_I135.jpg,JPEG,505,505,1.0,0.25589364767074585,0.3226179778575897,0.16800306737422943,85867f6593d4daf8e64ad80824af3b0e
Mentah,Master_Dataset\Mentah\DS2_I136.jpg,DS2_I136.jpg,JPEG,505,505,1.0,0.3888096511363983,0.38174399733543396,0.3235219120979309,265595ed67f8b29c7fe2a27d965c0022
Mentah,Master_Dataset\Mentah\DS2_I137.jpg,DS2_I137.jpg,JPEG,505,505,1.0,0.3187727630138397,0.40004298090934753,0.23717887699604034,c3a15be7e5f3e36311fb8606a6f369ed
Mentah,Master_Dataset\Mentah\DS2_I138.jpg,DS2_I138.jpg,JPEG,505,505,1.0,0.32068583369255066,0.3651677966117859,0.23127366602420807,2348ad9c22ea7da028767c9fe0368dd5
Mentah,Master_Dataset\Mentah\DS2_I139.jpg,DS2_I139.jpg,JPEG,505,505,1.0,0.36219680309295654,0.3615269660949707,0.2717718780040741,05013feb7379432132e1747701e1ead0
Mentah,Master_Dataset\Mentah\DS2_I14.jpg,DS2_I14.jpg,JPEG,505,505,1.0,0.2683905363082886,0.28813427686691284,0.24498969316482544,a4041c40e02c8370cda5d1bd4777f45b
Mentah,Master_Dataset\Mentah\DS2_I140.jpg,DS2_I140.jpg,JPEG,505,505,1.0,0.25579336285591125,0.33334261178970337,0.14747697114944458,b0c0eceefa0603f050fb018482a594c8
Mentah,Master_Dataset\Mentah\DS2_I141.jpg,DS2_I141.jpg,JPEG,505,505,1.0,0.29399603605270386,0.37331247329711914,0.19130347669124603,09a873ce870914145a14271d662447ac
Mentah,Master_Dataset\Mentah\DS2_I142.jpg,DS2_I142.jpg,JPEG,505,505,1.0,0.28624001145362854,0.3346695601940155,0.21052849292755127,f9940e2d621b88a6d2374b4b623082d2
Mentah,Master_Dataset\Mentah\DS2_I143.jpg,DS2_I143.jpg,JPEG,505,505,1.0,0.3022881746292114,0.36154037714004517,0.1913064867258072,f8bf657770515aed8933757eb3c17d28
Mentah,Master_Dataset\Mentah\DS2_I144.jpg,DS2_I144.jpg,JPEG,505,505,1.0,0.3120274245738983,0.35233524441719055,0.20124171674251556,41a563e010a10d89af3f27c3b51b63dd
Mentah,Master_Dataset\Mentah\DS2_I145.jpg,DS2_I145.jpg,JPEG,505,505,1.0,0.3494426906108856,0.4232819676399231,0.21586936712265015,ad00d8093805b48abbc30a5c62551760
Mentah,Master_Dataset\Mentah\DS2_I146.jpg,DS2_I146.jpg,JPEG,505,505,1.0,0.3388547897338867,0.37605050206184387,0.2453589290380478,2a9532ae8340fcaec4279ca05559b2c8
Mentah,Master_Dataset\Mentah\DS2_I147.jpg,DS2_I147.jpg,JPEG,505,505,1.0,0.3228176534175873,0.41726064682006836,0.1912018209695816,f6090e5ea38fdec2430cc95f1cd199da
Mentah,Master_Dataset\Mentah\DS2_I148.jpg,DS2_I148.jpg,JPEG,505,505,1.0,0.296356737613678,0.3964274227619171,0.15929536521434784,5d11a53878d6f962b8f0e0a75c48e4f7
Mentah,Master_Dataset\Mentah\DS2_I149.jpg,DS2_I149.jpg,JPEG,505,505,1.0,0.2765843868255615,0.3574141263961792,0.15215808153152466,8440c6e999082c44fe55227631798056
Mentah,Master_Dataset\Mentah\DS2_I15.jpg,DS2_I15.jpg,JPEG,505,505,1.0,0.3726911246776581,0.389721155166626,0.29007503390312195,34eb6a06604bda96c718fd809f2d7835
Mentah,Master_Dataset\Mentah\DS2_I150.jpg,DS2_I150.jpg,JPEG,505,505,1.0,0.33004871010780334,0.39340007305145264,0.21521590650081635,4713495e7971cfa4b8ad7d020856d987
Mentah,Master_Dataset\Mentah\DS2_I151.jpg,DS2_I151.jpg,JPEG,505,505,1.0,0.30716875195503235,0.337774395942688,0.21526910364627838,842516b0dc58b76d5e580ac3e8934d55
Mentah,Master_Dataset\Mentah\DS2_I152.jpg,DS2_I152.jpg,JPEG,505,505,1.0,0.2594466209411621,0.3139021396636963,0.14686466753482819,378ebbf718a67f5005913f442835d4df
Mentah,Master_Dataset\Mentah\DS2_I153.jpg,DS2_I153.jpg,JPEG,505,505,1.0,0.23324070870876312,0.2973257601261139,0.13368378579616547,bf44ce190cee7c3dd30f6505d867d44b
Mentah,Master_Dataset\Mentah\DS2_I154.jpg,DS2_I154.jpg,JPEG,505,505,1.0,0.24748507142066956,0.3265424966812134,0.15152840316295624,d59c34ade915e7da867cde79691fa10b
Mentah,Master_Dataset\Mentah\DS2_I155.jpg,DS2_I155.jpg,JPEG,505,505,1.0,0.24790917336940765,0.3261120915412903,0.14065833389759064,7733cda20d604f4c83921031503338e5
Mentah,Master_Dataset\Mentah\DS2_I156.jpg,DS2_I156.jpg,JPEG,505,505,1.0,0.34216663241386414,0.3678833842277527,0.22421595454216003,83d8ece76c9f925e612d14ea23d06b6d
Mentah,Master_Dataset\Mentah\DS2_I157.jpg,DS2_I157.jpg,JPEG,505,505,1.0,0.2791407108306885,0.3281944692134857,0.18396371603012085,aa203f5857f57795cfa8036d8294b064
Mentah,Master_Dataset\Mentah\DS2_I158.jpg,DS2_I158.jpg,JPEG,505,505,1.0,0.2753450572490692,0.3526502847671509,0.15235558152198792,46c6b37051cb87710a6e6380d97cc601
Mentah,Master_Dataset\Mentah\DS2_I159.jpg,DS2_I159.jpg,JPEG,505,505,1.0,0.286117285490036,0.3153030276298523,0.18396718800067902,c63bba3e88eebe48cef7660061673177
Mentah,Master_Dataset\Mentah\DS2_I16.jpg,DS2_I16.jpg,JPEG,505,505,1.0,0.3195520043373108,0.33658310770988464,0.2431204915046692,c46cbac3237107b588bc6197edf4adce
Mentah,Master_Dataset\Mentah\DS2_I160.jpg,DS2_I160.jpg,JPEG,505,505,1.0,0.29326146841049194,0.3490310311317444,0.180259570479393,847cadd6c00b6fbe21552a5b1ea8c53e
Mentah,Master_Dataset\Mentah\DS2_I161.jpg,DS2_I161.jpg,JPEG,505,505,1.0,0.2937745451927185,0.3858531713485718,0.1406911462545395,01819ee3938fb5b0e9b1ce46332a0e09
Mentah,Master_Dataset\Mentah\DS2_I162.jpg,DS2_I162.jpg,JPEG,505,505,1.0,0.2900688350200653,0.3699626922607422,0.15636500716209412,9f3e9bc0d37cab4449bd33fa89c62300
Mentah,Master_Dataset\Mentah\DS2_I163.jpg,DS2_I163.jpg,JPEG,505,505,1.0,0.2776435911655426,0.32884490489959717,0.19131706655025482,627ce9e67b61008a3efbb85994a786f6
Mentah,Master_Dataset\Mentah\DS2_I164.jpg,DS2_I164.jpg,JPEG,505,505,1.0,0.2666219174861908,0.31726428866386414,0.17941175401210785,76b7b1a48feff108ba06a9250fe05e4d
Mentah,Master_Dataset\Mentah\DS2_I165.jpg,DS2_I165.jpg,JPEG,505,505,1.0,0.2644193172454834,0.3156515061855316,0.17797258496284485,e2baa3c0495f15cb63fa061759564ef4
Mentah,Master_Dataset\Mentah\DS2_I166.jpg,DS2_I166.jpg,JPEG,505,505,1.0,0.2003738135099411,0.26862266659736633,0.12167705595493317,b7a9842ca7a37a58d6459ad9e5301355
Mentah,Master_Dataset\Mentah\DS2_I167.jpg,DS2_I167.jpg,JPEG,505,505,1.0,0.23963971436023712,0.31386470794677734,0.13222196698188782,260dedb84b824ef1c26e4e10cecf29f4
Mentah,Master_Dataset\Mentah\DS2_I168.jpg,DS2_I168.jpg,JPEG,505,505,1.0,0.26703548431396484,0.33611005544662476,0.16814172267913818,39972527721f09bac7b482b0dd8f5e7a
Mentah,Master_Dataset\Mentah\DS2_I169.jpg,DS2_I169.jpg,JPEG,505,505,1.0,0.2610512673854828,0.338096559047699,0.13804766535758972,606ef9fb59306bc5fe7e7af2ccc63680
Mentah,Master_Dataset\Mentah\DS2_I17.jpg,DS2_I17.jpg,JPEG,505,505,1.0,0.4275057315826416,0.4404395818710327,0.38626691699028015,7184666b4602635384b645058861114b
Mentah,Master_Dataset\Mentah\DS2_I170.jpg,DS2_I170.jpg,JPEG,505,505,1.0,0.24751389026641846,0.34580355882644653,0.1225440576672554,1949660407bbdb207ac9e9e0dd331f83
Mentah,Master_Dataset\Mentah\DS2_I171.jpg,DS2_I171.jpg,JPEG,505,505,1.0,0.3374687731266022,0.3463943600654602,0.20427662134170532,5ac095db802de2787a14c1893b1c2291
Mentah,Master_Dataset\Mentah\DS2_I172.jpg,DS2_I172.jpg,JPEG,505,505,1.0,0.33726486563682556,0.3473323583602905,0.21080981194972992,70008dfa856c6d56201f76877b7219a4
Mentah,Master_Dataset\Mentah\DS2_I173.jpg,DS2_I173.jpg,JPEG,505,505,1.0,0.2488003373146057,0.34125956892967224,0.12929880619049072,3cfc24f30d9d8388e19fb954e2608979
Mentah,Master_Dataset\Mentah\DS2_I174.jpg,DS2_I174.jpg,JPEG,505,505,1.0,0.3198186457157135,0.3995302617549896,0.17381130158901215,5e4c322088e6a3142b511bd27fcd76cd
Mentah,Master_Dataset\Mentah\DS2_I175.jpg,DS2_I175.jpg,JPEG,505,505,1.0,0.3537534177303314,0.37350544333457947,0.23118114471435547,ec94c1d64348e01da933503f3b412ac9
Mentah,Master_Dataset\Mentah\DS2_I176.jpg,DS2_I176.jpg,JPEG,505,505,1.0,0.372272253036499,0.38951531052589417,0.2418372482061386,59b0b776fe76df57096e5a9cf643b538
Mentah,Master_Dataset\Mentah\DS2_I177.jpg,DS2_I177.jpg,JPEG,505,505,1.0,0.24790842831134796,0.31517910957336426,0.1597941666841507,ad6b5f7b7563a7a8e5cf91f39cbc5d61
Mentah,Master_Dataset\Mentah\DS2_I178.jpg,DS2_I178.jpg,JPEG,505,505,1.0,0.24975064396858215,0.3220369517803192,0.16118910908699036,470c9be40c5b87095a89a31a7062758f
Mentah,Master_Dataset\Mentah\DS2_I179.jpg,DS2_I179.jpg,JPEG,505,505,1.0,0.28313130140304565,0.35866284370422363,0.17206087708473206,c78a3cbd0debd533254bea8b7294b030
Mentah,Master_Dataset\Mentah\DS2_I18.jpg,DS2_I18.jpg,JPEG,505,505,1.0,0.35441362857818604,0.36866405606269836,0.3087364733219147,b474e8d3bf91370bb1a7df42a445dba2
Mentah,Master_Dataset\Mentah\DS2_I180.jpg,DS2_I180.jpg,JPEG,505,505,1.0,0.2526479661464691,0.3362337350845337,0.13962620496749878,948a0b06e0d08e575aaf72cf4411b829
Mentah,Master_Dataset\Mentah\DS2_I181.jpg,DS2_I181.jpg,JPEG,505,505,1.0,0.2672765552997589,0.35849303007125854,0.1519022136926651,53c45b7a52660b5f1495ee9cf131a05c
Mentah,Master_Dataset\Mentah\DS2_I182.jpg,DS2_I182.jpg,JPEG,505,505,1.0,0.3619295358657837,0.37862417101860046,0.2733768820762634,e51c6faed2248aba7f4a92cce078e3f3
Mentah,Master_Dataset\Mentah\DS2_I183.jpg,DS2_I183.jpg,JPEG,1009,1009,1.0,0.2499757558107376,0.3072892725467682,0.16343095898628235,fc67708715d460ad0113bac6a5b8b4b1
Mentah,Master_Dataset\Mentah\DS2_I184.jpg,DS2_I184.jpg,JPEG,505,505,1.0,0.2508613169193268,0.30688250064849854,0.16684390604496002,4a4b5f5091b58b24eed70e81a157e49f
Mentah,Master_Dataset\Mentah\DS2_I185.jpg,DS2_I185.jpg,JPEG,505,505,1.0,0.3654588460922241,0.4219030737876892,0.26624596118927,b79d7332c19656d5ae4ce74e1df3eb85
Mentah,Master_Dataset\Mentah\DS2_I186.jpg,DS2_I186.jpg,JPEG,1009,1009,1.0,0.3492773175239563,0.36807316541671753,0.2410045713186264,7edb4c4805aa366ef9d5744e64590af7
Mentah,Master_Dataset\Mentah\DS2_I187.jpg,DS2_I187.jpg,JPEG,505,505,1.0,0.3495742678642273,0.36789917945861816,0.24306219816207886,55fb1d29168efdf6c78558043900d98c
Mentah,Master_Dataset\Mentah\DS2_I188.jpg,DS2_I188.jpg,JPEG,505,505,1.0,0.24057286977767944,0.2736953794956207,0.1146993637084961,124574709f3963ac4ef532bfe0e1fe69
Mentah,Master_Dataset\Mentah\DS2_I189.jpg,DS2_I189.jpg,JPEG,505,505,1.0,0.3159181475639343,0.36156657338142395,0.18622994422912598,5e03ae709987028a79c9459959040c4a
Mentah,Master_Dataset\Mentah\DS2_I19.jpg,DS2_I19.jpg,JPEG,505,505,1.0,0.3503722846508026,0.3733620345592499,0.2806110382080078,54d856ced6dbb9907857c165cde69219
Mentah,Master_Dataset\Mentah\DS2_I190.jpg,DS2_I190.jpg,JPEG,505,505,1.0,0.3242729604244232,0.32745054364204407,0.19241300225257874,01860f7a988f458bfd1e5bdbdb29ad23
Mentah,Master_Dataset\Mentah\DS2_I191.jpg,DS2_I191.jpg,JPEG,1009,1009,1.0,0.3463174104690552,0.354216992855072,0.20985907316207886,417fc73505ce1a44dd9a4acf72c9e743
Mentah,Master_Dataset\Mentah\DS2_I192.jpg,DS2_I192.jpg,JPEG,505,505,1.0,0.34629836678504944,0.35428518056869507,0.2113814800977707,bc000194a036f028bbd560c279d9bc36
Mentah,Master_Dataset\Mentah\DS2_I193.jpg,DS2_I193.jpg,JPEG,505,505,1.0,0.2567802667617798,0.32339367270469666,0.13680289685726166,108e4e826c120ceefc05988d4fcd1483
Mentah,Master_Dataset\Mentah\DS2_I194.jpg,DS2_I194.jpg,JPEG,505,505,1.0,0.33909764885902405,0.40305763483047485,0.22614501416683197,ba00a6b5636bef809fa299ec493aab88
Mentah,Master_Dataset\Mentah\DS2_I195.jpg,DS2_I195.jpg,JPEG,505,505,1.0,0.27342721819877625,0.3274337351322174,0.1815768927335739,8d054e3a52c17c4966d6723c1f0a28b8
Mentah,Master_Dataset\Mentah\DS2_I196.jpg,DS2_I196.jpg,JPEG,505,505,1.0,0.27668488025665283,0.3382830023765564,0.17610713839530945,3991d424502690f2e3b850cc8e377cfa
Mentah,Master_Dataset\Mentah\DS2_I197.jpg,DS2_I197.jpg,JPEG,505,505,1.0,0.3375014066696167,0.3712272047996521,0.21976540982723236,2587c37197b25807411e2f8a32293c7f
Mentah,Master_Dataset\Mentah\DS2_I198.jpg,DS2_I198.jpg,JPEG,505,505,1.0,0.3648018538951874,0.43785667419433594,0.21835525333881378,6f7c8944c04c0aeaa2fc8c54a0070f4b
Mentah,Master_Dataset\Mentah\DS2_I199.jpg,DS2_I199.jpg,JPEG,505,505,1.0,0.35369130969047546,0.3695649206638336,0.2272312343120575,0372b1030dc7a0e5dee1d84ccb31a10c
Mentah,Master_Dataset\Mentah\DS2_I2.jpg,DS2_I2.jpg,JPEG,505,505,1.0,0.4773746430873871,0.4854806065559387,0.41624200344085693,3e685fcf3502a8ddffdaa8e360c99424
Mentah,Master_Dataset\Mentah\DS2_I20.jpg,DS2_I20.jpg,JPEG,505,505,1.0,0.29782789945602417,0.3371518850326538,0.2075650691986084,3aa14b70a9dea880c98fa67656f84d28
Mentah,Master_Dataset\Mentah\DS2_I200.jpg,DS2_I200.jpg,JPEG,505,505,1.0,0.2984994351863861,0.31854134798049927,0.18820960819721222,4e2fcb38ce157f9cd92e5377c0fae98a
Mentah,Master_Dataset\Mentah\DS2_I201.jpg,DS2_I201.jpg,JPEG,505,505,1.0,0.37878236174583435,0.3739640414714813,0.28671663999557495,99d6d39774993ce53b32bece94d0508a
Mentah,Master_Dataset\Mentah\DS2_I202.jpg,DS2_I202.jpg,JPEG,505,505,1.0,0.36546793580055237,0.33050888776779175,0.3134983479976654,8d0c886765f268d433405fdf8db1dcc0
Mentah,Master_Dataset\Mentah\DS2_I203.jpg,DS2_I203.jpg,JPEG,505,505,1.0,0.35896772146224976,0.32916197180747986,0.30466359853744507,a5d32052278b58780725b6429cd97845
Mentah,Master_Dataset\Mentah\DS2_I204.jpg,DS2_I204.jpg,JPEG,505,505,1.0,0.3014134466648102,0.3478620946407318,0.19389252364635468,d80c60b5ab3ad857380f662f2325a5a8
Mentah,Master_Dataset\Mentah\DS2_I205.jpg,DS2_I205.jpg,JPEG,505,505,1.0,0.2981031537055969,0.3278847336769104,0.20494987070560455,b531557c1c2347ecf63d1e0569b0ce4d
Mentah,Master_Dataset\Mentah\DS2_I206.jpg,DS2_I206.jpg,JPEG,505,505,1.0,0.2810805141925812,0.3338051438331604,0.2030217945575714,3038c9c4c1c9013b185c002c616b0756
Mentah,Master_Dataset\Mentah\DS2_I207.jpg,DS2_I207.jpg,JPEG,505,505,1.0,0.24853655695915222,0.30835166573524475,0.16225236654281616,242586057580a182b0a3c7ae87243fb5
Mentah,Master_Dataset\Mentah\DS2_I208.jpg,DS2_I208.jpg,JPEG,505,505,1.0,0.27690038084983826,0.3220627009868622,0.18331904709339142,22676332a4fa3f91b294c07a4836885b
Mentah,Master_Dataset\Mentah\DS2_I209.jpg,DS2_I209.jpg,JPEG,505,505,1.0,0.35211658477783203,0.3667375147342682,0.24372798204421997,e602528d9e1391d3072c00b356fae524
Mentah,Master_Dataset\Mentah\DS2_I21.jpg,DS2_I21.jpg,JPEG,505,505,1.0,0.2600381374359131,0.2927033007144928,0.1847076267004013,d2f68e0998db6887fa3f820b5abe61a8
Mentah,Master_Dataset\Mentah\DS2_I210.jpg,DS2_I210.jpg,JPEG,505,505,1.0,0.394652783870697,0.3801558017730713,0.2752942442893982,b27a9b23321427356c362e86ee61f151
Mentah,Master_Dataset\Mentah\DS2_I211.jpg,DS2_I211.jpg,JPEG,505,505,1.0,0.2626188099384308,0.3073790371417999,0.1624000370502472,bb62d8c14958d21042bd02908fb536f2
Mentah,Master_Dataset\Mentah\DS2_I212.jpg,DS2_I212.jpg,JPEG,505,505,1.0,0.2887897193431854,0.3482380509376526,0.18414904177188873,22d827a5cb93801a376c252ea75aa45a
Mentah,Master_Dataset\Mentah\DS2_I213.jpg,DS2_I213.jpg,JPEG,505,505,1.0,0.2479521930217743,0.31451529264450073,0.15719930827617645,871008e3b6a85334e83b2d06be8d8b76
Mentah,Master_Dataset\Mentah\DS2_I214.jpg,DS2_I214.jpg,JPEG,505,505,1.0,0.27238860726356506,0.3300291895866394,0.15519754588603973,f707b84f541568852c2f6c85cbe4c31a
Mentah,Master_Dataset\Mentah\DS2_I215.jpg,DS2_I215.jpg,JPEG,505,505,1.0,0.33931708335876465,0.40096285939216614,0.20309415459632874,e1ace6a0fc3b6eb3ceffbf9e598e7603
Mentah,Master_Dataset\Mentah\DS2_I216.jpg,DS2_I216.jpg,JPEG,505,505,1.0,0.2537787854671478,0.31811872124671936,0.14175677299499512,da0106fe5e2283da02ebb1933db4d30f
Mentah,Master_Dataset\Mentah\DS2_I217.jpg,DS2_I217.jpg,JPEG,505,505,1.0,0.29409632086753845,0.35587799549102783,0.1520049273967743,d54ff8172446f4a10f1e9bde0f5c4699
Mentah,Master_Dataset\Mentah\DS2_I218.jpg,DS2_I218.jpg,JPEG,505,505,1.0,0.3073350787162781,0.33841580152511597,0.17440710961818695,6b15f81f580da108f43cd28562872d85
Mentah,Master_Dataset\Mentah\DS2_I219.jpg,DS2_I219.jpg,JPEG,505,505,1.0,0.32851850986480713,0.3819396495819092,0.18596693873405457,27d2450d14b91abd118682e867f7e90a
Mentah,Master_Dataset\Mentah\DS2_I22.jpg,DS2_I22.jpg,JPEG,505,505,1.0,0.25031155347824097,0.2783225178718567,0.17094114422798157,65733889429d39b4f34efe0647cece30
Mentah,Master_Dataset\Mentah\DS2_I220.jpg,DS2_I220.jpg,JPEG,505,505,1.0,0.3740490674972534,0.4280134439468384,0.2440740317106247,87463db5ceda762e4bf6eac2cfc97240
Mentah,Master_Dataset\Mentah\DS2_I221.jpg,DS2_I221.jpg,JPEG,505,505,1.0,0.2838011085987091,0.32415783405303955,0.1622869223356247,1fa409bb5f519a3ea1cb21783490d4ca
Mentah,Master_Dataset\Mentah\DS2_I222.jpg,DS2_I222.jpg,JPEG,505,505,1.0,0.2972419261932373,0.3414626121520996,0.16399244964122772,1f021ecfb7e696bce299888b74f04b1c
Mentah,Master_Dataset\Mentah\DS2_I223.jpg,DS2_I223.jpg,JPEG,505,505,1.0,0.28152385354042053,0.32475173473358154,0.17426028847694397,7cd178d4fbde7a97c15a8755e1936db9
Mentah,Master_Dataset\Mentah\DS2_I224.jpg,DS2_I224.jpg,JPEG,505,505,1.0,0.3612726032733917,0.38450887799263,0.2623913288116455,e229a716b933f55543a27b3d9fd4cb02
Mentah,Master_Dataset\Mentah\DS2_I225.jpg,DS2_I225.jpg,JPEG,505,505,1.0,0.3603335916996002,0.3881649672985077,0.26033103466033936,ab09131b3191ae71dc565ee4d82d0770
Mentah,Master_Dataset\Mentah\DS2_I226.jpg,DS2_I226.jpg,JPEG,505,505,1.0,0.280821830034256,0.31313255429267883,0.18574044108390808,9f3c9a094f6cb9abc59029bae54cd5b2
Mentah,Master_Dataset\Mentah\DS2_I227.jpg,DS2_I227.jpg,JPEG,505,505,1.0,0.3497548997402191,0.37893542647361755,0.2456788420677185,4ded695aef3c1ae3899700cbefb68a69
Mentah,Master_Dataset\Mentah\DS2_I228.jpg,DS2_I228.jpg,JPEG,505,505,1.0,0.2734493315219879,0.3421940207481384,0.1486463099718094,bdedf8b58153b10123a78574d3e55334
Mentah,Master_Dataset\Mentah\DS2_I229.jpg,DS2_I229.jpg,JPEG,505,505,1.0,0.2897581160068512,0.392922967672348,0.13959774374961853,94bf987202a66b0589b2b327b3cd8fbe
Mentah,Master_Dataset\Mentah\DS2_I23.jpg,DS2_I23.jpg,JPEG,505,505,1.0,0.29945239424705505,0.3232019245624542,0.21486100554466248,ef0f3cd2ceecd25174039772aba52cd3
Mentah,Master_Dataset\Mentah\DS2_I230.jpg,DS2_I230.jpg,JPEG,505,505,1.0,0.28313878178596497,0.34874165058135986,0.17101338505744934,a53f1d7278ddef03292cb5c9ab8ef70c
Mentah,Master_Dataset\Mentah\DS2_I231.jpg,DS2_I231.jpg,JPEG,505,505,1.0,0.27259087562561035,0.33150309324264526,0.17411307990550995,cc5c4cf605e27384397852ab5b62dec7
Mentah,Master_Dataset\Mentah\DS2_I232.jpg,DS2_I232.jpg,JPEG,505,505,1.0,0.26162269711494446,0.3292697072029114,0.14303259551525116,04a9e145e1b5e88f874409cd6482992e
Mentah,Master_Dataset\Mentah\DS2_I233.jpg,DS2_I233.jpg,JPEG,505,505,1.0,0.2697050869464874,0.3339589536190033,0.15734831988811493,8f4eb70a2ca8bc0d603eeaa658eb0ffe
Mentah,Master_Dataset\Mentah\DS2_I234.jpg,DS2_I234.jpg,JPEG,505,505,1.0,0.25728583335876465,0.31865373253822327,0.15109053254127502,65641b411a502303f042f5f1023f29f2
Mentah,Master_Dataset\Mentah\DS2_I235.jpg,DS2_I235.jpg,JPEG,505,505,1.0,0.26803988218307495,0.3344718813896179,0.1581118255853653,b55b8eb677a74fac385dc1905f435879
Mentah,Master_Dataset\Mentah\DS2_I236.jpg,DS2_I236.jpg,JPEG,505,505,1.0,0.3156116306781769,0.40958884358406067,0.18985217809677124,ad7b7da04c4d05d02692b551c477b0d6
Mentah,Master_Dataset\Mentah\DS2_I237.jpg,DS2_I237.jpg,JPEG,505,505,1.0,0.21699532866477966,0.30539390444755554,0.11751130223274231,f6e7ea9421619a40b82d492d79023153
Mentah,Master_Dataset\Mentah\DS2_I238.jpg,DS2_I238.jpg,JPEG,505,505,1.0,0.24538157880306244,0.3191344738006592,0.1479114145040512,8d56fb452180d7cd985b043378216bdc
Mentah,Master_Dataset\Mentah\DS2_I239.jpg,DS2_I239.jpg,JPEG,505,505,1.0,0.2541804909706116,0.31857869029045105,0.14579683542251587,2a40673a8ad2bf1a21c1cade8cff1424
Mentah,Master_Dataset\Mentah\DS2_I24.jpg,DS2_I24.jpg,JPEG,505,505,1.0,0.28562161326408386,0.3668040633201599,0.17065799236297607,f56b7f9833ffd42cd9b302311d69e36f
Mentah,Master_Dataset\Mentah\DS2_I240.jpg,DS2_I240.jpg,JPEG,505,505,1.0,0.3325192928314209,0.35024765133857727,0.21919755637645721,5d5cbff5c1712656bd1ccc8b3ac33550
Mentah,Master_Dataset\Mentah\DS2_I241.jpg,DS2_I241.jpg,JPEG,505,505,1.0,0.2875519394874573,0.3243362009525299,0.17903831601142883,f5e033cdb4fd680e009882e49fd81c4e
Mentah,Master_Dataset\Mentah\DS2_I242.jpg,DS2_I242.jpg,JPEG,505,505,1.0,0.2679298222064972,0.3215276002883911,0.174923837184906,1c39752c9f315e4d4857984fe9afdaf0
Mentah,Master_Dataset\Mentah\DS2_I243.jpg,DS2_I243.jpg,JPEG,505,505,1.0,0.2838631868362427,0.31483617424964905,0.19712881743907928,d3b9d1440563fa2a0ff2fdcfdf54b82a
Mentah,Master_Dataset\Mentah\DS2_I244.jpg,DS2_I244.jpg,JPEG,505,505,1.0,0.3589818477630615,0.3517399728298187,0.2384236603975296,b89377bb8031c251db44db160748dc13
Mentah,Master_Dataset\Mentah\DS2_I245.jpg,DS2_I245.jpg,JPEG,505,505,1.0,0.30347689986228943,0.3443358838558197,0.21051906049251556,aa124979589079a37e44cbff75070f13
Mentah,Master_Dataset\Mentah\DS2_I246.jpg,DS2_I246.jpg,JPEG,505,505,1.0,0.3110952377319336,0.3839119076728821,0.19913983345031738,242e093d40505401ce5683f7cec881f0
Mentah,Master_Dataset\Mentah\DS2_I247.jpg,DS2_I247.jpg,JPEG,505,505,1.0,0.40347495675086975,0.3959459960460663,0.2865132689476013,9d8845542636c5f5d0bb33fe9e9172d7
Mentah,Master_Dataset\Mentah\DS2_I248.jpg,DS2_I248.jpg,JPEG,505,505,1.0,0.34146320819854736,0.35342803597450256,0.23738937079906464,777f64453e10aa308f4f48e75dabd90b
Mentah,Master_Dataset\Mentah\DS2_I249.jpg,DS2_I249.jpg,JPEG,505,505,1.0,0.40222492814064026,0.409488707780838,0.29240357875823975,22f8cd9cdccc6aa274acd5b11e8e717b
Mentah,Master_Dataset\Mentah\DS2_I25.jpg,DS2_I25.jpg,JPEG,505,505,1.0,0.3089029788970947,0.3617536425590515,0.19306303560733795,4b48e14ff4fe3eb15ac4f23d15722a50
Mentah,Master_Dataset\Mentah\DS2_I250.jpg,DS2_I250.jpg,JPEG,505,505,1.0,0.41008877754211426,0.3777066171169281,0.28572338819503784,6a88818caf303a08a56493050f323c94
Mentah,Master_Dataset\Mentah\DS2_I251.jpg,DS2_I251.jpg,JPEG,505,505,1.0,0.298188179731369,0.33666175603866577,0.25657758116722107,4d9f18a1b4c05e3252bcb5e0204172b5
Mentah,Master_Dataset\Mentah\DS2_I252.jpg,DS2_I252.jpg,JPEG,505,505,1.0,0.2998863756656647,0.3854139447212219,0.24908287823200226,371673cdd657f30cb8a49acdab391a23
Mentah,Master_Dataset\Mentah\DS2_I253.jpg,DS2_I253.jpg,JPEG,505,505,1.0,0.24606777727603912,0.3097979426383972,0.16701065003871918,8e1b96e507df1c168afabddd8ba80c6e
Mentah,Master_Dataset\Mentah\DS2_I254.jpg,DS2_I254.jpg,JPEG,505,505,1.0,0.3637986481189728,0.3774533271789551,0.32930031418800354,9c46c7cb3cb49530888d4f831e3f669b
Mentah,Master_Dataset\Mentah\DS2_I255.jpg,DS2_I255.jpg,JPEG,505,505,1.0,0.26902300119400024,0.332625150680542,0.16929735243320465,cf0b6e98dc29ac1f4001d962ba508500
Mentah,Master_Dataset\Mentah\DS2_I256.jpg,DS2_I256.jpg,JPEG,505,505,1.0,0.24657376110553741,0.3185060918331146,0.15746499598026276,fcf664c849b5a53d52a2f436e4849445
Mentah,Master_Dataset\Mentah\DS2_I257.jpg,DS2_I257.jpg,JPEG,505,505,1.0,0.26050856709480286,0.3265824615955353,0.16510537266731262,243b0abfeeb288dbd42600cfb549d8f8
Mentah,Master_Dataset\Mentah\DS2_I258.jpg,DS2_I258.jpg,JPEG,505,505,1.0,0.26440301537513733,0.32837986946105957,0.1752387285232544,feb766e41ae4760e02a76f5c056ca510
Mentah,Master_Dataset\Mentah\DS2_I259.jpg,DS2_I259.jpg,JPEG,505,505,1.0,0.2405216097831726,0.322439968585968,0.1444869041442871,be121ef88ff61a2bfe9f3ed261f189bb
Mentah,Master_Dataset\Mentah\DS2_I26.jpg,DS2_I26.jpg,JPEG,505,505,1.0,0.32938387989997864,0.3740825951099396,0.22356806695461273,54406bc9455900d9681fcacd5c59a076
Mentah,Master_Dataset\Mentah\DS2_I260.jpg,DS2_I260.jpg,JPEG,505,505,1.0,0.22483065724372864,0.2937622368335724,0.12561336159706116,42d31f9c3853f9946f21c0e23c45fef9
Mentah,Master_Dataset\Mentah\DS2_I261.jpg,DS2_I261.jpg,JPEG,505,505,1.0,0.27340930700302124,0.34161338210105896,0.15312248468399048,101220fd139111fbb26ed5ffba949d5c
Mentah,Master_Dataset\Mentah\DS2_I262.jpg,DS2_I262.jpg,JPEG,505,505,1.0,0.2633165121078491,0.3218702971935272,0.1522183120250702,863e7b9ef1d73569b71a0fbd6260c531
Mentah,Master_Dataset\Mentah\DS2_I263.jpg,DS2_I263.jpg,JPEG,505,505,1.0,0.26007699966430664,0.3318999409675598,0.17936965823173523,b0cd0764c4e65125028eab444813c2a4
Mentah,Master_Dataset\Mentah\DS2_I27.jpg,DS2_I27.jpg,JPEG,505,505,1.0,0.30407747626304626,0.3646778166294098,0.20568601787090302,a04b915afdcdfd021522503740df2ade
Mentah,Master_Dataset\Mentah\DS2_I28.jpg,DS2_I28.jpg,JPEG,505,505,1.0,0.3027382791042328,0.33533063530921936,0.194065660238266,a4c19ea35909a0f2f0c4601e12f50ca8
Mentah,Master_Dataset\Mentah\DS2_I29.jpg,DS2_I29.jpg,JPEG,505,505,1.0,0.3015553057193756,0.33535537123680115,0.19023779034614563,9a6bc6f1af2006b7593b9b7335039915
Mentah,Master_Dataset\Mentah\DS2_I3.jpg,DS2_I3.jpg,JPEG,505,505,1.0,0.3962843120098114,0.41414710879325867,0.3623850345611572,7c33c27d5577c3b0c5b871ab9e91b982
Mentah,Master_Dataset\Mentah\DS2_I30.jpg,DS2_I30.jpg,JPEG,505,505,1.0,0.38368457555770874,0.3944697082042694,0.276496022939682,6cf535a50752447713b490c3af0c9398
Mentah,Master_Dataset\Mentah\DS2_I31.jpg,DS2_I31.jpg,JPEG,505,505,1.0,0.3044935166835785,0.3130037188529968,0.21233658492565155,93342519f07e0b01a62f11960d8d0b53
Mentah,Master_Dataset\Mentah\DS2_I32.jpg,DS2_I32.jpg,JPEG,505,505,1.0,0.2671675682067871,0.3338097631931305,0.17906847596168518,8ba8a28380abc39e5ff67d6b1625fe3a
Mentah,Master_Dataset\Mentah\DS2_I33.jpg,DS2_I33.jpg,JPEG,505,505,1.0,0.3378787934780121,0.3955425024032593,0.20803426206111908,e0a1b4497015bae39c78bd523e4de92c
Mentah,Master_Dataset\Mentah\DS2_I34.jpg,DS2_I34.jpg,JPEG,505,505,1.0,0.2639639675617218,0.35321494936943054,0.14614327251911163,faebf77fe295b0a278b6309da81f3f30
Mentah,Master_Dataset\Mentah\DS2_I35.jpg,DS2_I35.jpg,JPEG,505,505,1.0,0.34478938579559326,0.3818219006061554,0.2842084467411041,86aae2d290f946256674648f265c9ceb
Mentah,Master_Dataset\Mentah\DS2_I36.jpg,DS2_I36.jpg,JPEG,505,505,1.0,0.31279492378234863,0.33586952090263367,0.26749417185783386,018c1f52916948a98446b42e9ab74ccd
Mentah,Master_Dataset\Mentah\DS2_I37.jpg,DS2_I37.jpg,JPEG,505,505,1.0,0.3005451261997223,0.3147446811199188,0.2536621689796448,623c7e91ba4cd6705947880787a78b14
Mentah,Master_Dataset\Mentah\DS2_I38.jpg,DS2_I38.jpg,JPEG,505,505,1.0,0.33776426315307617,0.3413924276828766,0.29159700870513916,ca639ee3ab4a6707fb633c902661e43c
Mentah,Master_Dataset\Mentah\DS2_I39.jpg,DS2_I39.jpg,JPEG,505,505,1.0,0.2929612994194031,0.3037647008895874,0.2552599310874939,ada117eac9587a48e1684cb3fc107203
Mentah,Master_Dataset\Mentah\DS2_I4.jpg,DS2_I4.jpg,JPEG,505,505,1.0,0.3576855957508087,0.3854634165763855,0.32037752866744995,7612fb9d40bc676ea0247029fa017b5d
Mentah,Master_Dataset\Mentah\DS2_I40.jpg,DS2_I40.jpg,JPEG,505,505,1.0,0.4001888632774353,0.4071451723575592,0.36142006516456604,5bca831fc866ec1a40a9d23b8e5946fd
Mentah,Master_Dataset\Mentah\DS2_I41.jpg,DS2_I41.jpg,JPEG,505,505,1.0,0.3208063840866089,0.35318103432655334,0.23565562069416046,43cb1a5ff46a6c70815fc27e0026a253
Mentah,Master_Dataset\Mentah\DS2_I42.jpg,DS2_I42.jpg,JPEG,505,505,1.0,0.2853787839412689,0.32754525542259216,0.18549564480781555,bcd4cf60c0107ea3841131dd5e6491f8
Mentah,Master_Dataset\Mentah\DS2_I43.jpg,DS2_I43.jpg,JPEG,505,505,1.0,0.32103443145751953,0.3575523793697357,0.22971299290657043,e561ccbd9addf83bf638a6e8ebe8a003
Mentah,Master_Dataset\Mentah\DS2_I44.jpg,DS2_I44.jpg,JPEG,505,505,1.0,0.3309968113899231,0.34977978467941284,0.2417839914560318,b350299b4feb680f409017681f761dab
Mentah,Master_Dataset\Mentah\DS2_I45.jpg,DS2_I45.jpg,JPEG,505,505,1.0,0.2601528465747833,0.30765366554260254,0.19312050938606262,cf8cb80dc4276967918080e490bddc4c
Mentah,Master_Dataset\Mentah\DS2_I46.jpg,DS2_I46.jpg,JPEG,505,505,1.0,0.27694135904312134,0.3257869780063629,0.22420354187488556,79b3161cdeb167a970b695fc219eeaca
Mentah,Master_Dataset\Mentah\DS2_I47.jpg,DS2_I47.jpg,JPEG,505,505,1.0,0.2770071029663086,0.3442055583000183,0.21502667665481567,8723c5fc5412dfe56548e180cc3d3ce4
Mentah,Master_Dataset\Mentah\DS2_I48.jpg,DS2_I48.jpg,JPEG,505,505,1.0,0.33615589141845703,0.3040977716445923,0.2873171865940094,eb227f752c0e61dcd9efb4b8c3f078f0
Mentah,Master_Dataset\Mentah\DS2_I49.jpg,DS2_I49.jpg,JPEG,505,505,1.0,0.3272467851638794,0.28760817646980286,0.2706280052661896,5b611b211e594d76eac79f9ffb656701
Mentah,Master_Dataset\Mentah\DS2_I5.jpg,DS2_I5.jpg,JPEG,505,505,1.0,0.317108690738678,0.3446987569332123,0.2781955599784851,60b52dfcb07db56b4fedd399578d64bd
Mentah,Master_Dataset\Mentah\DS2_I50.jpg,DS2_I50.jpg,JPEG,505,505,1.0,0.3332127034664154,0.2888466715812683,0.27039381861686707,625199cb4eca80b14db844db47ebd677
Mentah,Master_Dataset\Mentah\DS2_I51.jpg,DS2_I51.jpg,JPEG,505,505,1.0,0.3213871419429779,0.29492008686065674,0.2709299325942993,7be529405eb0cfe42fd508d504b3bad3
Mentah,Master_Dataset\Mentah\DS2_I52.jpg,DS2_I52.jpg,JPEG,505,505,1.0,0.3093396723270416,0.3447769582271576,0.26703140139579773,5750223b4396fa357d8745f3b2567136
Mentah,Master_Dataset\Mentah\DS2_I53.jpg,DS2_I53.jpg,JPEG,505,505,1.0,0.37693390250205994,0.41959381103515625,0.23422256112098694,3b03c759fad545dc88ee3eca52ec4baa
Mentah,Master_Dataset\Mentah\DS2_I54.jpg,DS2_I54.jpg,JPEG,505,505,1.0,0.3326524496078491,0.3458552360534668,0.20587599277496338,bff0b62cad021481be470ace0a649879
Mentah,Master_Dataset\Mentah\DS2_I55.jpg,DS2_I55.jpg,JPEG,505,505,1.0,0.3000013828277588,0.32639268040657043,0.1667928248643875,df833fee6adb8816e1edda3f8ceb794d
Mentah,Master_Dataset\Mentah\DS2_I56.jpg,DS2_I56.jpg,JPEG,505,505,1.0,0.2717377245426178,0.30099913477897644,0.1863991916179657,1c45804a7d320ee97dff845ebc4ae4c8
Mentah,Master_Dataset\Mentah\DS2_I57.jpg,DS2_I57.jpg,JPEG,505,505,1.0,0.3327459990978241,0.401466965675354,0.21361111104488373,a35139337517133c3374ae4e26a4d04a
Mentah,Master_Dataset\Mentah\DS2_I58.jpg,DS2_I58.jpg,JPEG,505,505,1.0,0.27345287799835205,0.34745416045188904,0.15515625476837158,bf7caff6eecd2106a44cea46b3f730cc
Mentah,Master_Dataset\Mentah\DS2_I59.jpg,DS2_I59.jpg,JPEG,505,505,1.0,0.29012539982795715,0.33357667922973633,0.1730138510465622,de379a9125ba5017b108372aa9e413e7
Mentah,Master_Dataset\Mentah\DS2_I6.jpg,DS2_I6.jpg,JPEG,505,505,1.0,0.33030104637145996,0.3534798324108124,0.2963513135910034,b612ae12901a33e52d2d2da1e0c287c4
Mentah,Master_Dataset\Mentah\DS2_I60.jpg,DS2_I60.jpg,JPEG,505,505,1.0,0.3473544120788574,0.3100022077560425,0.291623055934906,c89c1b47f9d9ab5949bcc052768478fa
Mentah,Master_Dataset\Mentah\DS2_I61.jpg,DS2_I61.jpg,JPEG,505,505,1.0,0.3568517565727234,0.3030479848384857,0.28965458273887634,b6296c3610da073e286d6cc490eeeb8a
Mentah,Master_Dataset\Mentah\DS2_I62.jpg,DS2_I62.jpg,JPEG,505,505,1.0,0.23400568962097168,0.26680293679237366,0.12518638372421265,6a8c14fd60b9b0866c42e8568f77e199
Mentah,Master_Dataset\Mentah\DS2_I63.jpg,DS2_I63.jpg,JPEG,505,505,1.0,0.33748289942741394,0.3230549097061157,0.2973402440547943,85280413a7debfd3584ce16caef93f1c
Mentah,Master_Dataset\Mentah\DS2_I64.jpg,DS2_I64.jpg,JPEG,505,505,1.0,0.2907802164554596,0.29032188653945923,0.17760047316551208,3b002b843d6a7bd6614f43d0cefa708a
Mentah,Master_Dataset\Mentah\DS2_I65.jpg,DS2_I65.jpg,JPEG,505,505,1.0,0.29075348377227783,0.3264707028865814,0.19782902300357819,e0bd517fe843dbb8d4d6511b0fc2fe58
Mentah,Master_Dataset\Mentah\DS2_I66.jpg,DS2_I66.jpg,JPEG,505,505,1.0,0.22840195894241333,0.27073970437049866,0.1766003668308258,3008c0e9c18cb83e123151ee8a1400d8
Mentah,Master_Dataset\Mentah\DS2_I67.jpg,DS2_I67.jpg,JPEG,505,505,1.0,0.32193246483802795,0.3999825716018677,0.19636178016662598,4966363f18f0e5f360175a02cf591217
Mentah,Master_Dataset\Mentah\DS2_I68.jpg,DS2_I68.jpg,JPEG,505,505,1.0,0.3610638976097107,0.3365558981895447,0.23262251913547516,7dc964d6c95df4dda6f7c9561473442e
Mentah,Master_Dataset\Mentah\DS2_I69.jpg,DS2_I69.jpg,JPEG,505,505,1.0,0.34797948598861694,0.36214518547058105,0.23742130398750305,4ffb36979939afb71ba7604feb50b412
Mentah,Master_Dataset\Mentah\DS2_I7.jpg,DS2_I7.jpg,JPEG,505,505,1.0,0.32138311862945557,0.346560001373291,0.28793662786483765,316a7f9ce34fd71dddf9b9e5092a35ef
Mentah,Master_Dataset\Mentah\DS2_I70.jpg,DS2_I70.jpg,JPEG,505,505,1.0,0.2821926176548004,0.3597677946090698,0.15974736213684082,1b46f64f374ed5f71f1a2bb969c37696
Mentah,Master_Dataset\Mentah\DS2_I71.jpg,DS2_I71.jpg,JPEG,505,505,1.0,0.250141441822052,0.31460699439048767,0.16786251962184906,ad5c1e339b6e7b3a926d158fce20f043
Mentah,Master_Dataset\Mentah\DS2_I72.jpg,DS2_I72.jpg,JPEG,505,505,1.0,0.25803840160369873,0.3208528459072113,0.16591370105743408,e41231e01fd3eba8a6a9859b361fba36
Mentah,Master_Dataset\Mentah\DS2_I73.jpg,DS2_I73.jpg,JPEG,505,505,1.0,0.2672120928764343,0.3305255174636841,0.17083916068077087,7fb19b0e2b320f9b0874dc6656bfb2e1
Mentah,Master_Dataset\Mentah\DS2_I74.jpg,DS2_I74.jpg,JPEG,505,505,1.0,0.2851486802101135,0.3361656963825226,0.18177150189876556,a950fb7795086a299de17efc9d686653
Mentah,Master_Dataset\Mentah\DS2_I75.jpg,DS2_I75.jpg,JPEG,505,505,1.0,0.344190388917923,0.3286324441432953,0.22546425461769104,25220a4d96f743fa4bf8c9cecb2d26ac
Mentah,Master_Dataset\Mentah\DS2_I76.jpg,DS2_I76.jpg,JPEG,505,505,1.0,0.38416409492492676,0.33686691522598267,0.24342679977416992,bee836d8f55f675f90b356fcf119c30e
Mentah,Master_Dataset\Mentah\DS2_I77.jpg,DS2_I77.jpg,JPEG,505,505,1.0,0.4286029040813446,0.38237637281417847,0.313916951417923,8332b5e67b8b421a2ffd94668e06a14e
Mentah,Master_Dataset\Mentah\DS2_I78.jpg,DS2_I78.jpg,JPEG,505,505,1.0,0.31110790371894836,0.336294025182724,0.20212797820568085,c1f6c41bd7200a2935610d483b633baa
Mentah,Master_Dataset\Mentah\DS2_I79.jpg,DS2_I79.jpg,JPEG,505,505,1.0,0.40305691957473755,0.3640533983707428,0.25517943501472473,07097ac537e74a5ec0817a3db0018a13
Mentah,Master_Dataset\Mentah\DS2_I8.jpg,DS2_I8.jpg,JPEG,505,505,1.0,0.5328530669212341,0.5284273028373718,0.45742616057395935,53036d2cc39c75b6f902e1e3efa6d2f2
Mentah,Master_Dataset\Mentah\DS2_I80.jpg,DS2_I80.jpg,JPEG,505,505,1.0,0.3586846590042114,0.39164039492607117,0.2269168496131897,09be19f2f176e531f630bea77044887e
Mentah,Master_Dataset\Mentah\DS2_I81.jpg,DS2_I81.jpg,JPEG,505,505,1.0,0.25854429602622986,0.33955514430999756,0.11893864721059799,522ab9724d752181467103a85b81daba
Mentah,Master_Dataset\Mentah\DS2_I82.jpg,DS2_I82.jpg,JPEG,505,505,1.0,0.3683547377586365,0.3887300491333008,0.2435021549463272,3ce809e6517e98c20669904371a75e91
Mentah,Master_Dataset\Mentah\DS2_I83.jpg,DS2_I83.jpg,JPEG,505,505,1.0,0.3919669985771179,0.35468587279319763,0.24708105623722076,6cb0b028b14ce6ab151e61f9454d3017
Mentah,Master_Dataset\Mentah\DS2_I84.jpg,DS2_I84.jpg,JPEG,505,505,1.0,0.4041334092617035,0.35624608397483826,0.25552454590797424,91aef5e76aa4a1c8efaf9cc0b23db4fa
Mentah,Master_Dataset\Mentah\DS2_I85.jpg,DS2_I85.jpg,JPEG,505,505,1.0,0.37553489208221436,0.33779075741767883,0.24630287289619446,3d59884d8e03a1c0ae624a4ac03fe270
Mentah,Master_Dataset\Mentah\DS2_I86.jpg,DS2_I86.jpg,JPEG,505,505,1.0,0.42427700757980347,0.4506949484348297,0.28019773960113525,f32d8ec9c59ecbd22b7a26f06313497f
Mentah,Master_Dataset\Mentah\DS2_I87.jpg,DS2_I87.jpg,JPEG,505,505,1.0,0.3004484176635742,0.3432874381542206,0.17626871168613434,9a20cb233ddbb7712a5e0e04f2541d8d
Mentah,Master_Dataset\Mentah\DS2_I88.jpg,DS2_I88.jpg,JPEG,505,505,1.0,0.35176196694374084,0.3651834726333618,0.24377869069576263,3b517ae5ef78d91b52b66257d94c6624
Mentah,Master_Dataset\Mentah\DS2_I89.jpg,DS2_I89.jpg,JPEG,505,505,1.0,0.3131870925426483,0.3588081896305084,0.210744708776474,c9d04aeba27d443eeb9e7df9f347e70f
Mentah,Master_Dataset\Mentah\DS2_I9.jpg,DS2_I9.jpg,JPEG,505,505,1.0,0.3225306570529938,0.35592517256736755,0.26302871108055115,5a458593896b1430b76af66aa769ff12
Mentah,Master_Dataset\Mentah\DS2_I90.jpg,DS2_I90.jpg,JPEG,505,505,1.0,0.3406802713871002,0.3523293435573578,0.23785614967346191,effbce34c00101e03a7f4eeef0efd34c
Mentah,Master_Dataset\Mentah\DS2_I91.jpg,DS2_I91.jpg,JPEG,505,505,1.0,0.2976738512516022,0.33791810274124146,0.18218664824962616,8bec25b682094236145937d2e76be81a
Mentah,Master_Dataset\Mentah\DS2_I92.jpg,DS2_I92.jpg,JPEG,505,505,1.0,0.31266161799430847,0.3723807632923126,0.19930186867713928,5f425ed401bf462ffe411d7bcc96a824
Mentah,Master_Dataset\Mentah\DS2_I93.jpg,DS2_I93.jpg,JPEG,505,505,1.0,0.26307573914527893,0.3298569619655609,0.16168518364429474,31a8bb87bfd26f191b38e7b5dfbff49d
Mentah,Master_Dataset\Mentah\DS2_I94.jpg,DS2_I94.jpg,JPEG,505,505,1.0,0.2801462411880493,0.315646231174469,0.1886375993490219,d7d134a0f9eb61b45b4496b910fd553f
Mentah,Master_Dataset\Mentah\DS2_I95.jpg,DS2_I95.jpg,JPEG,505,505,1.0,0.2909162640571594,0.36109644174575806,0.19107100367546082,5863818b61a069654e667a891e1f33ee
Mentah,Master_Dataset\Mentah\DS2_I96.jpg,DS2_I96.jpg,JPEG,505,505,1.0,0.2718682587146759,0.3063492476940155,0.21681171655654907,ef10030284b95171d4263a90ddcae43c
Mentah,Master_Dataset\Mentah\DS2_I97.jpg,DS2_I97.jpg,JPEG,505,505,1.0,0.31279245018959045,0.36035391688346863,0.2553596794605255,0cfa53c99e43556ad919d22a7a7828e5
Mentah,Master_Dataset\Mentah\DS2_I98.jpg,DS2_I98.jpg,JPEG,505,505,1.0,0.3909948766231537,0.39341166615486145,0.30083563923835754,2109530ed2795d856376dfffbf566f00
Mentah,Master_Dataset\Mentah\DS2_I99.jpg,DS2_I99.jpg,JPEG,505,505,1.0,0.33945369720458984,0.31700944900512695,0.23090487718582153,2392f9abee6f76af35ac92711ff32867
Mentah,Master_Dataset\Mentah\DS3_Amelonado_DSC_0859.jpg,DS3_Amelonado_DSC_0859.jpg,JPEG,5568,3712,1.5,0.37253913283348083,0.44725707173347473,0.2653138041496277,744f547b3dd76500f92c443e65baf81b
Mentah,Master_Dataset\Mentah\DS3_Amelonado_DSC_0879.jpg,DS3_Amelonado_DSC_0879.jpg,JPEG,5568,3712,1.5,0.42908552289009094,0.5145198702812195,0.3813958466053009,d8c12c3647c249664ccb7f37e363540a
Mentah,Master_Dataset\Mentah\DS3_Amelonado_DSC_0880.jpg,DS3_Amelonado_DSC_0880.jpg,JPEG,5568,3712,1.5,0.42523160576820374,0.5073316693305969,0.378389447927475,2ef0f35114312ed77ed6a01c85920230
Mentah,Master_Dataset\Mentah\DS3_Amelonado_DSC_0885.jpg,DS3_Amelonado_DSC_0885.jpg,JPEG,5568,3712,1.5,0.42517679929733276,0.498236745595932,0.3607962131500244,b605ad4a3e10fed7f0553c39e872810e
Mentah,Master_Dataset\Mentah\DS3_Amelonado_DSC_0886.jpg,DS3_Amelonado_DSC_0886.jpg,JPEG,5568,3712,1.5,0.4258703887462616,0.4995345175266266,0.3612160086631775,f120778f10c320ea03d85cc9b67ea3c1
Mentah,Master_Dataset\Mentah\DS3_Amelonado_DSC_0887.jpg,DS3_Amelonado_DSC_0887.jpg,JPEG,5568,3712,1.5,0.4458408057689667,0.4998933970928192,0.4036460220813751,948ef14ebad92c7ad4866e314b7991f1
Mentah,Master_Dataset\Mentah\DS3_Amelonado_DSC_0888.jpg,DS3_Amelonado_DSC_0888.jpg,JPEG,5568,3712,1.5,0.4488483965396881,0.5073906779289246,0.413158118724823,7af2f4020584ff20bf3459bd3ce71393
Mentah,Master_Dataset\Mentah\DS3_Amelonado_DSC_0889.jpg,DS3_Amelonado_DSC_0889.jpg,JPEG,5568,3712,1.5,0.46489861607551575,0.5053845643997192,0.43879789113998413,d49f569d0043a2b2e83487096492449b
Mentah,Master_Dataset\Mentah\DS3_Amelonado_DSC_0890.jpg,DS3_Amelonado_DSC_0890.jpg,JPEG,5568,3712,1.5,0.448350727558136,0.4962458908557892,0.4002527594566345,e18b6a09010fe879dc3bf6ce2a5aef65
Mentah,Master_Dataset\Mentah\DS3_Amelonado_DSC_0951.jpg,DS3_Amelonado_DSC_0951.jpg,JPEG,5568,3712,1.5,0.5162444114685059,0.5919904112815857,0.36280131340026855,2c64dbb4c1ed6005d635d2b732266cc7
Mentah,Master_Dataset\Mentah\DS3_Amelonado_DSC_0952.jpg,DS3_Amelonado_DSC_0952.jpg,JPEG,5568,3712,1.5,0.6029126644134521,0.6721891760826111,0.4518733620643616,d0119e539c6f2d8e79bbe504f27f8435
Mentah,Master_Dataset\Mentah\DS3_Amelonado_DSC_0971.jpg,DS3_Amelonado_DSC_0971.jpg,JPEG,5568,3712,1.5,0.7979416251182556,0.8640918731689453,0.8031710982322693,c6edda9db09f9e8314299ffca72066cc
Mentah,Master_Dataset\Mentah\DS3_Amelonado_DSC_0972.jpg,DS3_Amelonado_DSC_0972.jpg,JPEG,5568,3712,1.5,0.7968517541885376,0.8640698194503784,0.8022547364234924,befb50fa88dc2b9cda4e2511b20a2fc1
Mentah,Master_Dataset\Mentah\DS3_Amelonado_DSC_0973.jpg,DS3_Amelonado_DSC_0973.jpg,JPEG,5568,3712,1.5,0.6606822609901428,0.7481420040130615,0.6971459984779358,8740a26afe06842c8a0d8f00f7eea554
Mentah,Master_Dataset\Mentah\DS3_Amelonado_DSC_0974.jpg,DS3_Amelonado_DSC_0974.jpg,JPEG,5568,3712,1.5,0.6735060811042786,0.7534011602401733,0.709429919719696,5819228eabbdaec838033b365893cce1
Mentah,Master_Dataset\Mentah\DS3_Amelonado_DSC_0975.jpg,DS3_Amelonado_DSC_0975.jpg,JPEG,5568,3712,1.5,0.6282305121421814,0.7404806613922119,0.6710839867591858,22cc1cb9c165fa89fec8cfe5ab1124cc
Mentah,Master_Dataset\Mentah\DS3_Amelonado_DSC_0976.jpg,DS3_Amelonado_DSC_0976.jpg,JPEG,5568,3712,1.5,0.6368238925933838,0.7539762854576111,0.6802459359169006,4b628a0d17924770063bd56145589ef4
Mentah,Master_Dataset\Mentah\DS3_Amelonado_DSC_0977.jpg,DS3_Amelonado_DSC_0977.jpg,JPEG,5568,3712,1.5,0.6373458504676819,0.7546109557151794,0.6809701323509216,6754adaddb8b404a2f468ec04a575e63
Mentah,Master_Dataset\Mentah\DS3_Amelonado_DSC_0987.jpg,DS3_Amelonado_DSC_0987.jpg,JPEG,5568,3712,1.5,0.4933960735797882,0.572555661201477,0.4932229816913605,b1b1c7d34af07e78186fc14831bd3cb5
Mentah,Master_Dataset\Mentah\DS3_Amelonado_DSC_0988.jpg,DS3_Amelonado_DSC_0988.jpg,JPEG,5568,3712,1.5,0.49684908986091614,0.5742140412330627,0.49505168199539185,da5645301ad8522d00577fc94fe7c914
Mentah,Master_Dataset\Mentah\DS3_Amelonado_DSC_0989.jpg,DS3_Amelonado_DSC_0989.jpg,JPEG,5568,3712,1.5,0.6654786467552185,0.652494490146637,0.640178382396698,e16590d42a7bcf0aa0736c3dc978b288
Mentah,Master_Dataset\Mentah\DS3_Amelonado_DSC_0990.jpg,DS3_Amelonado_DSC_0990.jpg,JPEG,5568,3712,1.5,0.6839103698730469,0.6930287480354309,0.6658077239990234,5c8cc23b88dda0694c2e6cbd07315ea7
Mentah,Master_Dataset\Mentah\DS3_Amelonado_DSC_0991.jpg,DS3_Amelonado_DSC_0991.jpg,JPEG,5568,3712,1.5,0.5271115303039551,0.6138304471969604,0.5699500441551208,ecd0dfb6133ecae7598cf83d6b851a0a
Mentah,Master_Dataset\Mentah\DS3_Amelonado_DSC_0992.jpg,DS3_Amelonado_DSC_0992.jpg,JPEG,5568,3712,1.5,0.5205546617507935,0.6054118275642395,0.5634969472885132,e5a2e8d98881831c616448099dd46293
Mentah,Master_Dataset\Mentah\DS3_Amelonado_DSC_0993.jpg,DS3_Amelonado_DSC_0993.jpg,JPEG,5568,3712,1.5,0.5021874904632568,0.5959440469741821,0.5005561113357544,63faff1dda8983c9eb6d3a446bdb357f
Mentah,Master_Dataset\Mentah\DS3_Amelonado_DSC_0994.jpg,DS3_Amelonado_DSC_0994.jpg,JPEG,5568,3712,1.5,0.5033000111579895,0.5936408638954163,0.4973016679286957,79101e8d36e83bce20d2deb1b0393f24
Mentah,Master_Dataset\Mentah\DS3_Amelonado_DSC_0995.jpg,DS3_Amelonado_DSC_0995.jpg,JPEG,5568,3712,1.5,0.4257267117500305,0.5145852565765381,0.4416411221027374,3a3e87a0956ff9484b0725de9eb9e480
Mentah,Master_Dataset\Mentah\DS3_Amelonado_DSC_0996.jpg,DS3_Amelonado_DSC_0996.jpg,JPEG,5568,3712,1.5,0.42444172501564026,0.512360692024231,0.44187358021736145,d028a92473cbf261658d35145e9acf7a
Mentah,Master_Dataset\Mentah\DS3_Amelonado_DSC_0997.jpg,DS3_Amelonado_DSC_0997.jpg,JPEG,5568,3712,1.5,0.4259400963783264,0.5373132228851318,0.4443749487400055,0ad93aa469e69faadfd5c464d8dddc97
Mentah,Master_Dataset\Mentah\DS3_Amelonado_DSC_0998.jpg,DS3_Amelonado_DSC_0998.jpg,JPEG,5568,3712,1.5,0.4296448528766632,0.5547784566879272,0.4497385025024414,3e4e1e9fb1df2e0455ee57ed44c61d53
Mentah,Master_Dataset\Mentah\DS3_Amelonado_DSC_0999.jpg,DS3_Amelonado_DSC_0999.jpg,JPEG,5568,3712,1.5,0.4219968616962433,0.5361043810844421,0.4406404495239258,68555050ba02a79bf64f19b4cfa728a4
Mentah,Master_Dataset\Mentah\DS3_Amelonado_DSC_1000.jpg,DS3_Amelonado_DSC_1000.jpg,JPEG,5568,3712,1.5,0.5281583070755005,0.632879376411438,0.6150056719779968,ed85051c8ad83b233fb9aa4b0c95b870
Mentah,Master_Dataset\Mentah\DS3_Amelonado_DSC_1001.jpg,DS3_Amelonado_DSC_1001.jpg,JPEG,5568,3712,1.5,0.5326213836669922,0.6360565423965454,0.6249880790710449,769a0ce0579373508c664b5a59ef4d55
Mentah,Master_Dataset\Mentah\DS3_Amelonado_DSC_1002.jpg,DS3_Amelonado_DSC_1002.jpg,JPEG,5568,3712,1.5,0.5671183466911316,0.6649793386459351,0.593350350856781,2cc0aedf90f57dabced52737ebe97698
Mentah,Master_Dataset\Mentah\DS3_Amelonado_DSC_1003.jpg,DS3_Amelonado_DSC_1003.jpg,JPEG,5568,3712,1.5,0.540195882320404,0.6451031565666199,0.558853268623352,a7336243987e74ef5f6c1f5ede1ea8dc
Mentah,Master_Dataset\Mentah\DS3_Amelonado_DSC_1004.jpg,DS3_Amelonado_DSC_1004.jpg,JPEG,5568,3712,1.5,0.6378818154335022,0.6835325360298157,0.5700297951698303,4bc96430cdbccdf81a726b17dea7b867
Mentah,Master_Dataset\Mentah\DS3_Amelonado_DSC_1005.jpg,DS3_Amelonado_DSC_1005.jpg,JPEG,5568,3712,1.5,0.6436508893966675,0.694027841091156,0.5826824307441711,1a4ca319da8b6b662f929f3f69baca43
Mentah,Master_Dataset\Mentah\DS3_Amelonado_DSC_1006.jpg,DS3_Amelonado_DSC_1006.jpg,JPEG,5568,3712,1.5,0.6201869249343872,0.7054799795150757,0.6071487665176392,84e371da668a31c73010ae7c34b4db55
Mentah,Master_Dataset\Mentah\DS3_Amelonado_DSC_1007.jpg,DS3_Amelonado_DSC_1007.jpg,JPEG,5568,3712,1.5,0.6088415384292603,0.6948429942131042,0.592922031879425,1ac0750d9facdea291fd6ffa18132ed1
Mentah,Master_Dataset\Mentah\DS3_Amelonado_DSC_1008.jpg,DS3_Amelonado_DSC_1008.jpg,JPEG,5568,3712,1.5,0.4858616292476654,0.5273229479789734,0.49453648924827576,9279ce1879372be8aaebbc10df8e7c54
Mentah,Master_Dataset\Mentah\DS3_Amelonado_DSC_1009.jpg,DS3_Amelonado_DSC_1009.jpg,JPEG,5568,3712,1.5,0.4869091212749481,0.5211743116378784,0.49392059445381165,e042b0ad11e9977d28fcb3d1aedf7970
Mentah,Master_Dataset\Mentah\DS3_Amelonado_DSC_1010.jpg,DS3_Amelonado_DSC_1010.jpg,JPEG,5568,3712,1.5,0.4645465314388275,0.578443706035614,0.48630332946777344,3da3c5f1ef27092fa9f176bddc5b1f7b
Mentah,Master_Dataset\Mentah\DS3_Amelonado_DSC_1011.jpg,DS3_Amelonado_DSC_1011.jpg,JPEG,5568,3712,1.5,0.46529245376586914,0.5868303775787354,0.4909825325012207,da869cb630e4e435dcc4c7350ff41b4f
Mentah,Master_Dataset\Mentah\DS3_Amelonado_DSC_1012.jpg,DS3_Amelonado_DSC_1012.jpg,JPEG,5568,3712,1.5,0.5291929244995117,0.5612050294876099,0.5762621760368347,3c5798797f802dcb0d98c7c6b924ce39
Mentah,Master_Dataset\Mentah\DS3_Amelonado_DSC_1013.jpg,DS3_Amelonado_DSC_1013.jpg,JPEG,5568,3712,1.5,0.5287829041481018,0.5594541430473328,0.5797110199928284,9d445285b724a0100241c66bb8f90816
Mentah,Master_Dataset\Mentah\DS3_Amelonado_DSC_1018.jpg,DS3_Amelonado_DSC_1018.jpg,JPEG,5568,3712,1.5,0.5572513341903687,0.5111058950424194,0.46770164370536804,edbe5b0090f13ea55a1a5426380a116d
Mentah,Master_Dataset\Mentah\DS3_Amelonado_DSC_1019.jpg,DS3_Amelonado_DSC_1019.jpg,JPEG,5568,3712,1.5,0.554206907749176,0.5093926787376404,0.4619531035423279,a22012b3e0dbffdd6f99480ecb381c1b
Mentah,Master_Dataset\Mentah\DS3_Amelonado_DSC_1020.jpg,DS3_Amelonado_DSC_1020.jpg,JPEG,5568,3712,1.5,0.5537552237510681,0.5039993524551392,0.462900310754776,4e0fc72762f625aaa3f50433a3e56fd2
Mentah,Master_Dataset\Mentah\DS3_Amelonado_DSC_1022.jpg,DS3_Amelonado_DSC_1022.jpg,JPEG,5568,3712,1.5,0.5441948175430298,0.48796406388282776,0.4346769452095032,ea7f7271f170e07afae3c7f777e8bfc6
Mentah,Master_Dataset\Mentah\DS3_Amelonado_DSC_1023.jpg,DS3_Amelonado_DSC_1023.jpg,JPEG,5568,3712,1.5,0.5328626036643982,0.4881829619407654,0.4173927307128906,380b2128d1a96b288ea67b1edf8c2989
Mentah,Master_Dataset\Mentah\DS3_Amelonado_DSC_1024.jpg,DS3_Amelonado_DSC_1024.jpg,JPEG,5568,3712,1.5,0.476077675819397,0.5135400295257568,0.42802610993385315,14ef7785cae9c9359ab20b9f01d221bd
Mentah,Master_Dataset\Mentah\DS3_Amelonado_DSC_1025.jpg,DS3_Amelonado_DSC_1025.jpg,JPEG,5568,3712,1.5,0.4827170968055725,0.5144404172897339,0.4280639886856079,597c48b087fb24b04bd47143c4d9a945
Mentah,Master_Dataset\Mentah\DS3_Amelonado_DSC_1026.jpg,DS3_Amelonado_DSC_1026.jpg,JPEG,5568,3712,1.5,0.4890191853046417,0.5243403911590576,0.4334869682788849,1a58eec67d66035ffdcb52b27b18b7bc
Mentah,Master_Dataset\Mentah\DS3_Amelonado_DSC_1027.jpg,DS3_Amelonado_DSC_1027.jpg,JPEG,5568,3712,1.5,0.4709834158420563,0.5657841563224792,0.48998314142227173,8c5fe8309fd332bffe07772dee17479f
Mentah,Master_Dataset\Mentah\DS3_Amelonado_DSC_1028.jpg,DS3_Amelonado_DSC_1028.jpg,JPEG,5568,3712,1.5,0.4708094000816345,0.5624414086341858,0.4869491755962372,61821cd44c79bb9196aefff1218c5193
Mentah,Master_Dataset\Mentah\DS3_Amelonado_DSC_1029.jpg,DS3_Amelonado_DSC_1029.jpg,JPEG,5568,3712,1.5,0.5047904849052429,0.5426281094551086,0.4926682114601135,882acbee46a27db791a1f56dc18b60a3
Mentah,Master_Dataset\Mentah\DS3_Amelonado_DSC_1030.jpg,DS3_Amelonado_DSC_1030.jpg,JPEG,5568,3712,1.5,0.5051445960998535,0.543532133102417,0.494693398475647,59163ca0e41765f6d2a7f0c9b108988b
Mentah,Master_Dataset\Mentah\DS3_Amelonado_DSC_1031.jpg,DS3_Amelonado_DSC_1031.jpg,JPEG,5568,3712,1.5,0.533123791217804,0.5446275472640991,0.5170031189918518,bd5d9a61cb98043915371f6ede6b2f91
Mentah,Master_Dataset\Mentah\DS3_Amelonado_DSC_1032.jpg,DS3_Amelonado_DSC_1032.jpg,JPEG,5568,3712,1.5,0.5368481278419495,0.5477417707443237,0.5186198949813843,15ce7af2bf21847b9df34e83b44d2afc
Mentah,Master_Dataset\Mentah\DS3_Amelonado_DSC_1033.jpg,DS3_Amelonado_DSC_1033.jpg,JPEG,5568,3712,1.5,0.5813424587249756,0.6326603889465332,0.6016533970832825,cb94da599b4d85e1537d8abae86868d3
Mentah,Master_Dataset\Mentah\DS3_Amelonado_DSC_1034.jpg,DS3_Amelonado_DSC_1034.jpg,JPEG,5568,3712,1.5,0.5814374685287476,0.6294888257980347,0.6019977927207947,26823fe87907f3f1e327ebc82347264e
Mentah,Master_Dataset\Mentah\DS3_Amelonado_DSC_1035.jpg,DS3_Amelonado_DSC_1035.jpg,JPEG,5568,3712,1.5,0.7076732516288757,0.7369819283485413,0.7532880306243896,84d7ef7d66367d23a3dbc7780c40bd33
Mentah,Master_Dataset\Mentah\DS3_Amelonado_DSC_1036.jpg,DS3_Amelonado_DSC_1036.jpg,JPEG,5568,3712,1.5,0.7134333848953247,0.7434222102165222,0.7606690526008606,5c4d27f0c0b791bbf00a4e25948aaae0
Mentah,Master_Dataset\Mentah\DS3_Amelonado_DSC_1037.jpg,DS3_Amelonado_DSC_1037.jpg,JPEG,5568,3712,1.5,0.5095205307006836,0.518407940864563,0.474118173122406,4c786e8ed0e3851e62358d84e24aeb2d
Mentah,Master_Dataset\Mentah\DS3_Amelonado_DSC_1038.jpg,DS3_Amelonado_DSC_1038.jpg,JPEG,5568,3712,1.5,0.5134324431419373,0.5213572978973389,0.47623732686042786,4d98e7263f06e3d0966f7a3b2ff3d1fd
Mentah,Master_Dataset\Mentah\DS3_Amelonado_DSC_1039.jpg,DS3_Amelonado_DSC_1039.jpg,JPEG,5568,3712,1.5,0.5917452573776245,0.6276013255119324,0.5860403180122375,2f8a417aa5c83cf2b74d17fa821bcd58
Mentah,Master_Dataset\Mentah\DS3_Amelonado_DSC_1040.jpg,DS3_Amelonado_DSC_1040.jpg,JPEG,5568,3712,1.5,0.5849822163581848,0.6180170774459839,0.5760651230812073,38ca96f105ea4d7da461ccae742e6099
Mentah,Master_Dataset\Mentah\DS3_Amelonado_DSC_1060.jpg,DS3_Amelonado_DSC_1060.jpg,JPEG,5568,3712,1.5,0.3933545649051666,0.4988473355770111,0.40316101908683777,53751d8c145fc8f61d89fbda4a97a402
Mentah,Master_Dataset\Mentah\DS3_Amelonado_DSC_1062.jpg,DS3_Amelonado_DSC_1062.jpg,JPEG,5568,3712,1.5,0.4086681306362152,0.49782082438468933,0.4150301218032837,1aa5585c27b4fce753f17e45bd2e9872
Mentah,Master_Dataset\Mentah\DS3_Amelonado_DSC_1063.jpg,DS3_Amelonado_DSC_1063.jpg,JPEG,5568,3712,1.5,0.3919205069541931,0.5035504698753357,0.3906393051147461,b744d113350f9fcc91bcb4e811dbb893
Mentah,Master_Dataset\Mentah\DS3_Amelonado_DSC_1064.jpg,DS3_Amelonado_DSC_1064.jpg,JPEG,5568,3712,1.5,0.41524001955986023,0.490799218416214,0.4305698871612549,e956e279671a530dc1da1a7f17c28acc
Mentah,Master_Dataset\Mentah\DS3_Amelonado_DSC_1065.jpg,DS3_Amelonado_DSC_1065.jpg,JPEG,5568,3712,1.5,0.41479116678237915,0.4918937087059021,0.43048542737960815,a61e70a6b6b83ab8d0b616e7517230d6
Mentah,Master_Dataset\Mentah\DS3_Amelonado_DSC_1067.jpg,DS3_Amelonado_DSC_1067.jpg,JPEG,5568,3712,1.5,0.5166057348251343,0.5813993215560913,0.516878604888916,56bb217d71c27b530d90af8cdb1c67cf
Mentah,Master_Dataset\Mentah\DS3_Amelonado_DSC_1068.jpg,DS3_Amelonado_DSC_1068.jpg,JPEG,5568,3712,1.5,0.5315646529197693,0.620894730091095,0.5270051956176758,e22bbf2fc773dd5fa0dff0b055861ee3
Mentah,Master_Dataset\Mentah\DS3_Amelonado_DSC_1069.jpg,DS3_Amelonado_DSC_1069.jpg,JPEG,5568,3712,1.5,0.5329646468162537,0.6098824739456177,0.5329173803329468,d534bf390ea6b2475a4dfc9d33cdea8f
Mentah,Master_Dataset\Mentah\DS3_Amelonado_DSC_1080.jpg,DS3_Amelonado_DSC_1080.jpg,JPEG,5568,3712,1.5,0.5353151559829712,0.6744562983512878,0.545143723487854,8a0b69d67b2247af3e0ab7f34c3a5608
Mentah,Master_Dataset\Mentah\DS3_Amelonado_DSC_1081.jpg,DS3_Amelonado_DSC_1081.jpg,JPEG,5568,3712,1.5,0.5301225781440735,0.6737841963768005,0.5368218421936035,8ad1b6a9946ee0fce541acdb440e8822
Mentah,Master_Dataset\Mentah\DS3_Amelonado_DSC_1082.jpg,DS3_Amelonado_DSC_1082.jpg,JPEG,5568,3712,1.5,0.48567506670951843,0.6031070351600647,0.5140677690505981,c9c644efc71f91032d7e87be479aa5eb
Mentah,Master_Dataset\Mentah\DS3_Amelonado_DSC_1091.jpg,DS3_Amelonado_DSC_1091.jpg,JPEG,5568,3712,1.5,0.4270647466182709,0.48317834734916687,0.4258354902267456,a7168263f8026683b03d17bacb3d28d3
Mentah,Master_Dataset\Mentah\DS3_Amelonado_DSC_1092.jpg,DS3_Amelonado_DSC_1092.jpg,JPEG,5568,3712,1.5,0.43031778931617737,0.48176276683807373,0.4277395009994507,4edde13e0cc800fd49c192869c63e64d
Mentah,Master_Dataset\Mentah\DS3_Amelonado_DSC_1093.jpg,DS3_Amelonado_DSC_1093.jpg,JPEG,5568,3712,1.5,0.43220365047454834,0.5020714998245239,0.45577481389045715,a845e6b58cc09992bc1f6be64321b759
Mentah,Master_Dataset\Mentah\DS3_Amelonado_DSC_1094.jpg,DS3_Amelonado_DSC_1094.jpg,JPEG,5568,3712,1.5,0.4234987795352936,0.49707305431365967,0.44882822036743164,ad9a48849819e535aa35bc146a5d9431
Mentah,Master_Dataset\Mentah\DS3_Amelonado_DSC_1095.jpg,DS3_Amelonado_DSC_1095.jpg,JPEG,5568,3712,1.5,0.42026686668395996,0.5017797946929932,0.44660818576812744,8c40e2791616bc1dbe3af830e6af6257
Mentah,Master_Dataset\Mentah\DS3_Amelonado_DSC_1096.jpg,DS3_Amelonado_DSC_1096.jpg,JPEG,5568,3712,1.5,0.35742154717445374,0.4672885835170746,0.40918534994125366,c2af7632c23945504a9df06c5cb7a19f
Mentah,Master_Dataset\Mentah\DS3_Amelonado_DSC_1097.jpg,DS3_Amelonado_DSC_1097.jpg,JPEG,5568,3712,1.5,0.3574576675891876,0.4691696763038635,0.40942615270614624,2ee5517fce90cfbc428191f4e6ad2365
Mentah,Master_Dataset\Mentah\DS3_Amelonado_DSC_1098.jpg,DS3_Amelonado_DSC_1098.jpg,JPEG,5568,3712,1.5,0.3684568405151367,0.48968517780303955,0.42901313304901123,030cd509b3b3eec854a8c1029da05341
Mentah,Master_Dataset\Mentah\DS3_Amelonado_DSC_1099.jpg,DS3_Amelonado_DSC_1099.jpg,JPEG,5568,3712,1.5,0.37146687507629395,0.49370065331459045,0.43023356795310974,773c7c2a34c5d78a55156490bfe616a3
Mentah,Master_Dataset\Mentah\DS3_Amelonado_DSC_1100.jpg,DS3_Amelonado_DSC_1100.jpg,JPEG,5568,3712,1.5,0.3841768503189087,0.553810179233551,0.3566860556602478,3f52c2b131b34be51c82c8e8b33dbec8
Mentah,Master_Dataset\Mentah\DS3_Amelonado_DSC_1101.jpg,DS3_Amelonado_DSC_1101.jpg,JPEG,5568,3712,1.5,0.3947546184062958,0.5677732229232788,0.36575838923454285,007e4a8efff12f3923bcb3d2fe26af69
Mentah,Master_Dataset\Mentah\DS3_Amelonado_DSC_1103.jpg,DS3_Amelonado_DSC_1103.jpg,JPEG,5568,3712,1.5,0.39361336827278137,0.48910027742385864,0.4120194911956787,12f98f328a4eb360a899820c96f46de9
Mentah,Master_Dataset\Mentah\DS3_Amelonado_DSC_1104.jpg,DS3_Amelonado_DSC_1104.jpg,JPEG,5568,3712,1.5,0.3929271101951599,0.48667407035827637,0.4113651514053345,643d640492f4382453da644bf7cc16e5
Mentah,Master_Dataset\Mentah\DS3_Amelonado_DSC_1105.jpg,DS3_Amelonado_DSC_1105.jpg,JPEG,5568,3712,1.5,0.4747340679168701,0.6250021457672119,0.4224650263786316,949c4012c05077531ed895dd59156283
Mentah,Master_Dataset\Mentah\DS3_Amelonado_DSC_1106.jpg,DS3_Amelonado_DSC_1106.jpg,JPEG,5568,3712,1.5,0.43392127752304077,0.5889795422554016,0.39065930247306824,7f36cfef683fef38b158ed0693b8691a
Mentah,Master_Dataset\Mentah\DS3_Amelonado_DSC_1107.jpg,DS3_Amelonado_DSC_1107.jpg,JPEG,5568,3712,1.5,0.41757887601852417,0.5503588318824768,0.4396885633468628,605c74cd9cf74bc32efc03f30cab828f
Mentah,Master_Dataset\Mentah\DS3_Amelonado_DSC_1108.jpg,DS3_Amelonado_DSC_1108.jpg,JPEG,5568,3712,1.5,0.43289753794670105,0.5708500742912292,0.4554280936717987,d4a094861923687995b13a6f424e283f
Mentah,Master_Dataset\Mentah\DS3_Amelonado_DSC_1156.jpg,DS3_Amelonado_DSC_1156.jpg,JPEG,5568,3712,1.5,0.4464355409145355,0.5710992217063904,0.44411879777908325,ff7f49d04624cf90f4e858bd25fb731a
Mentah,Master_Dataset\Mentah\DS3_Amelonado_DSC_1157.jpg,DS3_Amelonado_DSC_1157.jpg,JPEG,5568,3712,1.5,0.4434393644332886,0.5652470588684082,0.43937423825263977,2b10f6d2509bee297a6944cb7d5b3f0e
Mentah,Master_Dataset\Mentah\DS3_Amelonado_DSC_1158.jpg,DS3_Amelonado_DSC_1158.jpg,JPEG,5568,3712,1.5,0.41116034984588623,0.5203791856765747,0.41662243008613586,68822459e3a66627b26a323c42111cc2
Mentah,Master_Dataset\Mentah\DS3_Amelonado_DSC_1159.jpg,DS3_Amelonado_DSC_1159.jpg,JPEG,5568,3712,1.5,0.4087638556957245,0.5204963684082031,0.41454002261161804,5db2d95c86ad00ec575ad16b7d4d18e1
Mentah,Master_Dataset\Mentah\DS3_Amelonado_DSC_1163.jpg,DS3_Amelonado_DSC_1163.jpg,JPEG,5568,3712,1.5,0.37948718667030334,0.5219419002532959,0.3570061922073364,6b7c65e409f43a90acb67b43cf61208b
Mentah,Master_Dataset\Mentah\DS3_Amelonado_DSC_1164.jpg,DS3_Amelonado_DSC_1164.jpg,JPEG,5568,3712,1.5,0.3766533434391022,0.5189771056175232,0.35327500104904175,0b16eefd8b0e14e5ca2a889be95969e7
Mentah,Master_Dataset\Mentah\DS3_Amelonado_DSC_1169.jpg,DS3_Amelonado_DSC_1169.jpg,JPEG,5568,3712,1.5,0.4348374307155609,0.5634667873382568,0.48663395643234253,a92bd0d0ca885b0cc8bad73075f3a4a2
Mentah,Master_Dataset\Mentah\DS3_Amelonado_DSC_1170.jpg,DS3_Amelonado_DSC_1170.jpg,JPEG,5568,3712,1.5,0.44417604804039,0.5695100426673889,0.4951162040233612,187d8ff68e868cf66a8661ec90d0e839
Mentah,Master_Dataset\Mentah\DS3_Amelonado_DSC_1171.jpg,DS3_Amelonado_DSC_1171.jpg,JPEG,5568,3712,1.5,0.4422711431980133,0.4955047369003296,0.45096486806869507,4d90c31dc3967f13f17ab03453109be2
Mentah,Master_Dataset\Mentah\DS3_Amelonado_DSC_1172.jpg,DS3_Amelonado_DSC_1172.jpg,JPEG,5568,3712,1.5,0.442315012216568,0.4972594976425171,0.45107579231262207,b4236b038b2a02793a0c0aef123b9812
Mentah,Master_Dataset\Mentah\DS3_Amelonado_DSC_1173.jpg,DS3_Amelonado_DSC_1173.jpg,JPEG,5568,3712,1.5,0.4219958484172821,0.5654602646827698,0.4409862756729126,8baa36c9126a2d720bd272a4102b7ab4
Mentah,Master_Dataset\Mentah\DS3_Amelonado_DSC_1174.jpg,DS3_Amelonado_DSC_1174.jpg,JPEG,5568,3712,1.5,0.4257971942424774,0.5680627822875977,0.4430226981639862,d49d29fa5fcc7795b0d374935191c45d
Mentah,Master_Dataset\Mentah\DS3_Amelonado_DSC_1177.jpg,DS3_Amelonado_DSC_1177.jpg,JPEG,5568,3712,1.5,0.38226187229156494,0.5257248282432556,0.4155025780200958,f8496c1b8f6e177ba2765ad7ba06f19c
Mentah,Master_Dataset\Mentah\DS3_Amelonado_DSC_1178.jpg,DS3_Amelonado_DSC_1178.jpg,JPEG,5568,3712,1.5,0.38027098774909973,0.5235218405723572,0.41930684447288513,ddd09a562bc71c6cc1f4db908805c484
Mentah,Master_Dataset\Mentah\DS3_Amelonado_DSC_1181.jpg,DS3_Amelonado_DSC_1181.jpg,JPEG,5568,3712,1.5,0.38992711901664734,0.553641676902771,0.32733774185180664,fc9c29b8544b12f5fa6bd0341253186b
Mentah,Master_Dataset\Mentah\DS3_Amelonado_DSC_1182.jpg,DS3_Amelonado_DSC_1182.jpg,JPEG,5568,3712,1.5,0.3940926790237427,0.5533265471458435,0.33500149846076965,476f2627bcd2802fb5e7ad4d0aa9748e
Mentah,Master_Dataset\Mentah\DS3_Amelonado_DSC_1220.jpg,DS3_Amelonado_DSC_1220.jpg,JPEG,5568,3712,1.5,0.36199522018432617,0.4655183255672455,0.33246302604675293,903a85167ec98cb2ada884e15b70a227
Mentah,Master_Dataset\Mentah\DS3_Amelonado_DSC_1221.jpg,DS3_Amelonado_DSC_1221.jpg,JPEG,5568,3712,1.5,0.35277706384658813,0.4524354338645935,0.3242456018924713,6fd52ed56766ec875ec46e49400510f9
Mentah,Master_Dataset\Mentah\DS3_Amelonado_DSC_1226.jpg,DS3_Amelonado_DSC_1226.jpg,JPEG,5568,3712,1.5,0.41316741704940796,0.5183482766151428,0.3747711479663849,893348a4c14648e1326fa34d213a39e6
Mentah,Master_Dataset\Mentah\DS3_Amelonado_DSC_1227.jpg,DS3_Amelonado_DSC_1227.jpg,JPEG,5568,3712,1.5,0.4183366894721985,0.5243357419967651,0.3804582357406616,4ce06e1d1ffd74bfd2fd7e81c3a17e6e
Mentah,Master_Dataset\Mentah\DS3_Amelonado_DSC_1238.jpg,DS3_Amelonado_DSC_1238.jpg,JPEG,5568,3712,1.5,0.3515301048755646,0.5271854996681213,0.2869340479373932,2f8afa9da3f918f2fb166f81b2ccc449
Mentah,Master_Dataset\Mentah\DS3_Amelonado_DSC_1239.jpg,DS3_Amelonado_DSC_1239.jpg,JPEG,5568,3712,1.5,0.35043764114379883,0.5246451497077942,0.2863052487373352,865435c0e0b6995d92166865a9387320
Mentah,Master_Dataset\Mentah\DS3_Amelonado_DSC_1291.jpg,DS3_Amelonado_DSC_1291.jpg,JPEG,5568,3712,1.5,0.43849948048591614,0.4709154963493347,0.43985119462013245,af27139e9ef7a3a1d4b9a54fcdfdd2c0
Mentah,Master_Dataset\Mentah\DS3_Amelonado_DSC_1292.jpg,DS3_Amelonado_DSC_1292.jpg,JPEG,5568,3712,1.5,0.4383792281150818,0.4685990512371063,0.43585336208343506,acbdad80fcd0de615ea1f51ed4bb3637
Mentah,Master_Dataset\Mentah\DS3_Amelonado_DSC_1295.jpg,DS3_Amelonado_DSC_1295.jpg,JPEG,5568,3712,1.5,0.4627457559108734,0.5038301348686218,0.43865537643432617,b1ece344a10f5cd7745cf1fc11fb8f3a
Mentah,Master_Dataset\Mentah\DS3_Amelonado_DSC_1296.jpg,DS3_Amelonado_DSC_1296.jpg,JPEG,5568,3712,1.5,0.46055954694747925,0.49699175357818604,0.43980079889297485,d335aabca418fc59b6f46d48d1c9809f
Mentah,Master_Dataset\Mentah\DS3_Amelonado_DSC_1309.jpg,DS3_Amelonado_DSC_1309.jpg,JPEG,5568,3712,1.5,0.4564207196235657,0.5047907829284668,0.41889116168022156,956e623bae230fb5b07b6fdce655ae41
Mentah,Master_Dataset\Mentah\DS3_Amelonado_DSC_1310.jpg,DS3_Amelonado_DSC_1310.jpg,JPEG,5568,3712,1.5,0.45140784978866577,0.4973911941051483,0.41771116852760315,1b01b411febf145a5ece3e717145ee02
Mentah,Master_Dataset\Mentah\DS3_Amelonado_DSC_1344.jpg,DS3_Amelonado_DSC_1344.jpg,JPEG,5568,3712,1.5,0.36369413137435913,0.4899701476097107,0.37591466307640076,5ff6cc5274f294b2bb1bff9ac481d0b7
Mentah,Master_Dataset\Mentah\DS3_Amelonado_DSC_1345.jpg,DS3_Amelonado_DSC_1345.jpg,JPEG,5568,3712,1.5,0.36881735920906067,0.4955083429813385,0.37850433588027954,a1e548777bcc0eca44bc64d2f38970c5
Mentah,Master_Dataset\Mentah\DS3_Amelonado_DSC_2295.jpg,DS3_Amelonado_DSC_2295.jpg,JPEG,5568,3712,1.5,0.24466660618782043,0.275234192609787,0.26582279801368713,b30fb7e95c5e5b92438bc1fbbf7db85d
Mentah,Master_Dataset\Mentah\DS3_Amelonado_DSC_2296.jpg,DS3_Amelonado_DSC_2296.jpg,JPEG,5568,3712,1.5,0.24387387931346893,0.274578720331192,0.2640972435474396,e8461b2b93d1ab4c93de1a977e6cace4
Mentah,Master_Dataset\Mentah\DS3_Amelonado_DSC_2297.jpg,DS3_Amelonado_DSC_2297.jpg,JPEG,5568,3712,1.5,0.26979631185531616,0.3009721636772156,0.2801532745361328,20633d930bd0ae4de020af027b0328b9
Mentah,Master_Dataset\Mentah\DS3_Amelonado_DSC_2298.jpg,DS3_Amelonado_DSC_2298.jpg,JPEG,5568,3712,1.5,0.2919328212738037,0.3211604058742523,0.299734890460968,8be9045476512c19a8c64df812931696
Mentah,Master_Dataset\Mentah\DS3_Amelonado_DSC_2299.jpg,DS3_Amelonado_DSC_2299.jpg,JPEG,5568,3712,1.5,0.2906903624534607,0.3187847137451172,0.2989671528339386,52d1b42ca341621dd86b9468d3af4404
Mentah,Master_Dataset\Mentah\DS3_Amelonado_DSC_2300.jpg,DS3_Amelonado_DSC_2300.jpg,JPEG,5568,3712,1.5,0.3335326910018921,0.36484700441360474,0.3405279815196991,3fe70403f334be3bee8b2d57e5fd7514
Mentah,Master_Dataset\Mentah\DS3_Amelonado_DSC_2301.jpg,DS3_Amelonado_DSC_2301.jpg,JPEG,5568,3712,1.5,0.32882416248321533,0.36020544171333313,0.33957427740097046,1e30a5f0f27a326faacee3d013b217e5
Mentah,Master_Dataset\Mentah\DS3_Amelonado_DSC_2319.jpg,DS3_Amelonado_DSC_2319.jpg,JPEG,5568,3712,1.5,0.3592815697193146,0.548255443572998,0.2722533643245697,b3ff5a9f35a161a8d90f976f9a16e3be
Mentah,Master_Dataset\Mentah\DS3_Amelonado_DSC_2320.jpg,DS3_Amelonado_DSC_2320.jpg,JPEG,5568,3712,1.5,0.36368221044540405,0.5584149956703186,0.2684454321861267,5e47be311673ddf5e918f5062fa9df79
Mentah,Master_Dataset\Mentah\DS3_Amelonado_DSC_2321.jpg,DS3_Amelonado_DSC_2321.jpg,JPEG,5568,3712,1.5,0.5649484395980835,0.6941481828689575,0.5250979661941528,6400160bc0bb23b40b9851ce6fee2883
Mentah,Master_Dataset\Mentah\DS3_Amelonado_DSC_2322.jpg,DS3_Amelonado_DSC_2322.jpg,JPEG,5568,3712,1.5,0.5555727481842041,0.6864221096038818,0.5143229365348816,a10b8ff829d4187479f6634c07f03998
Mentah,Master_Dataset\Mentah\DS3_Amelonado_DSC_2323.jpg,DS3_Amelonado_DSC_2323.jpg,JPEG,5568,3712,1.5,0.3488127589225769,0.5127782225608826,0.2614322602748871,7004209ae3508369198c7b1d72bbd886
Mentah,Master_Dataset\Mentah\DS3_Amelonado_DSC_2324.jpg,DS3_Amelonado_DSC_2324.jpg,JPEG,5568,3712,1.5,0.3472161293029785,0.5102416276931763,0.2671986520290375,3c4d78031b7661d53685c3b4d00e5839
Mentah,Master_Dataset\Mentah\DS3_Amelonado_DSC_2325.jpg,DS3_Amelonado_DSC_2325.jpg,JPEG,5568,3712,1.5,0.3472418487071991,0.5103911757469177,0.2684033513069153,7f6ce6ca936f2271fadfaeab0a3b8f26
Mentah,Master_Dataset\Mentah\DS3_Amelonado_DSC_2374.jpg,DS3_Amelonado_DSC_2374.jpg,JPEG,5568,3712,1.5,0.21129536628723145,0.23172321915626526,0.21136470139026642,ff294866ce1380d0a8968acd6fea9db3
Mentah,Master_Dataset\Mentah\DS3_Amelonado_DSC_2375.jpg,DS3_Amelonado_DSC_2375.jpg,JPEG,5568,3712,1.5,0.20218336582183838,0.22337602078914642,0.2029760181903839,3dc4a523e9a7436e751e2d00b9fd947e
Mentah,Master_Dataset\Mentah\DS3_Amelonado_DSC_2378.jpg,DS3_Amelonado_DSC_2378.jpg,JPEG,5568,3712,1.5,0.17581769824028015,0.2017854005098343,0.17677411437034607,743ba317d9ee0bc6a2cc9fadc5024f89
Mentah,Master_Dataset\Mentah\DS3_Amelonado_DSC_2379.jpg,DS3_Amelonado_DSC_2379.jpg,JPEG,5568,3712,1.5,0.17370150983333588,0.19928711652755737,0.17506782710552216,dcce639d5a079e4268b8e3bae1628d96
Mentah,Master_Dataset\Mentah\DS3_Amelonado_DSC_2391.jpg,DS3_Amelonado_DSC_2391.jpg,JPEG,5568,3712,1.5,0.21037054061889648,0.21953412890434265,0.1998966485261917,785b6432f426208e892349578db81401
Mentah,Master_Dataset\Mentah\DS3_Amelonado_DSC_2392.jpg,DS3_Amelonado_DSC_2392.jpg,JPEG,5568,3712,1.5,0.20710378885269165,0.21758179366588593,0.19668082892894745,c66c3f9ceed04d2b6d3e863b59a6f75d
Mentah,Master_Dataset\Mentah\DS3_Amelonado_DSC_2395.jpg,DS3_Amelonado_DSC_2395.jpg,JPEG,5568,3712,1.5,0.31626439094543457,0.34822341799736023,0.30945003032684326,952f3543514f5dd61779a12ea1c5c578
Mentah,Master_Dataset\Mentah\DS3_Amelonado_DSC_2396.jpg,DS3_Amelonado_DSC_2396.jpg,JPEG,5568,3712,1.5,0.29283836483955383,0.32350924611091614,0.2868823707103729,3ada0890dc1d8ec9bae2ceb3c463a970
Mentah,Master_Dataset\Mentah\DS3_Amelonado_DSC_2399.jpg,DS3_Amelonado_DSC_2399.jpg,JPEG,5568,3712,1.5,0.22556322813034058,0.22982490062713623,0.21349923312664032,a166ee373cb8f4a64d84ecb28c9e4963
Mentah,Master_Dataset\Mentah\DS3_Amelonado_DSC_2400.jpg,DS3_Amelonado_DSC_2400.jpg,JPEG,5568,3712,1.5,0.23504658043384552,0.2384214550256729,0.2224855124950409,caa782910601d34f3791fd65f3ae237f
Mentah,Master_Dataset\Mentah\DS3_Amelonado_DSC_2401.jpg,DS3_Amelonado_DSC_2401.jpg,JPEG,5568,3712,1.5,0.22897402942180634,0.24032792448997498,0.22559145092964172,69dc6aa25338aaf035156b9afba5c23e
Mentah,Master_Dataset\Mentah\DS3_Amelonado_DSC_2402.jpg,DS3_Amelonado_DSC_2402.jpg,JPEG,5568,3712,1.5,0.226375550031662,0.2365250289440155,0.22312726080417633,a757704f268bc8dec02e5bfc6b6fa426
Mentah,Master_Dataset\Mentah\DS3_Amelonado_DSC_2403.jpg,DS3_Amelonado_DSC_2403.jpg,JPEG,5568,3712,1.5,0.23008064925670624,0.236571803689003,0.22262640297412872,336cc875a139744a19129b60284cf2b3
Mentah,Master_Dataset\Mentah\DS3_Amelonado_DSC_2404.jpg,DS3_Amelonado_DSC_2404.jpg,JPEG,5568,3712,1.5,0.22807848453521729,0.2352239191532135,0.22152012586593628,f8f4fa134a3f695aa15631557a429e53
Mentah,Master_Dataset\Mentah\DS3_Amelonado_DSC_2405.jpg,DS3_Amelonado_DSC_2405.jpg,JPEG,5568,3712,1.5,0.23247821629047394,0.23922613263130188,0.2254624366760254,b0a29b739c6c4aa4e3e9b60086524192
Mentah,Master_Dataset\Mentah\DS3_Amelonado_DSC_2407.jpg,DS3_Amelonado_DSC_2407.jpg,JPEG,5568,3712,1.5,0.32763850688934326,0.43858441710472107,0.34610679745674133,efe073c1f38b0a04b8293de76ae7a38d
Mentah,Master_Dataset\Mentah\DS3_Amelonado_DSC_2408.jpg,DS3_Amelonado_DSC_2408.jpg,JPEG,5568,3712,1.5,0.26811185479164124,0.28513914346694946,0.26767680048942566,786a61bcdfa1238838f9f53f1c036aea
Mentah,Master_Dataset\Mentah\DS3_Amelonado_DSC_2418.jpg,DS3_Amelonado_DSC_2418.jpg,JPEG,5568,3712,1.5,0.2717982828617096,0.3074048161506653,0.2823123037815094,fb27d5405fda5de4b56e3e08efa6dad7
Mentah,Master_Dataset\Mentah\DS3_Amelonado_DSC_2419.jpg,DS3_Amelonado_DSC_2419.jpg,JPEG,5568,3712,1.5,0.2692092955112457,0.30444076657295227,0.27835044264793396,fd542730876e04948cead2bc17659d42
Mentah,Master_Dataset\Mentah\DS3_Amelonado_DSC_2427.jpg,DS3_Amelonado_DSC_2427.jpg,JPEG,5568,3712,1.5,0.24337485432624817,0.3024449944496155,0.2390947788953781,c872e1e69847e256ae3d3c85272364e6
Mentah,Master_Dataset\Mentah\DS3_Amelonado_DSC_2428.jpg,DS3_Amelonado_DSC_2428.jpg,JPEG,5568,3712,1.5,0.30494949221611023,0.3669397532939911,0.31468525528907776,9b81d07ff6a23f1d66d136f521a5ded4
Mentah,Master_Dataset\Mentah\DS3_Amelonado_DSC_2429.jpg,DS3_Amelonado_DSC_2429.jpg,JPEG,5568,3712,1.5,0.2709130644798279,0.3117660582065582,0.2687050998210907,851f7f5b3e044b9451a763098444b534
Mentah,Master_Dataset\Mentah\DS3_Amelonado_DSC_2430.jpg,DS3_Amelonado_DSC_2430.jpg,JPEG,5568,3712,1.5,0.26927244663238525,0.32062089443206787,0.26928961277008057,0828b079150aa7ffc5492f2e07a42aa7
Mentah,Master_Dataset\Mentah\DS3_Amelonado_DSC_2431.jpg,DS3_Amelonado_DSC_2431.jpg,JPEG,5568,3712,1.5,0.26255878806114197,0.2884018123149872,0.2634260356426239,1f7caf2aaf5eb5a8b95788a2854880a3
Mentah,Master_Dataset\Mentah\DS3_Amelonado_DSC_2432.jpg,DS3_Amelonado_DSC_2432.jpg,JPEG,5568,3712,1.5,0.26055553555488586,0.2854968011379242,0.26344728469848633,9d9a9a28fcf8bb2785398eead5ae004b
Mentah,Master_Dataset\Mentah\DS3_Amelonado_DSC_2433.jpg,DS3_Amelonado_DSC_2433.jpg,JPEG,5568,3712,1.5,0.2884410321712494,0.3513316512107849,0.2954620122909546,2f312b63a46b8e9f4ecf8cb57b135ef9
Mentah,Master_Dataset\Mentah\DS3_Amelonado_DSC_2434.jpg,DS3_Amelonado_DSC_2434.jpg,JPEG,5568,3712,1.5,0.28323671221733093,0.34302058815956116,0.29088082909584045,6bdc3bd7ff48385461654fd7cb96cb07
Mentah,Master_Dataset\Mentah\DS3_Amelonado_DSC_2435.jpg,DS3_Amelonado_DSC_2435.jpg,JPEG,5568,3712,1.5,0.3255065977573395,0.34447261691093445,0.3330343961715698,8d8d9aa0e1b15d2cb0e3ad1e3ba70e68
Mentah,Master_Dataset\Mentah\DS3_Amelonado_DSC_2436.jpg,DS3_Amelonado_DSC_2436.jpg,JPEG,5568,3712,1.5,0.3265482485294342,0.34555014967918396,0.33325350284576416,ff2e16a4c78852b9b32950bc67c65cb1
Mentah,Master_Dataset\Mentah\DS3_Amelonado_DSC_2437.jpg,DS3_Amelonado_DSC_2437.jpg,JPEG,5568,3712,1.5,0.26422372460365295,0.33092933893203735,0.2680152952671051,f6db042a1890ac5094c341dacb6815cb
Mentah,Master_Dataset\Mentah\DS3_Amelonado_DSC_2438.jpg,DS3_Amelonado_DSC_2438.jpg,JPEG,5568,3712,1.5,0.2681857645511627,0.3357253968715668,0.27204135060310364,3377d685b5d4f88f88657e0619f1ccde
Mentah,Master_Dataset\Mentah\DS3_Amelonado_DSC_2439.jpg,DS3_Amelonado_DSC_2439.jpg,JPEG,5568,3712,1.5,0.3554272949695587,0.41226375102996826,0.34470492601394653,a82918ca971943c8ccef588436a2fbc5
Mentah,Master_Dataset\Mentah\DS3_Amelonado_DSC_2440.jpg,DS3_Amelonado_DSC_2440.jpg,JPEG,5568,3712,1.5,0.3497016727924347,0.4237500727176666,0.3451434075832367,4eac2eb7a60e6df3ba30cae97b17fe89
Mentah,Master_Dataset\Mentah\DS3_Amelonado_DSC_2441.jpg,DS3_Amelonado_DSC_2441.jpg,JPEG,5568,3712,1.5,0.3432970345020294,0.4145325720310211,0.340004026889801,3d7a0626dde02e496de959381313fad0
Mentah,Master_Dataset\Mentah\DS3_Amelonado_DSC_2442.jpg,DS3_Amelonado_DSC_2442.jpg,JPEG,5568,3712,1.5,0.34901389479637146,0.4167538285255432,0.3436101973056793,fa01eb7f5c8d24c01067ffb569267f52
Mentah,Master_Dataset\Mentah\DS3_Amelonado_DSC_2443.jpg,DS3_Amelonado_DSC_2443.jpg,JPEG,5568,3712,1.5,0.30156955122947693,0.40263545513153076,0.31746742129325867,f63a0a0addca871920cd18fafb90354e
Mentah,Master_Dataset\Mentah\DS3_Amelonado_DSC_2444.jpg,DS3_Amelonado_DSC_2444.jpg,JPEG,5568,3712,1.5,0.30906978249549866,0.41006460785865784,0.32656002044677734,5164966a83314f4481ae64e057f9f1ab
Mentah,Master_Dataset\Mentah\DS3_Amelonado_DSC_2445.jpg,DS3_Amelonado_DSC_2445.jpg,JPEG,5568,3712,1.5,0.3089565634727478,0.4094507098197937,0.3256588578224182,26e86b346ba6ca4e40cdb0fb6ab73681
Mentah,Master_Dataset\Mentah\DS3_Amelonado_DSC_2446.jpg,DS3_Amelonado_DSC_2446.jpg,JPEG,5568,3712,1.5,0.3259277045726776,0.424980103969574,0.3157297670841217,0525dfb2a0b2ff2b0e4e887bca42d0e3
Mentah,Master_Dataset\Mentah\DS3_Amelonado_DSC_2447.jpg,DS3_Amelonado_DSC_2447.jpg,JPEG,5568,3712,1.5,0.32793617248535156,0.42673301696777344,0.3216402530670166,efb93da2220a9b455fecb041ad14aa11
Mentah,Master_Dataset\Mentah\DS3_Amelonado_DSC_2448.jpg,DS3_Amelonado_DSC_2448.jpg,JPEG,5568,3712,1.5,0.3380414843559265,0.4321662485599518,0.32542532682418823,1bbdc22d4a6ae65ca31c6cfd8ea02384
Mentah,Master_Dataset\Mentah\DS3_Amelonado_DSC_2449.jpg,DS3_Amelonado_DSC_2449.jpg,JPEG,5568,3712,1.5,0.3277224004268646,0.36172929406166077,0.3163418769836426,37bd74291c9728b15b03321db32a3bd0
Mentah,Master_Dataset\Mentah\DS3_Amelonado_DSC_2450.jpg,DS3_Amelonado_DSC_2450.jpg,JPEG,5568,3712,1.5,0.3313896358013153,0.3657723069190979,0.3193942606449127,9ca53b4fa92c9ba83e9c4ff2afd62c59
Mentah,Master_Dataset\Mentah\DS3_Amelonado_DSC_2451.jpg,DS3_Amelonado_DSC_2451.jpg,JPEG,5568,3712,1.5,0.30906590819358826,0.35276949405670166,0.2951522469520569,d415110049dc8f81ef2024e9196c7fb1
Mentah,Master_Dataset\Mentah\DS3_Amelonado_DSC_2452.jpg,DS3_Amelonado_DSC_2452.jpg,JPEG,5568,3712,1.5,0.310483455657959,0.3560182750225067,0.2965114712715149,9e5879eb28eede220b52df0ef28b605e
Mentah,Master_Dataset\Mentah\DS3_Amelonado_DSC_2453.jpg,DS3_Amelonado_DSC_2453.jpg,JPEG,5568,3712,1.5,0.31169670820236206,0.355613648891449,0.2978664040565491,d71ddc093cb6c293a94aa51194af6713
Mentah,Master_Dataset\Mentah\DS3_Amelonado_DSC_2454.jpg,DS3_Amelonado_DSC_2454.jpg,JPEG,5568,3712,1.5,0.25218093395233154,0.24542728066444397,0.23753252625465393,4685d63fefa2da83ee95d231342afee0
Mentah,Master_Dataset\Mentah\DS3_Amelonado_DSC_2455.jpg,DS3_Amelonado_DSC_2455.jpg,JPEG,5568,3712,1.5,0.2539421617984772,0.24668152630329132,0.2392934262752533,b086a3092faaa59d1f36a385ca44b3c4
Mentah,Master_Dataset\Mentah\DS3_Amelonado_DSC_2456.jpg,DS3_Amelonado_DSC_2456.jpg,JPEG,5568,3712,1.5,0.2720641791820526,0.32231050729751587,0.25446775555610657,453eafc1716e66ab031fb20ae66a4414
Mentah,Master_Dataset\Mentah\DS3_Amelonado_DSC_2457.jpg,DS3_Amelonado_DSC_2457.jpg,JPEG,5568,3712,1.5,0.2690231204032898,0.32377368211746216,0.25314226746559143,f71ebab8f6c99691436ee4bf0be649cc
Mentah,Master_Dataset\Mentah\DS3_Amelonado_DSC_2458.jpg,DS3_Amelonado_DSC_2458.jpg,JPEG,5568,3712,1.5,0.26786676049232483,0.31999602913856506,0.2515670955181122,f4eeffbc49d258bd1b9a49066b38580a
Mentah,Master_Dataset\Mentah\DS3_Amelonado_DSC_2468.jpg,DS3_Amelonado_DSC_2468.jpg,JPEG,5568,3712,1.5,0.3718664348125458,0.3535400629043579,0.30146363377571106,7763ad5d550be600582897ac28ef8b0e
Mentah,Master_Dataset\Mentah\DS3_Amelonado_DSC_2469.jpg,DS3_Amelonado_DSC_2469.jpg,JPEG,5568,3712,1.5,0.5085929036140442,0.6119310259819031,0.5351194739341736,60e9c1d2a08419c51a82b97b3350e9d4
Mentah,Master_Dataset\Mentah\DS3_Amelonado_DSC_2470.jpg,DS3_Amelonado_DSC_2470.jpg,JPEG,5568,3712,1.5,0.37439462542533875,0.5128744840621948,0.3474527895450592,b46aefa5c2fc67391f2842e0f6c6ae6c
Mentah,Master_Dataset\Mentah\DS3_Amelonado_DSC_2471.jpg,DS3_Amelonado_DSC_2471.jpg,JPEG,5568,3712,1.5,0.3729022145271301,0.512843906879425,0.34072792530059814,ac48b62192d9613b917a8b3f0cfa68a6
Mentah,Master_Dataset\Mentah\DS3_Amelonado_DSC_2472.jpg,DS3_Amelonado_DSC_2472.jpg,JPEG,5568,3712,1.5,0.3956237733364105,0.3913073241710663,0.36501118540763855,93ec559965ccc71cc9946a58d31ae7fd
Mentah,Master_Dataset\Mentah\DS3_Amelonado_DSC_2473.jpg,DS3_Amelonado_DSC_2473.jpg,JPEG,5568,3712,1.5,0.38914451003074646,0.38524875044822693,0.3594226539134979,e195556831dea9ae122efde1517c19e0
Mentah,Master_Dataset\Mentah\DS3_Amelonado_DSC_2474.jpg,DS3_Amelonado_DSC_2474.jpg,JPEG,5568,3712,1.5,0.3506620526313782,0.4168882668018341,0.3651338815689087,5c3f78b2217aaa2231cbcc028e60468a
Mentah,Master_Dataset\Mentah\DS3_Amelonado_DSC_2475.jpg,DS3_Amelonado_DSC_2475.jpg,JPEG,5568,3712,1.5,0.35701802372932434,0.4276808202266693,0.3678141236305237,5bbe108262b85d32395d31f4362ccb39
Mentah,Master_Dataset\Mentah\DS3_Amelonado_DSC_2476.jpg,DS3_Amelonado_DSC_2476.jpg,JPEG,5568,3712,1.5,0.40608352422714233,0.45572778582572937,0.4219672977924347,5cd865c2228239e6f41a585181a48e73
Mentah,Master_Dataset\Mentah\DS3_Amelonado_DSC_2477.jpg,DS3_Amelonado_DSC_2477.jpg,JPEG,5568,3712,1.5,0.4087507426738739,0.45734092593193054,0.4234929084777832,a29c39b52476ec25f092b9bf1cd132b7
Mentah,Master_Dataset\Mentah\DS3_Amelonado_DSC_2478.jpg,DS3_Amelonado_DSC_2478.jpg,JPEG,5568,3712,1.5,0.3794839680194855,0.44650593400001526,0.3843230605125427,9110d48f8a31c1ec5ca44f9adf22dbe1
Mentah,Master_Dataset\Mentah\DS3_Amelonado_DSC_2479.jpg,DS3_Amelonado_DSC_2479.jpg,JPEG,5568,3712,1.5,0.3782787024974823,0.44503113627433777,0.38204681873321533,50ddc003fe955ac440b23f3ecc64ae0d
Mentah,Master_Dataset\Mentah\DS3_Amelonado_DSC_2480.jpg,DS3_Amelonado_DSC_2480.jpg,JPEG,5568,3712,1.5,0.45394548773765564,0.5201378464698792,0.4361579120159149,9cfd3c22ac8c4e01b06165e900069173
Mentah,Master_Dataset\Mentah\DS3_Amelonado_DSC_2481.jpg,DS3_Amelonado_DSC_2481.jpg,JPEG,5568,3712,1.5,0.4637058675289154,0.5244103074073792,0.44594433903694153,4e13ef07b987467807498d243d31d935
Mentah,Master_Dataset\Mentah\DS3_Amelonado_DSC_2484.jpg,DS3_Amelonado_DSC_2484.jpg,JPEG,5568,3712,1.5,0.4216751158237457,0.4552484452724457,0.40867897868156433,d2d4a37932b669c506d38ff90079f1d2
Mentah,Master_Dataset\Mentah\DS3_Amelonado_DSC_2485.jpg,DS3_Amelonado_DSC_2485.jpg,JPEG,5568,3712,1.5,0.4141717553138733,0.4534975290298462,0.39843836426734924,c4710ad3a85948ca91888b6aa921cc58
Mentah,Master_Dataset\Mentah\DS3_Amelonado_DSC_2486.jpg,DS3_Amelonado_DSC_2486.jpg,JPEG,5568,3712,1.5,0.42104965448379517,0.4577797055244446,0.40581032633781433,d89e15c77ac314989f9a90e760d94d75
Mentah,Master_Dataset\Mentah\DS3_Amelonado_DSC_2487.jpg,DS3_Amelonado_DSC_2487.jpg,JPEG,5568,3712,1.5,0.3718664348125458,0.3535400629043579,0.30146363377571106,7763ad5d550be600582897ac28ef8b0e
Mentah,Master_Dataset\Mentah\DS3_Amelonado_DSC_2488.jpg,DS3_Amelonado_DSC_2488.jpg,JPEG,5568,3712,1.5,0.37244439125061035,0.3572530448436737,0.30389490723609924,83d2b9fb2141404f09bee6ceb6b99375
Mentah,Master_Dataset\Mentah\DS3_Amelonado_DSC_2489.jpg,DS3_Amelonado_DSC_2489.jpg,JPEG,5568,3712,1.5,0.3735990524291992,0.40990984439849854,0.32938578724861145,024a3dc628a56fae3188355de9e3a1ee
Mentah,Master_Dataset\Mentah\DS3_Amelonado_DSC_2490.jpg,DS3_Amelonado_DSC_2490.jpg,JPEG,5568,3712,1.5,0.3722188174724579,0.41312700510025024,0.33221226930618286,c437e95f22ac78b552404309e8277513
Mentah,Master_Dataset\Mentah\DS3_Amelonado_DSC_2491.jpg,DS3_Amelonado_DSC_2491.jpg,JPEG,5568,3712,1.5,0.41907745599746704,0.4001874029636383,0.38264888525009155,717e6c5c6cdaad713cf7031f4c496a34
Mentah,Master_Dataset\Mentah\DS3_Amelonado_DSC_2492.jpg,DS3_Amelonado_DSC_2492.jpg,JPEG,5568,3712,1.5,0.41911840438842773,0.3996164798736572,0.3825283348560333,76b25d3a99c5c93fcfdb36a6b52327c5
Mentah,Master_Dataset\Mentah\DS3_Amelonado_DSC_2493.jpg,DS3_Amelonado_DSC_2493.jpg,JPEG,5568,3712,1.5,0.4177432656288147,0.3991912007331848,0.38240599632263184,f29d15188c6d34ebe465f79581533d2c
Mentah,Master_Dataset\Mentah\DS3_Amelonado_DSC_2494.jpg,DS3_Amelonado_DSC_2494.jpg,JPEG,5568,3712,1.5,0.3534124791622162,0.4951617419719696,0.3510529100894928,e8458c69bcde2c0ae6081593a84991b0
Mentah,Master_Dataset\Mentah\DS3_Amelonado_DSC_2495.jpg,DS3_Amelonado_DSC_2495.jpg,JPEG,5568,3712,1.5,0.35483482480049133,0.49580734968185425,0.35155433416366577,1bf65223ae65dac73169cf3d5005c7e5
Mentah,Master_Dataset\Mentah\DS3_Amelonado_DSC_2496.jpg,DS3_Amelonado_DSC_2496.jpg,JPEG,5568,3712,1.5,0.4378799796104431,0.5835116505622864,0.3879687488079071,70f676fa726cb406059f5afd5699f485
Mentah,Master_Dataset\Mentah\DS3_Amelonado_DSC_2497.jpg,DS3_Amelonado_DSC_2497.jpg,JPEG,5568,3712,1.5,0.4721868634223938,0.610506534576416,0.4139285385608673,bc1732a5287b0df29b5450da02682e29
Mentah,Master_Dataset\Mentah\DS3_Amelonado_DSC_2498.jpg,DS3_Amelonado_DSC_2498.jpg,JPEG,5568,3712,1.5,0.36855703592300415,0.5085229873657227,0.2858056426048279,4e6d01588ac064d9d1e06bf80aef173c
Mentah,Master_Dataset\Mentah\DS3_Amelonado_DSC_2499.jpg,DS3_Amelonado_DSC_2499.jpg,JPEG,5568,3712,1.5,0.36340567469596863,0.5071020722389221,0.2830825746059418,df8e207d9df77daa0d07a9996b06ec77
Mentah,Master_Dataset\Mentah\DS3_Amelonado_DSC_2500.jpg,DS3_Amelonado_DSC_2500.jpg,JPEG,5568,3712,1.5,0.35653457045555115,0.4841634929180145,0.24288520216941833,3a58a9a12ea859b0d25e52e6e142c61b
Mentah,Master_Dataset\Mentah\DS3_Amelonado_DSC_2501.jpg,DS3_Amelonado_DSC_2501.jpg,JPEG,5568,3712,1.5,0.35368531942367554,0.479317307472229,0.2374841272830963,ba00c3877f84e31ef98fa86c3ec78a33
Mentah,Master_Dataset\Mentah\DS3_Amelonado_DSC_2509.jpg,DS3_Amelonado_DSC_2509.jpg,JPEG,5568,3712,1.5,0.3639613389968872,0.40286168456077576,0.365387499332428,1992dc2adf3079dd1b531366db1781a4
Mentah,Master_Dataset\Mentah\DS3_Amelonado_DSC_2510.jpg,DS3_Amelonado_DSC_2510.jpg,JPEG,5568,3712,1.5,0.35987940430641174,0.4006178677082062,0.36317339539527893,178491aa7073ecc660a125b5bedadff2
Mentah,Master_Dataset\Mentah\DS3_Amelonado_DSC_2511.jpg,DS3_Amelonado_DSC_2511.jpg,JPEG,5568,3712,1.5,0.36028480529785156,0.4026648998260498,0.36539334058761597,798870493e771aeb5355919fb6c5ba43
Mentah,Master_Dataset\Mentah\DS3_Amelonado_DSC_2512.jpg,DS3_Amelonado_DSC_2512.jpg,JPEG,5568,3712,1.5,0.44738951325416565,0.4869188070297241,0.45434635877609253,5268a8d7091c0d54e9c424a2a45f85c2
Mentah,Master_Dataset\Mentah\DS3_Amelonado_DSC_2513.jpg,DS3_Amelonado_DSC_2513.jpg,JPEG,5568,3712,1.5,0.44562971591949463,0.4853067696094513,0.45370104908943176,1d0df6d578eeb2ceebe2d9486cae9b7a
Mentah,Master_Dataset\Mentah\DS3_Amelonado_DSC_2520.jpg,DS3_Amelonado_DSC_2520.jpg,JPEG,5568,3712,1.5,0.4072836935520172,0.4043114185333252,0.39747321605682373,ecbc5683d1a5c99881e319875ca89e07
Mentah,Master_Dataset\Mentah\DS3_Amelonado_DSC_2521.jpg,DS3_Amelonado_DSC_2521.jpg,JPEG,5568,3712,1.5,0.40466955304145813,0.40460696816444397,0.3964519202709198,bc7e1da7b1efffd7ad9941dddbca79b7
Mentah,Master_Dataset\Mentah\DS3_Amelonado_DSC_2522.jpg,DS3_Amelonado_DSC_2522.jpg,JPEG,5568,3712,1.5,0.3234548270702362,0.3635118007659912,0.3045932352542877,65bf6a43a5530cbdd2483efc088df2d4
Mentah,Master_Dataset\Mentah\DS3_Amelonado_DSC_2523.jpg,DS3_Amelonado_DSC_2523.jpg,JPEG,5568,3712,1.5,0.3279687762260437,0.3704374432563782,0.30754363536834717,1a863973805607367387df6c4e06213c
Mentah,Master_Dataset\Mentah\DS3_Amelonado_DSC_2526.jpg,DS3_Amelonado_DSC_2526.jpg,JPEG,5568,3712,1.5,0.3893822729587555,0.43704596161842346,0.38270312547683716,d4382eee40bcc49e5b98d03493db570b
Mentah,Master_Dataset\Mentah\DS3_Amelonado_DSC_2527.jpg,DS3_Amelonado_DSC_2527.jpg,JPEG,5568,3712,1.5,0.39285603165626526,0.4392023980617523,0.3831455111503601,2731c68e4dac1ddc0d8d6e44054fce55
Mentah,Master_Dataset\Mentah\DS3_Amelonado_DSC_2558.jpg,DS3_Amelonado_DSC_2558.jpg,JPEG,5568,3712,1.5,0.40514668822288513,0.4582640826702118,0.40355217456817627,4e8ff553a49e12ab279556f052f13dc8
Mentah,Master_Dataset\Mentah\DS3_Amelonado_DSC_2559.jpg,DS3_Amelonado_DSC_2559.jpg,JPEG,5568,3712,1.5,0.41174960136413574,0.46331948041915894,0.4099265933036804,4d78abb22ffa7a69131e5dadac23a263
Mentah,Master_Dataset\Mentah\DS3_Amelonado_DSC_2560.jpg,DS3_Amelonado_DSC_2560.jpg,JPEG,5568,3712,1.5,0.3352874219417572,0.4157041013240814,0.32870227098464966,10e95ad6754f9e5ec91ea81eb0f0f0bc
Mentah,Master_Dataset\Mentah\DS3_Amelonado_DSC_2561.jpg,DS3_Amelonado_DSC_2561.jpg,JPEG,5568,3712,1.5,0.33359721302986145,0.41306281089782715,0.3259359896183014,43b809047b494ff3eaa4e749f6a75a85
Mentah,Master_Dataset\Mentah\DS3_Amelonado_DSC_2562.jpg,DS3_Amelonado_DSC_2562.jpg,JPEG,5568,3712,1.5,0.36759188771247864,0.4461655616760254,0.3840254247188568,8c3ceed249f6a0e546ad3320fcafae7f
Mentah,Master_Dataset\Mentah\DS3_Amelonado_DSC_2563.jpg,DS3_Amelonado_DSC_2563.jpg,JPEG,5568,3712,1.5,0.3706798553466797,0.4499065577983856,0.38719022274017334,02b4356040c0343e326ce49013105c00
Mentah,Master_Dataset\Mentah\DS3_Amelonado_DSC_2623.jpg,DS3_Amelonado_DSC_2623.jpg,JPEG,5568,3712,1.5,0.43461230397224426,0.45989999175071716,0.44603484869003296,1884a4dfd67b91279462449aee722f43
Mentah,Master_Dataset\Mentah\DS3_Amelonado_DSC_2624.jpg,DS3_Amelonado_DSC_2624.jpg,JPEG,5568,3712,1.5,0.4303450882434845,0.4571447968482971,0.44418492913246155,77de91d62692c43c1c056eb1b795b2b6
Mentah,Master_Dataset\Mentah\DS3_Amelonado_DSC_2641.jpg,DS3_Amelonado_DSC_2641.jpg,JPEG,5568,3712,1.5,0.39842337369918823,0.4105667471885681,0.41285014152526855,10981b78f086db554d33fce9787838d0
Mentah,Master_Dataset\Mentah\DS3_Amelonado_DSC_2642.jpg,DS3_Amelonado_DSC_2642.jpg,JPEG,5568,3712,1.5,0.4143930673599243,0.4125933349132538,0.4084791839122772,4469cd5fae0c931d2b1e8d2c17b18391
Mentah,Master_Dataset\Mentah\DS3_Amelonado_DSC_2643.jpg,DS3_Amelonado_DSC_2643.jpg,JPEG,5568,3712,1.5,0.4435124099254608,0.4674457907676697,0.4622822105884552,21aab5f70812443b65e4af6ec5b1b49c
Mentah,Master_Dataset\Mentah\DS3_Amelonado_DSC_2644.jpg,DS3_Amelonado_DSC_2644.jpg,JPEG,5568,3712,1.5,0.44640305638313293,0.47527530789375305,0.4669615626335144,e1d1e96a1f059010ccd720533bc7b888
Mentah,Master_Dataset\Mentah\DS3_Angoleta_DSC_0773.jpg,DS3_Angoleta_DSC_0773.jpg,JPEG,5568,3712,1.5,0.48915934562683105,0.5877348184585571,0.46040427684783936,9fd447c02e1ee901b70934fadf28c7cd
Mentah,Master_Dataset\Mentah\DS3_Angoleta_DSC_0774.jpg,DS3_Angoleta_DSC_0774.jpg,JPEG,5568,3712,1.5,0.5173673033714294,0.581549882888794,0.501185953617096,bfed310b2277dd66272fda308c2b0116
Mentah,Master_Dataset\Mentah\DS3_Angoleta_DSC_0775.jpg,DS3_Angoleta_DSC_0775.jpg,JPEG,5568,3712,1.5,0.5287113785743713,0.5793039798736572,0.5106219053268433,3f6dfdf03e39a5b72c4ca5e5f1e7e3dd
Mentah,Master_Dataset\Mentah\DS3_Angoleta_DSC_0779.jpg,DS3_Angoleta_DSC_0779.jpg,JPEG,5568,3712,1.5,0.7499523758888245,0.8043729662895203,0.724587082862854,c0d1e76f178c103fa15c5ca645e62ca9
Mentah,Master_Dataset\Mentah\DS3_Angoleta_DSC_0780.jpg,DS3_Angoleta_DSC_0780.jpg,JPEG,5568,3712,1.5,0.7441877722740173,0.7988553047180176,0.7195413708686829,d6addfd193c494c79c25c7ee6381c612
Mentah,Master_Dataset\Mentah\DS3_Angoleta_DSC_0783.jpg,DS3_Angoleta_DSC_0783.jpg,JPEG,5568,3712,1.5,0.687832772731781,0.7520097494125366,0.5804885625839233,857c4f636275ead530d848b6f79a8172
Mentah,Master_Dataset\Mentah\DS3_Angoleta_DSC_0784.jpg,DS3_Angoleta_DSC_0784.jpg,JPEG,5568,3712,1.5,0.7312296032905579,0.7817120552062988,0.6334659457206726,526fa54c7618906f41602904b4035dcf
Mentah,Master_Dataset\Mentah\DS3_Angoleta_DSC_0785.jpg,DS3_Angoleta_DSC_0785.jpg,JPEG,5568,3712,1.5,0.5145310759544373,0.6238905787467957,0.40331515669822693,e0695bc1faec1680bf2f68ab60e124e8
Mentah,Master_Dataset\Mentah\DS3_Angoleta_DSC_0786.jpg,DS3_Angoleta_DSC_0786.jpg,JPEG,5568,3712,1.5,0.512567400932312,0.6118988990783691,0.3785130977630615,83e7e9e44ccc743bbcda95a32127ae6b
Mentah,Master_Dataset\Mentah\DS3_Angoleta_DSC_0789.jpg,DS3_Angoleta_DSC_0789.jpg,JPEG,5568,3712,1.5,0.41776958107948303,0.4944438636302948,0.41300830245018005,b55cc95402df97bf281a6b4260223e94
Mentah,Master_Dataset\Mentah\DS3_Angoleta_DSC_0790.jpg,DS3_Angoleta_DSC_0790.jpg,JPEG,5568,3712,1.5,0.41889697313308716,0.49352750182151794,0.41164344549179077,5fa3971d357d24de5aced0979a0e697a
Mentah,Master_Dataset\Mentah\DS3_Angoleta_DSC_0836.jpg,DS3_Angoleta_DSC_0836.jpg,JPEG,5568,3712,1.5,0.4927748739719391,0.5295566916465759,0.3587857186794281,55ea51ed82d84190bf74d3f11aaa60da
Mentah,Master_Dataset\Mentah\DS3_Angoleta_DSC_0837.jpg,DS3_Angoleta_DSC_0837.jpg,JPEG,5568,3712,1.5,0.46783730387687683,0.5122914910316467,0.33723679184913635,5c8d3f2f35e9fa91cd300a62995a319f
Mentah,Master_Dataset\Mentah\DS3_Angoleta_DSC_0838.jpg,DS3_Angoleta_DSC_0838.jpg,JPEG,5568,3712,1.5,0.4613058567047119,0.5281311869621277,0.31753113865852356,da9d77c6234a4f7caf2cfde34b8b3b2d
Mentah,Master_Dataset\Mentah\DS3_Angoleta_DSC_0839.jpg,DS3_Angoleta_DSC_0839.jpg,JPEG,5568,3712,1.5,0.45677462220191956,0.5200331807136536,0.30841314792633057,774dc5376899ee6f88af7a6da745ccbe
Mentah,Master_Dataset\Mentah\DS3_Angoleta_DSC_0840.jpg,DS3_Angoleta_DSC_0840.jpg,JPEG,5568,3712,1.5,0.4452460706233978,0.48592889308929443,0.3255908489227295,5e669f3534d39c63675359f3d87c84ee
Mentah,Master_Dataset\Mentah\DS3_Angoleta_DSC_0841.jpg,DS3_Angoleta_DSC_0841.jpg,JPEG,5568,3712,1.5,0.4641357362270355,0.504184365272522,0.33874377608299255,99a35d20f5d96ffb11955248ed463a4a
Mentah,Master_Dataset\Mentah\DS3_Angoleta_DSC_0875.jpg,DS3_Angoleta_DSC_0875.jpg,JPEG,5568,3712,1.5,0.4083552956581116,0.4830891489982605,0.37555253505706787,03453d83e6d0a85a5e500bf0c45cfa18
Mentah,Master_Dataset\Mentah\DS3_Angoleta_DSC_0876.jpg,DS3_Angoleta_DSC_0876.jpg,JPEG,5568,3712,1.5,0.42421260476112366,0.496043860912323,0.38639816641807556,e983e99a17cf8b62209b901fcd4653de
Mentah,Master_Dataset\Mentah\DS3_Angoleta_DSC_0905.jpg,DS3_Angoleta_DSC_0905.jpg,JPEG,5568,3712,1.5,0.43666893243789673,0.48396536707878113,0.3533247709274292,fce9e8f27f2500fc1e001ebb57f7f0ec
Mentah,Master_Dataset\Mentah\DS3_Angoleta_DSC_0906.jpg,DS3_Angoleta_DSC_0906.jpg,JPEG,5568,3712,1.5,0.4605760872364044,0.5007796287536621,0.3728119134902954,535f32794d39c7879addb001a23b97e0
Mentah,Master_Dataset\Mentah\DS3_Angoleta_DSC_0907.jpg,DS3_Angoleta_DSC_0907.jpg,JPEG,5568,3712,1.5,0.4602356553077698,0.4600137770175934,0.4152950048446655,8d6f5c14e1da4cc72a8dd7278d17347a
Mentah,Master_Dataset\Mentah\DS3_Angoleta_DSC_0908.jpg,DS3_Angoleta_DSC_0908.jpg,JPEG,5568,3712,1.5,0.48316922783851624,0.48717162013053894,0.4401039779186249,386385674a62a1bd6291f79171e37014
Mentah,Master_Dataset\Mentah\DS3_Angoleta_DSC_0909.jpg,DS3_Angoleta_DSC_0909.jpg,JPEG,5568,3712,1.5,0.48014217615127563,0.5000865459442139,0.4341092109680176,a9261410f2a51545c485ca09b9968586
Mentah,Master_Dataset\Mentah\DS3_Angoleta_DSC_0910.jpg,DS3_Angoleta_DSC_0910.jpg,JPEG,5568,3712,1.5,0.4727901518344879,0.4920637607574463,0.4261099398136139,221e2557361fa1f5d9be946a0be040dd
Mentah,Master_Dataset\Mentah\DS3_Angoleta_DSC_0911.jpg,DS3_Angoleta_DSC_0911.jpg,JPEG,5568,3712,1.5,0.492822527885437,0.5048245787620544,0.47206398844718933,cda22e062d1dc0407f69d4acd8f670c4
Mentah,Master_Dataset\Mentah\DS3_Angoleta_DSC_0912.jpg,DS3_Angoleta_DSC_0912.jpg,JPEG,5568,3712,1.5,0.48188307881355286,0.5022950768470764,0.4646812677383423,1e840df487429ad717c100d05e024fea
Mentah,Master_Dataset\Mentah\DS3_Angoleta_DSC_0913.jpg,DS3_Angoleta_DSC_0913.jpg,JPEG,5568,3712,1.5,0.4645368158817291,0.4907815754413605,0.4374404847621918,7f36ff6f6749a3508e735013c4345c94
Mentah,Master_Dataset\Mentah\DS3_Angoleta_DSC_0914.jpg,DS3_Angoleta_DSC_0914.jpg,JPEG,5568,3712,1.5,0.46278437972068787,0.4883016347885132,0.4338149130344391,e2e460fa17724d6fd1cae184e6bcbb49
Mentah,Master_Dataset\Mentah\DS3_Angoleta_DSC_0915.jpg,DS3_Angoleta_DSC_0915.jpg,JPEG,5568,3712,1.5,0.46214476227760315,0.5048028826713562,0.3031042218208313,6c8884ace739cf81392f56522d45423a
Mentah,Master_Dataset\Mentah\DS3_Angoleta_DSC_0916.jpg,DS3_Angoleta_DSC_0916.jpg,JPEG,5568,3712,1.5,0.4575088322162628,0.4983081519603729,0.29963570833206177,18aeb3ce615bded3e47f26a190f9c4ca
Mentah,Master_Dataset\Mentah\DS3_Angoleta_DSC_0918.jpg,DS3_Angoleta_DSC_0918.jpg,JPEG,5568,3712,1.5,0.4589226245880127,0.5257841944694519,0.26025962829589844,53d2e3cb22bb6abc965a1a3532671580
Mentah,Master_Dataset\Mentah\DS3_Angoleta_DSC_0919.jpg,DS3_Angoleta_DSC_0919.jpg,JPEG,5568,3712,1.5,0.4630863070487976,0.5280837416648865,0.2656016945838928,9e556044869e5431e59ceb1a27a7ebfe
Mentah,Master_Dataset\Mentah\DS3_Angoleta_DSC_0920.jpg,DS3_Angoleta_DSC_0920.jpg,JPEG,5568,3712,1.5,0.39796653389930725,0.46261119842529297,0.2578926980495453,b3847d6ccf46f9fe1bf68131b031d825
Mentah,Master_Dataset\Mentah\DS3_Angoleta_DSC_0921.jpg,DS3_Angoleta_DSC_0921.jpg,JPEG,5568,3712,1.5,0.39806216955184937,0.46364906430244446,0.2609442174434662,e5084671a481b8f550b94c0b5c1cd5f0
Mentah,Master_Dataset\Mentah\DS3_Angoleta_DSC_0922.jpg,DS3_Angoleta_DSC_0922.jpg,JPEG,5568,3712,1.5,0.3770100474357605,0.4704708158969879,0.2186952382326126,e202d756c2781a8d2ac82470e523198d
Mentah,Master_Dataset\Mentah\DS3_Angoleta_DSC_0923.jpg,DS3_Angoleta_DSC_0923.jpg,JPEG,5568,3712,1.5,0.39427053928375244,0.5042257308959961,0.20494194328784943,f0143613a2b386c49455cf7881efb10a
Mentah,Master_Dataset\Mentah\DS3_Angoleta_DSC_0924.jpg,DS3_Angoleta_DSC_0924.jpg,JPEG,5568,3712,1.5,0.4142468273639679,0.5024011135101318,0.24065518379211426,1e798267112814e36d2a99c393909d90
Mentah,Master_Dataset\Mentah\DS3_Angoleta_DSC_0925.jpg,DS3_Angoleta_DSC_0925.jpg,JPEG,5568,3712,1.5,0.424181193113327,0.5101196765899658,0.2533428370952606,797893289b7af9599e10d147f5a0e5f0
Mentah,Master_Dataset\Mentah\DS3_Angoleta_DSC_0926.jpg,DS3_Angoleta_DSC_0926.jpg,JPEG,5568,3712,1.5,0.4336097240447998,0.5039057731628418,0.24865174293518066,b8619426aac38707d0c7bc9573428603
Mentah,Master_Dataset\Mentah\DS3_Angoleta_DSC_0927.jpg,DS3_Angoleta_DSC_0927.jpg,JPEG,5568,3712,1.5,0.4343807101249695,0.5113613605499268,0.2464233636856079,b77a32892c4c363be9512c070a4ffc41
Mentah,Master_Dataset\Mentah\DS3_Angoleta_DSC_0928.jpg,DS3_Angoleta_DSC_0928.jpg,JPEG,5568,3712,1.5,0.36367693543434143,0.3873978853225708,0.3329671621322632,3223ddaec0cc57e6f7880d3fe012fd63
Mentah,Master_Dataset\Mentah\DS3_Angoleta_DSC_0929.jpg,DS3_Angoleta_DSC_0929.jpg,JPEG,5568,3712,1.5,0.3781384527683258,0.4080685079097748,0.34908127784729004,d661aeb13ab2505b41a0bc69948e9616
Mentah,Master_Dataset\Mentah\DS3_Angoleta_DSC_0946.jpg,DS3_Angoleta_DSC_0946.jpg,JPEG,5568,3712,1.5,0.4240909516811371,0.46636250615119934,0.3309769928455353,243ce4ee1680afc8c953d5f0caae7ed2
Mentah,Master_Dataset\Mentah\DS3_Angoleta_DSC_0947.jpg,DS3_Angoleta_DSC_0947.jpg,JPEG,5568,3712,1.5,0.43885549902915955,0.48301833868026733,0.3471751809120178,3fb8b43928017ccb233def32c70f8ce8
Mentah,Master_Dataset\Mentah\DS3_Angoleta_DSC_0948.jpg,DS3_Angoleta_DSC_0948.jpg,JPEG,5568,3712,1.5,0.470718652009964,0.4813057482242584,0.42371633648872375,0d1696f578cd2c7787816541c36b33b2
Mentah,Master_Dataset\Mentah\DS3_Angoleta_DSC_0949.jpg,DS3_Angoleta_DSC_0949.jpg,JPEG,5568,3712,1.5,0.47120118141174316,0.48281529545783997,0.42285701632499695,e49e49cf6b95fc52bab719bc56780315
Mentah,Master_Dataset\Mentah\DS3_Angoleta_DSC_1113.jpg,DS3_Angoleta_DSC_1113.jpg,JPEG,5568,3712,1.5,0.35518816113471985,0.5725771188735962,0.2613673210144043,f3751b837a86d76c3d80b03f048638d3
Mentah,Master_Dataset\Mentah\DS3_Angoleta_DSC_1114.jpg,DS3_Angoleta_DSC_1114.jpg,JPEG,5568,3712,1.5,0.3451603055000305,0.5559985637664795,0.2546868622303009,ba1a4a923bfb8cb94e0eaed353e8ff06
Mentah,Master_Dataset\Mentah\DS3_Angoleta_DSC_1115.jpg,DS3_Angoleta_DSC_1115.jpg,JPEG,5568,3712,1.5,0.36627206206321716,0.5532147884368896,0.3232167065143585,e7c0e6a9917a488ed23271165d9025b8
Mentah,Master_Dataset\Mentah\DS3_Angoleta_DSC_1116.jpg,DS3_Angoleta_DSC_1116.jpg,JPEG,5568,3712,1.5,0.3634217381477356,0.5482155680656433,0.3251782953739166,3bcbbf6b43578c1d25e27d7d9a8e5f7d
Mentah,Master_Dataset\Mentah\DS3_Angoleta_DSC_1117.jpg,DS3_Angoleta_DSC_1117.jpg,JPEG,5568,3712,1.5,0.3935670554637909,0.5506083369255066,0.4004364013671875,d7790d85bde615327f8ccd5376d925df
Mentah,Master_Dataset\Mentah\DS3_Angoleta_DSC_1118.jpg,DS3_Angoleta_DSC_1118.jpg,JPEG,5568,3712,1.5,0.38404878973960876,0.5441203117370605,0.3927762806415558,a71d23df9ff51a76b72837f134e58dcd
Mentah,Master_Dataset\Mentah\DS3_Angoleta_DSC_1129.jpg,DS3_Angoleta_DSC_1129.jpg,JPEG,5568,3712,1.5,0.44575947523117065,0.5180501937866211,0.43147754669189453,999a5debbb85454f86ec7e46c92cf14b
Mentah,Master_Dataset\Mentah\DS3_Angoleta_DSC_1130.jpg,DS3_Angoleta_DSC_1130.jpg,JPEG,5568,3712,1.5,0.4348115622997284,0.5353699922561646,0.42942312359809875,313f0afcd433fdf78e87e332ef910f53
Mentah,Master_Dataset\Mentah\DS3_Angoleta_DSC_1131.jpg,DS3_Angoleta_DSC_1131.jpg,JPEG,5568,3712,1.5,0.4338547885417938,0.5309929847717285,0.4303205609321594,60397f0387bed749fed50b760a4b6a00
Mentah,Master_Dataset\Mentah\DS3_Angoleta_DSC_1132.jpg,DS3_Angoleta_DSC_1132.jpg,JPEG,5568,3712,1.5,0.43036553263664246,0.5282657146453857,0.428057998418808,97bb58d9964458479509a285b598654a
Mentah,Master_Dataset\Mentah\DS3_Angoleta_DSC_1136.jpg,DS3_Angoleta_DSC_1136.jpg,JPEG,5568,3712,1.5,0.42333322763442993,0.4920715093612671,0.4303942620754242,313fd4906ec6a01582f270732b95767a
Mentah,Master_Dataset\Mentah\DS3_Angoleta_DSC_1137.jpg,DS3_Angoleta_DSC_1137.jpg,JPEG,5568,3712,1.5,0.42391034960746765,0.49206408858299255,0.4310342073440552,7b3f7bb5c7519b2c3068d85818e445f2
Mentah,Master_Dataset\Mentah\DS3_Angoleta_DSC_1138.jpg,DS3_Angoleta_DSC_1138.jpg,JPEG,5568,3712,1.5,0.38755515217781067,0.4890613257884979,0.4107741117477417,c4338291046f5ce285314a5c1631f2c4
Mentah,Master_Dataset\Mentah\DS3_Angoleta_DSC_1141.jpg,DS3_Angoleta_DSC_1141.jpg,JPEG,5568,3712,1.5,0.42012858390808105,0.5415716767311096,0.4370291233062744,faeeecf7416655ed62db42a5deb966f7
Mentah,Master_Dataset\Mentah\DS3_Angoleta_DSC_1142.jpg,DS3_Angoleta_DSC_1142.jpg,JPEG,5568,3712,1.5,0.43235522508621216,0.5573329329490662,0.44596946239471436,df89061b5f27270b15d1026cc5115b00
Mentah,Master_Dataset\Mentah\DS3_Angoleta_DSC_1143.jpg,DS3_Angoleta_DSC_1143.jpg,JPEG,5568,3712,1.5,0.42380738258361816,0.5490096807479858,0.43609705567359924,a69fbacdb55709f8c21fe0c009e96b3e
Mentah,Master_Dataset\Mentah\DS3_Angoleta_DSC_1144.jpg,DS3_Angoleta_DSC_1144.jpg,JPEG,5568,3712,1.5,0.42330262064933777,0.5326175093650818,0.43442127108573914,1a0c3391507474555e6573418b9f58f4
Mentah,Master_Dataset\Mentah\DS3_Angoleta_DSC_1145.jpg,DS3_Angoleta_DSC_1145.jpg,JPEG,5568,3712,1.5,0.398693710565567,0.5186185836791992,0.4153573513031006,92e32ffb4ba66098374bbc8431b8dea5
Mentah,Master_Dataset\Mentah\DS3_Angoleta_DSC_1146.jpg,DS3_Angoleta_DSC_1146.jpg,JPEG,5568,3712,1.5,0.396572470664978,0.5145601630210876,0.40987202525138855,a90ba312b1b7e6b21c3cf7ca8bc75491
Mentah,Master_Dataset\Mentah\DS3_Angoleta_DSC_1147.jpg,DS3_Angoleta_DSC_1147.jpg,JPEG,5568,3712,1.5,0.3967421352863312,0.5105198621749878,0.3985481858253479,c05394202557f7ec7bc254dd6d6e2cfd
Mentah,Master_Dataset\Mentah\DS3_Angoleta_DSC_1148.jpg,DS3_Angoleta_DSC_1148.jpg,JPEG,5568,3712,1.5,0.4740530252456665,0.5980863571166992,0.46104711294174194,5da128031893d25bb52bc0bf52f76342
Mentah,Master_Dataset\Mentah\DS3_Angoleta_DSC_1149.jpg,DS3_Angoleta_DSC_1149.jpg,JPEG,5568,3712,1.5,0.44750598073005676,0.5713072419166565,0.43152356147766113,209be145d45299c5c6cf244fccc3a0e8
Mentah,Master_Dataset\Mentah\DS3_Angoleta_DSC_1152.jpg,DS3_Angoleta_DSC_1152.jpg,JPEG,5568,3712,1.5,0.32851874828338623,0.48901695013046265,0.30409833788871765,126f640b9b25dc2756342dfe2d4df77f
Mentah,Master_Dataset\Mentah\DS3_Angoleta_DSC_1153.jpg,DS3_Angoleta_DSC_1153.jpg,JPEG,5568,3712,1.5,0.31900158524513245,0.46114182472229004,0.29762664437294006,d7b4b5bea8450616be846a34252cb5d8
Mentah,Master_Dataset\Mentah\DS3_Angoleta_DSC_1154.jpg,DS3_Angoleta_DSC_1154.jpg,JPEG,5568,3712,1.5,0.3210276961326599,0.5433164238929749,0.29688560962677,083b2fd855ab4a687196dca75d96e8d1
Mentah,Master_Dataset\Mentah\DS3_Angoleta_DSC_1155.jpg,DS3_Angoleta_DSC_1155.jpg,JPEG,5568,3712,1.5,0.3282998204231262,0.5446758270263672,0.31737232208251953,a50648cdbbd382385ae40de5f43520cd
Mentah,Master_Dataset\Mentah\DS3_Angoleta_DSC_1179.jpg,DS3_Angoleta_DSC_1179.jpg,JPEG,5568,3712,1.5,0.37206903100013733,0.5456008911132812,0.3416994512081146,87872e8e6049ed53a029a5dbf9ab8c2a
Mentah,Master_Dataset\Mentah\DS3_Angoleta_DSC_1180.jpg,DS3_Angoleta_DSC_1180.jpg,JPEG,5568,3712,1.5,0.3722992241382599,0.5452250838279724,0.33843347430229187,c93cd64daca23098cb8ed8d716f35332
Mentah,Master_Dataset\Mentah\DS3_Angoleta_DSC_1187.jpg,DS3_Angoleta_DSC_1187.jpg,JPEG,5568,3712,1.5,0.36524468660354614,0.4992222189903259,0.3578813374042511,d2bb6efd1543c403b899cc92ef5ab21b
Mentah,Master_Dataset\Mentah\DS3_Angoleta_DSC_1188.jpg,DS3_Angoleta_DSC_1188.jpg,JPEG,5568,3712,1.5,0.369172602891922,0.5075405240058899,0.36428001523017883,6201dd50bb292f8ad9071225c176a3f6
Mentah,Master_Dataset\Mentah\DS3_Angoleta_DSC_1189.jpg,DS3_Angoleta_DSC_1189.jpg,JPEG,5568,3712,1.5,0.36165136098861694,0.5295522809028625,0.3122449219226837,5c0546ac079a48de1f5182b762145256
Mentah,Master_Dataset\Mentah\DS3_Angoleta_DSC_1190.jpg,DS3_Angoleta_DSC_1190.jpg,JPEG,5568,3712,1.5,0.3632664978504181,0.5299529433250427,0.3182641267776489,7f6575b9e576067ce0e2ef6f57cd3cf1
Mentah,Master_Dataset\Mentah\DS3_Angoleta_DSC_1191.jpg,DS3_Angoleta_DSC_1191.jpg,JPEG,5568,3712,1.5,0.35929933190345764,0.5253313183784485,0.3122320771217346,80d80095df763b01645b218c573a7b22
Mentah,Master_Dataset\Mentah\DS3_Angoleta_DSC_1192.jpg,DS3_Angoleta_DSC_1192.jpg,JPEG,5568,3712,1.5,0.4418412148952484,0.516037106513977,0.45816048979759216,7a7826ce991010adbf1e89a2c3b32531
Mentah,Master_Dataset\Mentah\DS3_Angoleta_DSC_1193.jpg,DS3_Angoleta_DSC_1193.jpg,JPEG,5568,3712,1.5,0.44202205538749695,0.5174441337585449,0.4591388702392578,8c9eb7895e575541985a6eb1733f2319
Mentah,Master_Dataset\Mentah\DS3_Angoleta_DSC_1194.jpg,DS3_Angoleta_DSC_1194.jpg,JPEG,5568,3712,1.5,0.45365455746650696,0.5384485721588135,0.45144718885421753,b532ec804bbfba7601f69f66d70642d6
Mentah,Master_Dataset\Mentah\DS3_Angoleta_DSC_1195.jpg,DS3_Angoleta_DSC_1195.jpg,JPEG,5568,3712,1.5,0.4290830194950104,0.5104765892028809,0.42606642842292786,31abbbe3d5d1d19417925a919e3426f5
Mentah,Master_Dataset\Mentah\DS3_Angoleta_DSC_1198.jpg,DS3_Angoleta_DSC_1198.jpg,JPEG,5568,3712,1.5,0.36985456943511963,0.48826277256011963,0.36169224977493286,fe5e758465c1f38c058ce86338a182b6
Mentah,Master_Dataset\Mentah\DS3_Angoleta_DSC_1199.jpg,DS3_Angoleta_DSC_1199.jpg,JPEG,5568,3712,1.5,0.3733002841472626,0.49626123905181885,0.36408495903015137,576b7de8d005f0b6888f8f83cb87dba2
Mentah,Master_Dataset\Mentah\DS3_Angoleta_DSC_1201.jpg,DS3_Angoleta_DSC_1201.jpg,JPEG,5568,3712,1.5,0.3767920434474945,0.5306718349456787,0.3424466848373413,2043e9c8b8a65cb8cd265b19a8d2be50
Mentah,Master_Dataset\Mentah\DS3_Angoleta_DSC_1202.jpg,DS3_Angoleta_DSC_1202.jpg,JPEG,5568,3712,1.5,0.3899785280227661,0.5342445373535156,0.4149669110774994,49e09e5f397bb96a3e6321d8a507b330
Mentah,Master_Dataset\Mentah\DS3_Angoleta_DSC_1203.jpg,DS3_Angoleta_DSC_1203.jpg,JPEG,5568,3712,1.5,0.38766127824783325,0.5316613912582397,0.4043501019477844,ff3a1664004daeec1d133b68bc12840f
Mentah,Master_Dataset\Mentah\DS3_Angoleta_DSC_1206.jpg,DS3_Angoleta_DSC_1206.jpg,JPEG,5568,3712,1.5,0.37479329109191895,0.5234498977661133,0.3821219205856323,734e21daec0c08c557042ecf53265dcb
Mentah,Master_Dataset\Mentah\DS3_Angoleta_DSC_1207.jpg,DS3_Angoleta_DSC_1207.jpg,JPEG,5568,3712,1.5,0.3744271993637085,0.5213391184806824,0.3789638876914978,c2eefb4302e52e4387a6825158d7b1c9
Mentah,Master_Dataset\Mentah\DS3_Angoleta_DSC_1208.jpg,DS3_Angoleta_DSC_1208.jpg,JPEG,5568,3712,1.5,0.41187775135040283,0.5530276894569397,0.43837910890579224,3bf839ffcef0fcc450338eba568e747c
Mentah,Master_Dataset\Mentah\DS3_Angoleta_DSC_1209.jpg,DS3_Angoleta_DSC_1209.jpg,JPEG,5568,3712,1.5,0.4094898998737335,0.5512619614601135,0.4340946078300476,803ff95b88c099a399690097d8b19946
Mentah,Master_Dataset\Mentah\DS3_Angoleta_DSC_1212.jpg,DS3_Angoleta_DSC_1212.jpg,JPEG,5568,3712,1.5,0.4156067371368408,0.5702759027481079,0.42674127221107483,0b084ef9fad5ab7f3c580ae9c78d2f3c
Mentah,Master_Dataset\Mentah\DS3_Angoleta_DSC_1213.jpg,DS3_Angoleta_DSC_1213.jpg,JPEG,5568,3712,1.5,0.39090147614479065,0.5431770086288452,0.40142011642456055,25e3cfaa6c8a29535e00a00c6f9259b1
Mentah,Master_Dataset\Mentah\DS3_Angoleta_DSC_1232.jpg,DS3_Angoleta_DSC_1232.jpg,JPEG,5568,3712,1.5,0.43363142013549805,0.5275486707687378,0.4069887101650238,5e0f4c93acd70895c0a366bdb2577764
Mentah,Master_Dataset\Mentah\DS3_Angoleta_DSC_1233.jpg,DS3_Angoleta_DSC_1233.jpg,JPEG,5568,3712,1.5,0.4120694398880005,0.5043609142303467,0.38673117756843567,66aab68930d52fa93523f6461432fc3d
Mentah,Master_Dataset\Mentah\DS3_Angoleta_DSC_1234.jpg,DS3_Angoleta_DSC_1234.jpg,JPEG,5568,3712,1.5,0.3477891683578491,0.5391497611999512,0.33809927105903625,b51e19d7947fc8b63cd70b14dba64810
Mentah,Master_Dataset\Mentah\DS3_Angoleta_DSC_1235.jpg,DS3_Angoleta_DSC_1235.jpg,JPEG,5568,3712,1.5,0.3525136113166809,0.5401685833930969,0.350676029920578,363c84ca79a3006c5397dc5cdc66a338
Mentah,Master_Dataset\Mentah\DS3_Angoleta_DSC_1236.jpg,DS3_Angoleta_DSC_1236.jpg,JPEG,5568,3712,1.5,0.30614638328552246,0.4248964488506317,0.2904542088508606,9df1ae69cfde50d0934141d1c6496ceb
Mentah,Master_Dataset\Mentah\DS3_Angoleta_DSC_1237.jpg,DS3_Angoleta_DSC_1237.jpg,JPEG,5568,3712,1.5,0.3170165717601776,0.4499443471431732,0.2964983880519867,90b0cff1bee1be92070f8c54dd02c9e3
Mentah,Master_Dataset\Mentah\DS3_Angoleta_DSC_1273.jpg,DS3_Angoleta_DSC_1273.jpg,JPEG,5568,3712,1.5,0.3959144055843353,0.5146713256835938,0.32941022515296936,02261b2d47577ed8c6fdfb07adbbddcf
Mentah,Master_Dataset\Mentah\DS3_Angoleta_DSC_1274.jpg,DS3_Angoleta_DSC_1274.jpg,JPEG,5568,3712,1.5,0.39174744486808777,0.514881432056427,0.32331955432891846,6cd20fcd9042eaffb430eca72706cd77
Mentah,Master_Dataset\Mentah\DS3_Angoleta_DSC_1275.jpg,DS3_Angoleta_DSC_1275.jpg,JPEG,5568,3712,1.5,0.44234374165534973,0.4646713435649872,0.39202743768692017,711ac58734d21da1a571e122102d9035
Mentah,Master_Dataset\Mentah\DS3_Angoleta_DSC_1276.jpg,DS3_Angoleta_DSC_1276.jpg,JPEG,5568,3712,1.5,0.4356749951839447,0.45606759190559387,0.38677042722702026,701694fd95b6be30d3c7f9108705ebfe
Mentah,Master_Dataset\Mentah\DS3_Angoleta_DSC_1298.jpg,DS3_Angoleta_DSC_1298.jpg,JPEG,5568,3712,1.5,0.46592384576797485,0.5162675976753235,0.4546066224575043,ee24cd6b594c1c8a75697e0fd6b56f47
Mentah,Master_Dataset\Mentah\DS3_Angoleta_DSC_1311.jpg,DS3_Angoleta_DSC_1311.jpg,JPEG,5568,3712,1.5,0.4666537642478943,0.5112589597702026,0.41541588306427,9a0a08e963c07d1e562c34b7ac22894d
Mentah,Master_Dataset\Mentah\DS3_Angoleta_DSC_1312.jpg,DS3_Angoleta_DSC_1312.jpg,JPEG,5568,3712,1.5,0.46441999077796936,0.5092722773551941,0.41060471534729004,212fec2c456bf5836607b774db12b984
Mentah,Master_Dataset\Mentah\DS3_Angoleta_DSC_1329.jpg,DS3_Angoleta_DSC_1329.jpg,JPEG,5568,3712,1.5,0.3816664218902588,0.5157937407493591,0.35360822081565857,3ca87cdf47f476a618cc7b3a5349d039
Mentah,Master_Dataset\Mentah\DS3_Angoleta_DSC_1330.jpg,DS3_Angoleta_DSC_1330.jpg,JPEG,5568,3712,1.5,0.3883768916130066,0.5232959389686584,0.3612273335456848,e2985246cc10408a7ee8d6d44e9b44d1
Mentah,Master_Dataset\Mentah\DS3_Angoleta_DSC_1346.jpg,DS3_Angoleta_DSC_1346.jpg,JPEG,5568,3712,1.5,0.4040679633617401,0.5164138078689575,0.3807763457298279,6402e0b4873b404ae876ae9b9a082774
Mentah,Master_Dataset\Mentah\DS3_Angoleta_DSC_1347.jpg,DS3_Angoleta_DSC_1347.jpg,JPEG,5568,3712,1.5,0.400970995426178,0.5130029916763306,0.37631261348724365,8db32e1c291867e908fb22c22715874b
Mentah,Master_Dataset\Mentah\DS3_Angoleta_DSC_1348.jpg,DS3_Angoleta_DSC_1348.jpg,JPEG,5568,3712,1.5,0.4029516875743866,0.5142972469329834,0.3776473104953766,6d58d4f578ca0a4282cd085beceae4db
Mentah,Master_Dataset\Mentah\DS3_Angoleta_DSC_2393.jpg,DS3_Angoleta_DSC_2393.jpg,JPEG,5568,3712,1.5,0.1869828850030899,0.18754185736179352,0.16641642153263092,6db2aaed0938d220ade1aae212753f46
Mentah,Master_Dataset\Mentah\DS3_Angoleta_DSC_2394.jpg,DS3_Angoleta_DSC_2394.jpg,JPEG,5568,3712,1.5,0.17706872522830963,0.18141107261180878,0.15860377252101898,df7bbd9c88e316671751b5e82c0ebbe4
Mentah,Master_Dataset\Mentah\DS3_Angoleta_DSC_2416.jpg,DS3_Angoleta_DSC_2416.jpg,JPEG,5568,3712,1.5,0.3305840492248535,0.4355909824371338,0.2952158749103546,52960369db1ad5bcc21dda9a4bf84129
Mentah,Master_Dataset\Mentah\DS3_Angoleta_DSC_2417.jpg,DS3_Angoleta_DSC_2417.jpg,JPEG,5568,3712,1.5,0.3380885422229767,0.44033223390579224,0.30937400460243225,8b1ae339798e6175df483744ce871567
Mentah,Master_Dataset\Mentah\DS3_Angoleta_DSC_2524.jpg,DS3_Angoleta_DSC_2524.jpg,JPEG,5568,3712,1.5,0.3178136646747589,0.4369773864746094,0.25200244784355164,e9c3149b10aef48d8de1bf62b47dd961
Mentah,Master_Dataset\Mentah\DS3_Angoleta_DSC_2525.jpg,DS3_Angoleta_DSC_2525.jpg,JPEG,5568,3712,1.5,0.3192332983016968,0.4394707679748535,0.25218430161476135,91ae0960ef27e5f8b90200d8194dcf92
Mentah,Master_Dataset\Mentah\DS3_Angoleta_DSC_2579.jpg,DS3_Angoleta_DSC_2579.jpg,JPEG,5568,3712,1.5,0.4437902867794037,0.4834116995334625,0.4838186800479889,974960341d31803fa327a16e300454b7
Mentah,Master_Dataset\Mentah\DS3_Angoleta_DSC_2580.jpg,DS3_Angoleta_DSC_2580.jpg,JPEG,5568,3712,1.5,0.44354531168937683,0.4850352108478546,0.48294487595558167,afb0d585c047793c0a8ee333bef48a5f
Mentah,Master_Dataset\Mentah\DS3_Angoleta_DSC_2623.jpg,DS3_Angoleta_DSC_2623.jpg,JPEG,5568,3712,1.5,0.43461230397224426,0.45989999175071716,0.44603484869003296,1884a4dfd67b91279462449aee722f43
Mentah,Master_Dataset\Mentah\DS3_Angoleta_DSC_2624.jpg,DS3_Angoleta_DSC_2624.jpg,JPEG,5568,3712,1.5,0.4303450882434845,0.4571447968482971,0.44418492913246155,77de91d62692c43c1c056eb1b795b2b6
Mentah,Master_Dataset\Mentah\DS3_Angoleta_DSC_2627.jpg,DS3_Angoleta_DSC_2627.jpg,JPEG,5568,3712,1.5,0.33436861634254456,0.4834338426589966,0.39013034105300903,a330f78267807bf54684c180c8fee8a8
Mentah,Master_Dataset\Mentah\DS3_Angoleta_DSC_2628.jpg,DS3_Angoleta_DSC_2628.jpg,JPEG,5568,3712,1.5,0.33687326312065125,0.4824053943157196,0.3886593282222748,6f042d08db5d659f6e79cc1829f8a7c1
Mentah,Master_Dataset\Mentah\DS3_Angoleta_DSC_2629.jpg,DS3_Angoleta_DSC_2629.jpg,JPEG,5568,3712,1.5,0.3495682179927826,0.48371875286102295,0.3902079463005066,73ac5c32e94d8e5f077ef4f1376aae2c
Mentah,Master_Dataset\Mentah\DS3_Angoleta_DSC_2630.jpg,DS3_Angoleta_DSC_2630.jpg,JPEG,5568,3712,1.5,0.3510378301143646,0.4854176640510559,0.3889213502407074,98e1732b41bbd7f5d6a1f38bd407fa3e
Mentah,Master_Dataset\Mentah\DS3_Angoleta_DSC_2631.jpg,DS3_Angoleta_DSC_2631.jpg,JPEG,5568,3712,1.5,0.4853387773036957,0.6226068735122681,0.5639774203300476,61366ac08cba92040d0a7694e9bce5c5
Mentah,Master_Dataset\Mentah\DS3_Angoleta_DSC_2632.jpg,DS3_Angoleta_DSC_2632.jpg,JPEG,5568,3712,1.5,0.4715732932090759,0.6086100339889526,0.5480073690414429,0154f2f545235832bd2d0d64a881b2fb
Mentah,Master_Dataset\Mentah\DS3_Angoleta_DSC_2633.jpg,DS3_Angoleta_DSC_2633.jpg,JPEG,5568,3712,1.5,0.39049971103668213,0.5056449770927429,0.38553133606910706,a9c5e8a81b21e38806e44830644c3c6a
Mentah,Master_Dataset\Mentah\DS3_Angoleta_DSC_2634.jpg,DS3_Angoleta_DSC_2634.jpg,JPEG,5568,3712,1.5,0.3924315273761749,0.5072737336158752,0.3877705931663513,8abed603f884eef44ac299f7eacb035b
Mentah,Master_Dataset\Mentah\DS3_Angoleta_DSC_2635.jpg,DS3_Angoleta_DSC_2635.jpg,JPEG,5568,3712,1.5,0.3207544982433319,0.41447359323501587,0.37965598702430725,89c53f66e23e0e91c0d57fb3903d327b
Mentah,Master_Dataset\Mentah\DS3_Angoleta_DSC_2636.jpg,DS3_Angoleta_DSC_2636.jpg,JPEG,5568,3712,1.5,0.31859663128852844,0.41262340545654297,0.3773597180843353,9565a515bbc9a18c9c4915f9d5ffda6f
Mentah,Master_Dataset\Mentah\DS3_Guiana_DSC_0628.jpg,DS3_Guiana_DSC_0628.jpg,JPEG,5568,3712,1.5,0.5455598831176758,0.6130275726318359,0.5051605701446533,9a18a22b02396c4e243831b0dfb0fee7
Mentah,Master_Dataset\Mentah\DS3_Guiana_DSC_0629.jpg,DS3_Guiana_DSC_0629.jpg,JPEG,5568,3712,1.5,0.5431775450706482,0.6070282459259033,0.5054280757904053,4456aa55384adbf74f22cf4c91ac22ba
Mentah,Master_Dataset\Mentah\DS3_Guiana_DSC_0801.jpg,DS3_Guiana_DSC_0801.jpg,JPEG,5568,3712,1.5,0.4095593988895416,0.45090150833129883,0.3377581536769867,a76c1dfc41e76237dce892c7c469d2b9
Mentah,Master_Dataset\Mentah\DS3_Guiana_DSC_0802.jpg,DS3_Guiana_DSC_0802.jpg,JPEG,5568,3712,1.5,0.3983849287033081,0.4485222101211548,0.35055360198020935,24dcef3c3af3ea330481fdfce2b25703
Mentah,Master_Dataset\Mentah\DS3_Guiana_DSC_0803.jpg,DS3_Guiana_DSC_0803.jpg,JPEG,5568,3712,1.5,0.37342190742492676,0.4143059551715851,0.3563794195652008,0bd7b8d27668721fffb6ec108468e9f6
Mentah,Master_Dataset\Mentah\DS3_Guiana_DSC_0804.jpg,DS3_Guiana_DSC_0804.jpg,JPEG,5568,3712,1.5,0.40755540132522583,0.45160430669784546,0.3327346444129944,90bb27b3b6f34af24a9c1508276daab9
Mentah,Master_Dataset\Mentah\DS3_Guiana_DSC_0809.jpg,DS3_Guiana_DSC_0809.jpg,JPEG,5568,3712,1.5,0.36476457118988037,0.39700865745544434,0.2916411757469177,b911232dfd5fd8314d4b23bd6e4c6a76
Mentah,Master_Dataset\Mentah\DS3_Guiana_DSC_0810.jpg,DS3_Guiana_DSC_0810.jpg,JPEG,5568,3712,1.5,0.3495480716228485,0.3910592496395111,0.282694935798645,76ad8c239f49acf30a09e731df293aad
Mentah,Master_Dataset\Mentah\DS3_Guiana_DSC_0811.jpg,DS3_Guiana_DSC_0811.jpg,JPEG,5568,3712,1.5,0.38988539576530457,0.4366793930530548,0.30878010392189026,f1430476fa5128707b28a214b4ae93b5
Mentah,Master_Dataset\Mentah\DS3_Guiana_DSC_0812.jpg,DS3_Guiana_DSC_0812.jpg,JPEG,5568,3712,1.5,0.3727152943611145,0.4152454435825348,0.2962811589241028,63add1a2b9c7dd8b61147230d81d5817
Mentah,Master_Dataset\Mentah\DS3_Guiana_DSC_0819.jpg,DS3_Guiana_DSC_0819.jpg,JPEG,5568,3712,1.5,0.434441477060318,0.44809550046920776,0.3523084223270416,29b9a6d6e68a5c93ed340f2a355e3545
Mentah,Master_Dataset\Mentah\DS3_Guiana_DSC_0820.jpg,DS3_Guiana_DSC_0820.jpg,JPEG,3712,5568,0.6667,0.41721951961517334,0.4346352517604828,0.34518274664878845,bdf912710da0007a6036e0ddd26c054a
Mentah,Master_Dataset\Mentah\DS3_Guiana_DSC_0821.jpg,DS3_Guiana_DSC_0821.jpg,JPEG,5568,3712,1.5,0.3109229505062103,0.3539738655090332,0.274614542722702,281a0f8e73937f3e789b3497f42a689e
Mentah,Master_Dataset\Mentah\DS3_Guiana_DSC_0826.jpg,DS3_Guiana_DSC_0826.jpg,JPEG,5568,3712,1.5,0.3767247796058655,0.3981015980243683,0.2780114710330963,e2d16f87ff7fcca989a506862697c331
Mentah,Master_Dataset\Mentah\DS3_Guiana_DSC_0827.jpg,DS3_Guiana_DSC_0827.jpg,JPEG,5568,3712,1.5,0.42327138781547546,0.45350658893585205,0.31158000230789185,bc60d0b41c8082aaac9b6c3313f0b36d
Mentah,Master_Dataset\Mentah\DS3_Guiana_DSC_0828.jpg,DS3_Guiana_DSC_0828.jpg,JPEG,5568,3712,1.5,0.40507036447525024,0.437954306602478,0.3122113347053528,4cff2fc073fea3d2098b1a2b54062850
Mentah,Master_Dataset\Mentah\DS3_Guiana_DSC_0829.jpg,DS3_Guiana_DSC_0829.jpg,JPEG,5568,3712,1.5,0.40992939472198486,0.4205852746963501,0.3840945065021515,eaab385ccb8c281859ba3aef229a71d3
Mentah,Master_Dataset\Mentah\DS3_Guiana_DSC_0830.jpg,DS3_Guiana_DSC_0830.jpg,JPEG,5568,3712,1.5,0.4229108691215515,0.45274773240089417,0.3764401078224182,5665218e2d3e8006be9e79a6fc03c9b2
Mentah,Master_Dataset\Mentah\DS3_Guiana_DSC_0831.jpg,DS3_Guiana_DSC_0831.jpg,JPEG,5568,3712,1.5,0.4430985748767853,0.47474050521850586,0.39616596698760986,b7c0b97777335107f97768b1c0de4e8e
Mentah,Master_Dataset\Mentah\DS3_Guiana_DSC_0832.jpg,DS3_Guiana_DSC_0832.jpg,JPEG,5568,3712,1.5,0.4337288439273834,0.4919450283050537,0.33525365591049194,2ab64d1c974771925d6b4b13cda7d6ef
Mentah,Master_Dataset\Mentah\DS3_Guiana_DSC_0833.jpg,DS3_Guiana_DSC_0833.jpg,JPEG,5568,3712,1.5,0.43452712893486023,0.4928992688655853,0.33802247047424316,8b4a8ed5b3f18aabd38c399d270a7305
Mentah,Master_Dataset\Mentah\DS3_Guiana_DSC_0834.jpg,DS3_Guiana_DSC_0834.jpg,JPEG,5568,3712,1.5,0.4638523459434509,0.5033082365989685,0.3641153872013092,c73245e9b964e26355cfa9fd1768771f
Mentah,Master_Dataset\Mentah\DS3_Guiana_DSC_0835.jpg,DS3_Guiana_DSC_0835.jpg,JPEG,5568,3712,1.5,0.42478758096694946,0.46209409832954407,0.30565929412841797,477aaccd942c87b9d0b1081a37b16fcb
Mentah,Master_Dataset\Mentah\DS3_Guiana_DSC_0842.jpg,DS3_Guiana_DSC_0842.jpg,JPEG,5568,3712,1.5,0.460910826921463,0.5005515217781067,0.37103143334388733,7750adfbc6d195413047a2b3fbbb79a6
Mentah,Master_Dataset\Mentah\DS3_Guiana_DSC_0843.jpg,DS3_Guiana_DSC_0843.jpg,JPEG,5568,3712,1.5,0.45605337619781494,0.49410730600357056,0.37074610590934753,b8eec89ebb36f287d15b4157d1fa64ea
Mentah,Master_Dataset\Mentah\DS3_Guiana_DSC_0844.jpg,DS3_Guiana_DSC_0844.jpg,JPEG,5568,3712,1.5,0.46552762389183044,0.5139200091362,0.37188929319381714,e1b35642360407d7e2e481f841a65db9
Mentah,Master_Dataset\Mentah\DS3_Guiana_DSC_0845.jpg,DS3_Guiana_DSC_0845.jpg,JPEG,5568,3712,1.5,0.4705697298049927,0.5180048942565918,0.3766210079193115,329b29f754d10deb749b41da1331da4e
Mentah,Master_Dataset\Mentah\DS3_Guiana_DSC_0846.jpg,DS3_Guiana_DSC_0846.jpg,JPEG,5568,3712,1.5,0.35855209827423096,0.4051198363304138,0.2592320144176483,6f3dff5c62d4569d031b7d7e3ccaf096
Mentah,Master_Dataset\Mentah\DS3_Guiana_DSC_0847.jpg,DS3_Guiana_DSC_0847.jpg,JPEG,5568,3712,1.5,0.37007251381874084,0.41616958379745483,0.25939202308654785,dcfdd12ff9c485f9937877edfebd53aa
Mentah,Master_Dataset\Mentah\DS3_Guiana_DSC_0848.jpg,DS3_Guiana_DSC_0848.jpg,JPEG,5568,3712,1.5,0.4443714916706085,0.46587032079696655,0.37497678399086,9b25b7b03fd0ab06961b98a519b6a015
Mentah,Master_Dataset\Mentah\DS3_Guiana_DSC_0850.jpg,DS3_Guiana_DSC_0850.jpg,JPEG,5568,3712,1.5,0.4420720636844635,0.4643101096153259,0.3258354067802429,a00ec753745bab8b74b8d12cc5069166
Mentah,Master_Dataset\Mentah\DS3_Guiana_DSC_0851.jpg,DS3_Guiana_DSC_0851.jpg,JPEG,5568,3712,1.5,0.38802671432495117,0.4068898558616638,0.3026352822780609,7225cef0e504d7288be207b134d3bd74
Mentah,Master_Dataset\Mentah\DS3_Guiana_DSC_0852.jpg,DS3_Guiana_DSC_0852.jpg,JPEG,5568,3712,1.5,0.45979008078575134,0.4825482964515686,0.35348501801490784,bdaacc6fdd046b590b88464af01603b5
Mentah,Master_Dataset\Mentah\DS3_Guiana_DSC_0853.jpg,DS3_Guiana_DSC_0853.jpg,JPEG,5568,3712,1.5,0.3865238130092621,0.408720999956131,0.3085874617099762,8141cc57908a6ae3a49f7e627877989c
Mentah,Master_Dataset\Mentah\DS3_Guiana_DSC_0854.jpg,DS3_Guiana_DSC_0854.jpg,JPEG,5568,3712,1.5,0.4963063597679138,0.5334845781326294,0.351553350687027,c4b54b861307d7dadd4e98d8aca09b24
Mentah,Master_Dataset\Mentah\DS3_Guiana_DSC_0855.jpg,DS3_Guiana_DSC_0855.jpg,JPEG,5568,3712,1.5,0.4838765263557434,0.5189070105552673,0.34153231978416443,3525896bb37320e8076678e05ec00618
Mentah,Master_Dataset\Mentah\DS3_Guiana_DSC_0866.jpg,DS3_Guiana_DSC_0866.jpg,JPEG,5568,3712,1.5,0.40937983989715576,0.5148289203643799,0.40020960569381714,e3a871fa16c35b7860ba2cff0a335ccf
Mentah,Master_Dataset\Mentah\DS3_Guiana_DSC_0867.jpg,DS3_Guiana_DSC_0867.jpg,JPEG,5568,3712,1.5,0.42633646726608276,0.5276109576225281,0.4108263850212097,7a3338d377c174261b74d75d1b5b8653
Mentah,Master_Dataset\Mentah\DS3_Guiana_DSC_0871.jpg,DS3_Guiana_DSC_0871.jpg,JPEG,5568,3712,1.5,0.44803890585899353,0.4799034893512726,0.3955869674682617,2d5cf8ad77e3bcf69926a760901e45d2
Mentah,Master_Dataset\Mentah\DS3_Guiana_DSC_0872.jpg,DS3_Guiana_DSC_0872.jpg,JPEG,5568,3712,1.5,0.3782725930213928,0.43369725346565247,0.32533714175224304,9641e60880ae62f59e8bb06d98f4e416
Mentah,Master_Dataset\Mentah\DS3_Guiana_DSC_0881.jpg,DS3_Guiana_DSC_0881.jpg,JPEG,5568,3712,1.5,0.4365805983543396,0.46186089515686035,0.3161793053150177,dd050ccf5508865c0fe1ee759430645d
Mentah,Master_Dataset\Mentah\DS3_Guiana_DSC_0882.jpg,DS3_Guiana_DSC_0882.jpg,JPEG,5568,3712,1.5,0.4334651827812195,0.46065929532051086,0.3139343857765198,29554e83fde05b1bd1d2a8243835c42c
Mentah,Master_Dataset\Mentah\DS3_Guiana_DSC_1109.jpg,DS3_Guiana_DSC_1109.jpg,JPEG,5568,3712,1.5,0.4168398380279541,0.5359888672828674,0.4750579595565796,457cf0bf9dc78a88ba9866089b9dd5ac
Mentah,Master_Dataset\Mentah\DS3_Guiana_DSC_1110.jpg,DS3_Guiana_DSC_1110.jpg,JPEG,5568,3712,1.5,0.42097046971321106,0.5387141704559326,0.48208901286125183,f80fce2c891acd45f5f1fcb60d6ae00d
Mentah,Master_Dataset\Mentah\DS3_Guiana_DSC_1111.jpg,DS3_Guiana_DSC_1111.jpg,JPEG,5568,3712,1.5,0.46586552262306213,0.5936248898506165,0.4397394061088562,07301c49795b3cbbb762ff27911806a5
Mentah,Master_Dataset\Mentah\DS3_Guiana_DSC_1112.jpg,DS3_Guiana_DSC_1112.jpg,JPEG,5568,3712,1.5,0.5040624737739563,0.6235391497612,0.4800221920013428,3badc98972fdda6063a0bf731e14bdf9
Mentah,Master_Dataset\Mentah\DS3_Guiana_DSC_1210.jpg,DS3_Guiana_DSC_1210.jpg,JPEG,5568,3712,1.5,0.37746280431747437,0.5383833050727844,0.3903508186340332,8d7133398c9cfc758ef5ffeb0cce8acf
Mentah,Master_Dataset\Mentah\DS3_Guiana_DSC_1211.jpg,DS3_Guiana_DSC_1211.jpg,JPEG,5568,3712,1.5,0.3723814785480499,0.5321236252784729,0.3842109739780426,ad2c46ed423b5adfe56aa81671016557
Mentah,Master_Dataset\Mentah\DS3_Guiana_DSC_1228.jpg,DS3_Guiana_DSC_1228.jpg,JPEG,5568,3712,1.5,0.41438770294189453,0.510815441608429,0.38882920145988464,60eda4e6d24a453f73e24f0f435fce40
Mentah,Master_Dataset\Mentah\DS3_Guiana_DSC_1229.jpg,DS3_Guiana_DSC_1229.jpg,JPEG,5568,3712,1.5,0.3896521329879761,0.47518178820610046,0.3670622408390045,e4ca83023734d227e5e212482cf910b8
Mentah,Master_Dataset\Mentah\DS3_Guiana_DSC_1277.jpg,DS3_Guiana_DSC_1277.jpg,JPEG,5568,3712,1.5,0.44869303703308105,0.5717885494232178,0.4033837616443634,3cf5b0916e58538bf8cf05c9b7e6fda3
Mentah,Master_Dataset\Mentah\DS3_Guiana_DSC_1278.jpg,DS3_Guiana_DSC_1278.jpg,JPEG,5568,3712,1.5,0.45214903354644775,0.5726611018180847,0.40416190028190613,eae74380aeed95c1580c94306941cfcf
Mentah,Master_Dataset\Mentah\DS3_Guiana_DSC_1287.jpg,DS3_Guiana_DSC_1287.jpg,JPEG,5568,3712,1.5,0.3082261383533478,0.49023422598838806,0.19059738516807556,05519d51900937e2296e7181c8bc6f0f
Mentah,Master_Dataset\Mentah\DS3_Guiana_DSC_1288.jpg,DS3_Guiana_DSC_1288.jpg,JPEG,5568,3712,1.5,0.30715498328208923,0.4906904399394989,0.18883554637432098,ac681c02289d97c929f096d8843fd81e
Mentah,Master_Dataset\Mentah\DS3_Guiana_DSC_1289.jpg,DS3_Guiana_DSC_1289.jpg,JPEG,5568,3712,1.5,0.41774502396583557,0.5355563163757324,0.3683335483074188,67ce77930a183f1cb83bd283e6f86383
Mentah,Master_Dataset\Mentah\DS3_Guiana_DSC_1290.jpg,DS3_Guiana_DSC_1290.jpg,JPEG,5568,3712,1.5,0.4314230978488922,0.5558798313140869,0.3826988637447357,b3f39643cfb17a0731073e5bcdc88ada
Mentah,Master_Dataset\Mentah\DS3_Guiana_DSC_1303.jpg,DS3_Guiana_DSC_1303.jpg,JPEG,5568,3712,1.5,0.346160888671875,0.4657280445098877,0.34435099363327026,dbe85d2cd533e726a5f92d752391d54f
Mentah,Master_Dataset\Mentah\DS3_Guiana_DSC_1305.jpg,DS3_Guiana_DSC_1305.jpg,JPEG,5568,3712,1.5,0.3546684682369232,0.5092254877090454,0.30020982027053833,e14d53f563bf53c22ebdcbc7678019ea
Mentah,Master_Dataset\Mentah\DS3_Guiana_DSC_1306.jpg,DS3_Guiana_DSC_1306.jpg,JPEG,5568,3712,1.5,0.34006810188293457,0.47752460837364197,0.28490903973579407,35d61f61a39d8e3594b691cc2dac66d4
Mentah,Master_Dataset\Mentah\DS3_Guiana_DSC_1313.jpg,DS3_Guiana_DSC_1313.jpg,JPEG,5568,3712,1.5,0.4196475148200989,0.48984384536743164,0.3774898648262024,a4d957932c10635d24a508b3c33a9c30
Mentah,Master_Dataset\Mentah\DS3_Guiana_DSC_1314.jpg,DS3_Guiana_DSC_1314.jpg,JPEG,5568,3712,1.5,0.4202195405960083,0.49149182438850403,0.37536194920539856,2e092dfba1a81bc5115da7984555543b
Mentah,Master_Dataset\Mentah\DS3_Guiana_DSC_1315.jpg,DS3_Guiana_DSC_1315.jpg,JPEG,5568,3712,1.5,0.24977251887321472,0.31849411129951477,0.2143036425113678,b85d52d2377c82a57fc67c0bcf2710f3
Mentah,Master_Dataset\Mentah\DS3_Guiana_DSC_1316.jpg,DS3_Guiana_DSC_1316.jpg,JPEG,5568,3712,1.5,0.26740124821662903,0.34176307916641235,0.2297753244638443,5e83521d92241e456ca4aed6b7916cf9
Mentah,Master_Dataset\Mentah\DS3_Guiana_DSC_1317.jpg,DS3_Guiana_DSC_1317.jpg,JPEG,5568,3712,1.5,0.40534138679504395,0.48110440373420715,0.402529239654541,c2c7ad580c5bf7639f10396156400130
Mentah,Master_Dataset\Mentah\DS3_Guiana_DSC_1318.jpg,DS3_Guiana_DSC_1318.jpg,JPEG,5568,3712,1.5,0.40775421261787415,0.48361724615097046,0.4070339798927307,726af9b924061b643cb64df63d7205f1
Mentah,Master_Dataset\Mentah\DS3_Guiana_DSC_1319.jpg,DS3_Guiana_DSC_1319.jpg,JPEG,5568,3712,1.5,0.4262619912624359,0.4975438117980957,0.3990061283111572,1311e0deab01074ea7450d54ca6bd79d
Mentah,Master_Dataset\Mentah\DS3_Guiana_DSC_1320.jpg,DS3_Guiana_DSC_1320.jpg,JPEG,5568,3712,1.5,0.4188706874847412,0.49203571677207947,0.39730873703956604,701739fc12bfaf5b61b7bd5d61de3c97
Mentah,Master_Dataset\Mentah\DS3_Guiana_DSC_1324.jpg,DS3_Guiana_DSC_1324.jpg,JPEG,5568,3712,1.5,0.46177518367767334,0.5506970286369324,0.4486795663833618,1679c8652e67ea365673b72b92e84e45
Mentah,Master_Dataset\Mentah\DS3_Guiana_DSC_1325.jpg,DS3_Guiana_DSC_1325.jpg,JPEG,5568,3712,1.5,0.46845242381095886,0.5589258670806885,0.45569032430648804,841088e321b01c65d1901434db048a0c
Mentah,Master_Dataset\Mentah\DS3_Guiana_DSC_1326.jpg,DS3_Guiana_DSC_1326.jpg,JPEG,5568,3712,1.5,0.4708935022354126,0.5621775388717651,0.45881158113479614,e07df31f6a92c38e99181389fd813c85
Mentah,Master_Dataset\Mentah\DS3_Guiana_DSC_1335.jpg,DS3_Guiana_DSC_1335.jpg,JPEG,5568,3712,1.5,0.37626752257347107,0.4769669473171234,0.47125324606895447,b34ec7c5db0f117e83496dd7b6d8a68e
Mentah,Master_Dataset\Mentah\DS3_Guiana_DSC_1336.jpg,DS3_Guiana_DSC_1336.jpg,JPEG,5568,3712,1.5,0.36209583282470703,0.4586329460144043,0.4523216187953949,5e4ff80734b46ce8bb5552967a0cb173
Mentah,Master_Dataset\Mentah\DS3_Guiana_DSC_1337.jpg,DS3_Guiana_DSC_1337.jpg,JPEG,5568,3712,1.5,0.41255661845207214,0.5632563829421997,0.3756551444530487,fbc4d0fa53bd99db07541f8db905439a
Mentah,Master_Dataset\Mentah\DS3_Guiana_DSC_1338.jpg,DS3_Guiana_DSC_1338.jpg,JPEG,5568,3712,1.5,0.41215837001800537,0.563418447971344,0.3743893802165985,2b0fcc26fbc6e801346ed96df6ded742
Mentah,Master_Dataset\Mentah\DS3_Guiana_DSC_1341.jpg,DS3_Guiana_DSC_1341.jpg,JPEG,5568,3712,1.5,0.4004821181297302,0.5443417429924011,0.36434206366539,ee0d36d696d675143f630daa8197912a
Mentah,Master_Dataset\Mentah\DS3_Guiana_DSC_1349.jpg,DS3_Guiana_DSC_1349.jpg,JPEG,5568,3712,1.5,0.35515397787094116,0.5465919971466064,0.33111849427223206,e21f88311fe12c475a46620cc0b267b0
Mentah,Master_Dataset\Mentah\DS3_Guiana_DSC_1350.jpg,DS3_Guiana_DSC_1350.jpg,JPEG,5568,3712,1.5,0.35503050684928894,0.5453142523765564,0.33143627643585205,996d1a4a07879b180c49456f028ec3a3
Mentah,Master_Dataset\Mentah\DS3_Guiana_DSC_1351.jpg,DS3_Guiana_DSC_1351.jpg,JPEG,5568,3712,1.5,0.3764296770095825,0.5136330127716064,0.38673853874206543,0c97626ce75d4e390193535db87b695b
Mentah,Master_Dataset\Mentah\DS3_Guiana_DSC_1352.jpg,DS3_Guiana_DSC_1352.jpg,JPEG,5568,3712,1.5,0.3780519962310791,0.5149606466293335,0.39032357931137085,f77601d3f7f86fd458f34f4703a652af
Mentah,Master_Dataset\Mentah\DS3_Guiana_DSC_1353.jpg,DS3_Guiana_DSC_1353.jpg,JPEG,5568,3712,1.5,0.5063191056251526,0.6119586229324341,0.5076829195022583,28ffb2ff77f9773e8133fc0320fc6c5c
Mentah,Master_Dataset\Mentah\DS3_Guiana_DSC_1354.jpg,DS3_Guiana_DSC_1354.jpg,JPEG,5568,3712,1.5,0.5066394805908203,0.6152697205543518,0.5091181397438049,84dc34ed10e8f028c2f9be94aa0ff19e
Mentah,Master_Dataset\Mentah\DS3_Guiana_DSC_1355.jpg,DS3_Guiana_DSC_1355.jpg,JPEG,5568,3712,1.5,0.5164060592651367,0.6230964660644531,0.5191837549209595,3c1bdd4cde74e27569847603cbf3023d
Mentah,Master_Dataset\Mentah\DS3_Guiana_DSC_2302.jpg,DS3_Guiana_DSC_2302.jpg,JPEG,5568,3712,1.5,0.3104381561279297,0.4629628360271454,0.2510208785533905,dc7e6854b2bdaef937cf2887a73e78d8
Mentah,Master_Dataset\Mentah\DS3_Guiana_DSC_2303.jpg,DS3_Guiana_DSC_2303.jpg,JPEG,5568,3712,1.5,0.30853071808815,0.4631200134754181,0.24704617261886597,87316370175073e83066a12ebc407578
Mentah,Master_Dataset\Mentah\DS3_Guiana_DSC_2304.jpg,DS3_Guiana_DSC_2304.jpg,JPEG,5568,3712,1.5,0.28376445174217224,0.3629603683948517,0.2697344720363617,315d2e54082deaf97403ac6be1d0218e
Mentah,Master_Dataset\Mentah\DS3_Guiana_DSC_2305.jpg,DS3_Guiana_DSC_2305.jpg,JPEG,5568,3712,1.5,0.2886304557323456,0.36754149198532104,0.27406007051467896,9c097407190814899a34551ec6c32c7d
Mentah,Master_Dataset\Mentah\DS3_Guiana_DSC_2306.jpg,DS3_Guiana_DSC_2306.jpg,JPEG,5568,3712,1.5,0.28816667199134827,0.36660072207450867,0.27324536442756653,b5293bcb5d16d38aade16ee71e3e541f
Mentah,Master_Dataset\Mentah\DS3_Guiana_DSC_2307.jpg,DS3_Guiana_DSC_2307.jpg,JPEG,5568,3712,1.5,0.3254082500934601,0.4627310633659363,0.2875451445579529,218fca2c9e3e3cabbe9b0c616e28101d
Mentah,Master_Dataset\Mentah\DS3_Guiana_DSC_2308.jpg,DS3_Guiana_DSC_2308.jpg,JPEG,5568,3712,1.5,0.33200252056121826,0.4736602306365967,0.2924545705318451,6ff5745f9c8416ecaa494cb1680e8bf7
Mentah,Master_Dataset\Mentah\DS3_Guiana_DSC_2309.jpg,DS3_Guiana_DSC_2309.jpg,JPEG,5568,3712,1.5,0.2898049056529999,0.3522333800792694,0.29340898990631104,be109b0d2b95dc74053b129f6a132974
Mentah,Master_Dataset\Mentah\DS3_Guiana_DSC_2310.jpg,DS3_Guiana_DSC_2310.jpg,JPEG,5568,3712,1.5,0.2899792492389679,0.350494384765625,0.2910187840461731,60f14f7f0c9b33cd98e0ad9a039ed546
Mentah,Master_Dataset\Mentah\DS3_Guiana_DSC_2311.jpg,DS3_Guiana_DSC_2311.jpg,JPEG,5568,3712,1.5,0.29550039768218994,0.35652831196784973,0.29757800698280334,24264d65371fe3f774b7cc51f1c138fc
Mentah,Master_Dataset\Mentah\DS3_Guiana_DSC_2314.jpg,DS3_Guiana_DSC_2314.jpg,JPEG,5568,3712,1.5,0.283286988735199,0.32495400309562683,0.3046821355819702,616cfd82973f4852d654238ae89872cc
Mentah,Master_Dataset\Mentah\DS3_Guiana_DSC_2315.jpg,DS3_Guiana_DSC_2315.jpg,JPEG,5568,3712,1.5,0.28046321868896484,0.32384806871414185,0.2954328954219818,d0422bdbdfddeeea8e9937bd74314bf2
Mentah,Master_Dataset\Mentah\DS3_Guiana_DSC_2316.jpg,DS3_Guiana_DSC_2316.jpg,JPEG,5568,3712,1.5,0.2216024547815323,0.2717139720916748,0.2089102864265442,a2e8fa148d5696fb702e450a5839c561
Mentah,Master_Dataset\Mentah\DS3_Guiana_DSC_2317.jpg,DS3_Guiana_DSC_2317.jpg,JPEG,5568,3712,1.5,0.21812966465950012,0.2686966061592102,0.2062387466430664,3bb737f8f2166adf150ce5daa9cd5c57
Mentah,Master_Dataset\Mentah\DS3_Guiana_DSC_2326.jpg,DS3_Guiana_DSC_2326.jpg,JPEG,5568,3712,1.5,0.35466063022613525,0.4320172071456909,0.36184030771255493,1d79866e2157b76c430156427f7169bb
Mentah,Master_Dataset\Mentah\DS3_Guiana_DSC_2327.jpg,DS3_Guiana_DSC_2327.jpg,JPEG,5568,3712,1.5,0.34916675090789795,0.4248141944408417,0.35515955090522766,a808cdc7d98795008eee032c91ce681f
Mentah,Master_Dataset\Mentah\DS3_Guiana_DSC_2328.jpg,DS3_Guiana_DSC_2328.jpg,JPEG,5568,3712,1.5,0.2122262418270111,0.2479258030653,0.21500535309314728,6a85c6911b5a98e54575a301af046f8d
Mentah,Master_Dataset\Mentah\DS3_Guiana_DSC_2329.jpg,DS3_Guiana_DSC_2329.jpg,JPEG,5568,3712,1.5,0.2057095319032669,0.24066117405891418,0.20936615765094757,2ba3394cd7a620456f3ce76e763be5d3
Mentah,Master_Dataset\Mentah\DS3_Guiana_DSC_2330.jpg,DS3_Guiana_DSC_2330.jpg,JPEG,5568,3712,1.5,0.30900585651397705,0.40877243876457214,0.3471343517303467,59556080163f62aaa507b08176758d8f
Mentah,Master_Dataset\Mentah\DS3_Guiana_DSC_2331.jpg,DS3_Guiana_DSC_2331.jpg,JPEG,5568,3712,1.5,0.30367517471313477,0.40530261397361755,0.3407459557056427,75449e40f9fac65857083d875d3d32c2
Mentah,Master_Dataset\Mentah\DS3_Guiana_DSC_2332.jpg,DS3_Guiana_DSC_2332.jpg,JPEG,5568,3712,1.5,0.3467783033847809,0.4103414714336395,0.38044241070747375,7211b05953f5bfc41b6e30fcb132b4c0
Mentah,Master_Dataset\Mentah\DS3_Guiana_DSC_2333.jpg,DS3_Guiana_DSC_2333.jpg,JPEG,5568,3712,1.5,0.346477746963501,0.4135073125362396,0.37953218817710876,f253b3de9e89a6382d9e05a4a67bf0cf
Mentah,Master_Dataset\Mentah\DS3_Guiana_DSC_2336.jpg,DS3_Guiana_DSC_2336.jpg,JPEG,5568,3712,1.5,0.4240915775299072,0.4695904850959778,0.45304277539253235,c21b28a82c463ddd006c99d6e4f61807
Mentah,Master_Dataset\Mentah\DS3_Guiana_DSC_2337.jpg,DS3_Guiana_DSC_2337.jpg,JPEG,5568,3712,1.5,0.42073488235473633,0.4670279324054718,0.44954854249954224,14b784553d852209d26d9ff175d399e7
Mentah,Master_Dataset\Mentah\DS3_Guiana_DSC_2338.jpg,DS3_Guiana_DSC_2338.jpg,JPEG,5568,3712,1.5,0.24089518189430237,0.28885263204574585,0.248432457447052,d95eaffed671766908901061ca89fe14
Mentah,Master_Dataset\Mentah\DS3_Guiana_DSC_2339.jpg,DS3_Guiana_DSC_2339.jpg,JPEG,5568,3712,1.5,0.2412656992673874,0.28973811864852905,0.2509688436985016,79c70fcb19c30661e608349885abd04c
Mentah,Master_Dataset\Mentah\DS3_Guiana_DSC_2340.jpg,DS3_Guiana_DSC_2340.jpg,JPEG,5568,3712,1.5,0.32035592198371887,0.40410304069519043,0.3635832667350769,7166c6806733c3422faef92cc5be3634
Mentah,Master_Dataset\Mentah\DS3_Guiana_DSC_2341.jpg,DS3_Guiana_DSC_2341.jpg,JPEG,5568,3712,1.5,0.3409404158592224,0.4204014241695404,0.38055020570755005,d5cbbf2a7c45b280e6cdb9f784ad7efa
Mentah,Master_Dataset\Mentah\DS3_Guiana_DSC_2342.jpg,DS3_Guiana_DSC_2342.jpg,JPEG,5568,3712,1.5,0.2852787971496582,0.3332056403160095,0.2832115888595581,6cbdd340ff3d1ed877bdf9070aedc324
Mentah,Master_Dataset\Mentah\DS3_Guiana_DSC_2343.jpg,DS3_Guiana_DSC_2343.jpg,JPEG,5568,3712,1.5,0.290489137172699,0.3379003405570984,0.2877548933029175,6a94b8a384ffb2ac51776e694f6d5475
Mentah,Master_Dataset\Mentah\DS3_Guiana_DSC_2344.jpg,DS3_Guiana_DSC_2344.jpg,JPEG,5568,3712,1.5,0.32358431816101074,0.4103506803512573,0.3878873288631439,35c8fbd3caf8bdd73e496700205f0606
Mentah,Master_Dataset\Mentah\DS3_Guiana_DSC_2345.jpg,DS3_Guiana_DSC_2345.jpg,JPEG,5568,3712,1.5,0.32804545760154724,0.41567540168762207,0.3931903541088104,739a62b9995239f0d44ad5ce97ba93ca
Mentah,Master_Dataset\Mentah\DS3_Guiana_DSC_2346.jpg,DS3_Guiana_DSC_2346.jpg,JPEG,5568,3712,1.5,0.2583758234977722,0.32574525475502014,0.2351333349943161,872bfff5df3beac5527cc5ce7e84fc1b
Mentah,Master_Dataset\Mentah\DS3_Guiana_DSC_2347.jpg,DS3_Guiana_DSC_2347.jpg,JPEG,5568,3712,1.5,0.2544306516647339,0.3224211633205414,0.2289288341999054,b7bd3b11089ee43f4a8b2acf4f80de94
Mentah,Master_Dataset\Mentah\DS3_Guiana_DSC_2348.jpg,DS3_Guiana_DSC_2348.jpg,JPEG,5568,3712,1.5,0.2014050930738449,0.24232381582260132,0.2068294882774353,0abd7c051f1057451a4abf1e5bf29783
Mentah,Master_Dataset\Mentah\DS3_Guiana_DSC_2349.jpg,DS3_Guiana_DSC_2349.jpg,JPEG,5568,3712,1.5,0.1956108957529068,0.23556917905807495,0.20111170411109924,73a47ba2fc589c8bf9616c8bf1f12d80
Mentah,Master_Dataset\Mentah\DS3_Guiana_DSC_2350.jpg,DS3_Guiana_DSC_2350.jpg,JPEG,5568,3712,1.5,0.23957794904708862,0.3063986003398895,0.23418214917182922,433efd069674ddfe916536ca4bf83a35
Mentah,Master_Dataset\Mentah\DS3_Guiana_DSC_2351.jpg,DS3_Guiana_DSC_2351.jpg,JPEG,5568,3712,1.5,0.23927439749240875,0.3056866526603699,0.23118439316749573,42636708c10985836722c0228cfb83b0
Mentah,Master_Dataset\Mentah\DS3_Guiana_DSC_2352.jpg,DS3_Guiana_DSC_2352.jpg,JPEG,5568,3712,1.5,0.304789274930954,0.3853028416633606,0.31217607855796814,d35936a87493dc5742432ac4792a2b3d
Mentah,Master_Dataset\Mentah\DS3_Guiana_DSC_2353.jpg,DS3_Guiana_DSC_2353.jpg,JPEG,5568,3712,1.5,0.30828744173049927,0.3932364284992218,0.31602054834365845,abd780b1614bb14053227746c275f279
Mentah,Master_Dataset\Mentah\DS3_Guiana_DSC_2354.jpg,DS3_Guiana_DSC_2354.jpg,JPEG,5568,3712,1.5,0.27474454045295715,0.33855703473091125,0.2548891603946686,f27fb55d862011ae2095f53fb981f196
Mentah,Master_Dataset\Mentah\DS3_Guiana_DSC_2355.jpg,DS3_Guiana_DSC_2355.jpg,JPEG,5568,3712,1.5,0.2756446897983551,0.3381860554218292,0.2555847764015198,f6bfdb5b457aac7451745aff0c76a9ad
Mentah,Master_Dataset\Mentah\DS3_Guiana_DSC_2356.jpg,DS3_Guiana_DSC_2356.jpg,JPEG,5568,3712,1.5,0.3481769263744354,0.45882782340049744,0.34316346049308777,b586f1c3db8a5917f42fcf1071360512
Mentah,Master_Dataset\Mentah\DS3_Guiana_DSC_2357.jpg,DS3_Guiana_DSC_2357.jpg,JPEG,5568,3712,1.5,0.3444361090660095,0.45492616295814514,0.3344000279903412,b8695ba3d23e7e7cac26cb7bac83a7e0
Mentah,Master_Dataset\Mentah\DS3_Guiana_DSC_2358.jpg,DS3_Guiana_DSC_2358.jpg,JPEG,5568,3712,1.5,0.32523679733276367,0.43152377009391785,0.29339516162872314,4258d4450a01ea3380772749c004c37c
Mentah,Master_Dataset\Mentah\DS3_Guiana_DSC_2359.jpg,DS3_Guiana_DSC_2359.jpg,JPEG,5568,3712,1.5,0.32729658484458923,0.43096089363098145,0.2994343936443329,0a4012a69094a1069b2844af5ccd21da
Mentah,Master_Dataset\Mentah\DS3_Guiana_DSC_2360.jpg,DS3_Guiana_DSC_2360.jpg,JPEG,5568,3712,1.5,0.341167151927948,0.4181286096572876,0.34450995922088623,0aae3fb91bc5512cdb8e6422870626b2
Mentah,Master_Dataset\Mentah\DS3_Guiana_DSC_2361.jpg,DS3_Guiana_DSC_2361.jpg,JPEG,5568,3712,1.5,0.3427780866622925,0.4185538589954376,0.3445433974266052,61001390af49bbebb3462a406d3ce76e
Mentah,Master_Dataset\Mentah\DS3_Guiana_DSC_2362.jpg,DS3_Guiana_DSC_2362.jpg,JPEG,5568,3712,1.5,0.37321797013282776,0.42632758617401123,0.3904401361942291,b75986071a3421dd70f8a29d3b06901c
Mentah,Master_Dataset\Mentah\DS3_Guiana_DSC_2363.jpg,DS3_Guiana_DSC_2363.jpg,JPEG,5568,3712,1.5,0.3715968430042267,0.4245304465293884,0.3887006938457489,d5f71caf527ed44f0b4c3f67811a103b
Mentah,Master_Dataset\Mentah\DS3_Guiana_DSC_2364.jpg,DS3_Guiana_DSC_2364.jpg,JPEG,5568,3712,1.5,0.3406670093536377,0.39930713176727295,0.3489731550216675,3db647ea5c9bd44d97df7f13fb77751e
Mentah,Master_Dataset\Mentah\DS3_Guiana_DSC_2365.jpg,DS3_Guiana_DSC_2365.jpg,JPEG,5568,3712,1.5,0.34268903732299805,0.40285107493400574,0.3514672815799713,939288f28bc1f8319b3b9c2185a1f6f2
Mentah,Master_Dataset\Mentah\DS3_Guiana_DSC_2366.jpg,DS3_Guiana_DSC_2366.jpg,JPEG,5568,3712,1.5,0.3264508843421936,0.37152329087257385,0.3300189673900604,7999ac075ce9f67a231d3d63b6037237
Mentah,Master_Dataset\Mentah\DS3_Guiana_DSC_2367.jpg,DS3_Guiana_DSC_2367.jpg,JPEG,5568,3712,1.5,0.3317737877368927,0.37684181332588196,0.33624526858329773,d3abd16e6bdb802eec4c8c4ca20466e8
Mentah,Master_Dataset\Mentah\DS3_Guiana_DSC_2368.jpg,DS3_Guiana_DSC_2368.jpg,JPEG,5568,3712,1.5,0.42079126834869385,0.4572913348674774,0.4154932200908661,78243a113413476e7b719b4e79e737e7
Mentah,Master_Dataset\Mentah\DS3_Guiana_DSC_2369.jpg,DS3_Guiana_DSC_2369.jpg,JPEG,5568,3712,1.5,0.42566174268722534,0.4621883034706116,0.4183419644832611,779e0aee148cead47af328b08606622e
Mentah,Master_Dataset\Mentah\DS3_Guiana_DSC_2370.jpg,DS3_Guiana_DSC_2370.jpg,JPEG,5568,3712,1.5,0.20122365653514862,0.22171111404895782,0.19477123022079468,b5a6a762ed0cb57758f75bb004d88d66
Mentah,Master_Dataset\Mentah\DS3_Guiana_DSC_2371.jpg,DS3_Guiana_DSC_2371.jpg,JPEG,5568,3712,1.5,0.20129811763763428,0.22125793993473053,0.19458764791488647,4bd22f7cc346cce1997108f385a8050e
Mentah,Master_Dataset\Mentah\DS3_Guiana_DSC_2372.jpg,DS3_Guiana_DSC_2372.jpg,JPEG,5568,3712,1.5,0.2245018631219864,0.2373579442501068,0.21191012859344482,eb76debe9e583f4cb93b9c7f1f5ae429
Mentah,Master_Dataset\Mentah\DS3_Guiana_DSC_2373.jpg,DS3_Guiana_DSC_2373.jpg,JPEG,5568,3712,1.5,0.22775404155254364,0.23795434832572937,0.21248719096183777,d781ab032007f52617e8e011da0cb1f5
Mentah,Master_Dataset\Mentah\DS3_Guiana_DSC_2385.jpg,DS3_Guiana_DSC_2385.jpg,JPEG,5568,3712,1.5,0.22302338480949402,0.28531745076179504,0.2190942019224167,658567c7aefc864d93659768fa65c364
Mentah,Master_Dataset\Mentah\DS3_Guiana_DSC_2386.jpg,DS3_Guiana_DSC_2386.jpg,JPEG,5568,3712,1.5,0.22045406699180603,0.2817175090312958,0.21368873119354248,7691429459897da0453ae4bd3566ec9f
Mentah,Master_Dataset\Mentah\DS3_Guiana_DSC_2387.jpg,DS3_Guiana_DSC_2387.jpg,JPEG,5568,3712,1.5,0.3120558261871338,0.42903605103492737,0.3112349808216095,1e83ca5c14e8f193ebd79ae342f4cd2f
Mentah,Master_Dataset\Mentah\DS3_Guiana_DSC_2388.jpg,DS3_Guiana_DSC_2388.jpg,JPEG,5568,3712,1.5,0.31667256355285645,0.4358448386192322,0.3208165168762207,2ad5da3b90ccb4ddf1ffd062bfb2906f
Mentah,Master_Dataset\Mentah\DS3_Guiana_DSC_2389.jpg,DS3_Guiana_DSC_2389.jpg,JPEG,5568,3712,1.5,0.3776331841945648,0.4970610439777374,0.3268326222896576,7818154cd58119a047f54a17157d23a6
Mentah,Master_Dataset\Mentah\DS3_Guiana_DSC_2390.jpg,DS3_Guiana_DSC_2390.jpg,JPEG,5568,3712,1.5,0.38799145817756653,0.5042096972465515,0.3358994126319885,6aacadf40817a6bbf7a6ecd9c45b223f
Mentah,Master_Dataset\Mentah\DS3_Guiana_DSC_2410.jpg,DS3_Guiana_DSC_2410.jpg,JPEG,5568,3712,1.5,0.24914255738258362,0.2978949546813965,0.24508093297481537,746359ac50f7b873fe55c8617599355c
Mentah,Master_Dataset\Mentah\DS3_Guiana_DSC_2411.jpg,DS3_Guiana_DSC_2411.jpg,JPEG,5568,3712,1.5,0.25153136253356934,0.29824405908584595,0.24673554301261902,5432833cd1e39b64e2269592327b82d4
Mentah,Master_Dataset\Mentah\DS3_Guiana_DSC_2412.jpg,DS3_Guiana_DSC_2412.jpg,JPEG,5568,3712,1.5,0.28116926550865173,0.37302830815315247,0.27245986461639404,69a67511b7db4dd991c0bd740ddd04dc
Mentah,Master_Dataset\Mentah\DS3_Guiana_DSC_2413.jpg,DS3_Guiana_DSC_2413.jpg,JPEG,5568,3712,1.5,0.28677135705947876,0.37928465008735657,0.2791380286216736,c39f28da3e13cc1b3ea3e5b991a5b62a
Mentah,Master_Dataset\Mentah\DS3_Guiana_DSC_2414.jpg,DS3_Guiana_DSC_2414.jpg,JPEG,5568,3712,1.5,0.37522879242897034,0.41290485858917236,0.384049654006958,b3751c4b9a427347426f6f64f7841bdc
Mentah,Master_Dataset\Mentah\DS3_Guiana_DSC_2415.jpg,DS3_Guiana_DSC_2415.jpg,JPEG,5568,3712,1.5,0.3799230754375458,0.41713032126426697,0.38897934556007385,a154c2b0ec0a7c839502728d0e26073d
Mentah,Master_Dataset\Mentah\DS3_Guiana_DSC_2459.jpg,DS3_Guiana_DSC_2459.jpg,JPEG,5568,3712,1.5,0.3395567834377289,0.3935440182685852,0.31374406814575195,9e3b9c328ad4f5c07859fac29707916d
Mentah,Master_Dataset\Mentah\DS3_Guiana_DSC_2460.jpg,DS3_Guiana_DSC_2460.jpg,JPEG,5568,3712,1.5,0.35154277086257935,0.4030868113040924,0.3226744830608368,2d9e8b0bc8769a74a8cc8df0708ef2b6
Mentah,Master_Dataset\Mentah\DS3_Guiana_DSC_2461.jpg,DS3_Guiana_DSC_2461.jpg,JPEG,5568,3712,1.5,0.36423712968826294,0.4241369366645813,0.33225396275520325,31cfb0ac9ed289d52670200d58419410
Mentah,Master_Dataset\Mentah\DS3_Guiana_DSC_2462.jpg,DS3_Guiana_DSC_2462.jpg,JPEG,5568,3712,1.5,0.36212092638015747,0.4157184958457947,0.3277404010295868,3dee77749d18689060990d709ad61307
Mentah,Master_Dataset\Mentah\DS3_Guiana_DSC_2463.jpg,DS3_Guiana_DSC_2463.jpg,JPEG,5568,3712,1.5,0.37309905886650085,0.4378328025341034,0.35971206426620483,e20e2432938be47405a40b5a776240a1
Mentah,Master_Dataset\Mentah\DS3_Guiana_DSC_2464.jpg,DS3_Guiana_DSC_2464.jpg,JPEG,5568,3712,1.5,0.3751261830329895,0.4393760561943054,0.36058932542800903,b8ec2b6399e7c65de87504f787dd22af
Mentah,Master_Dataset\Mentah\DS3_Guiana_DSC_2465.jpg,DS3_Guiana_DSC_2465.jpg,JPEG,5568,3712,1.5,0.32481780648231506,0.4569033980369568,0.2932417392730713,9f57ad780570af53b74f5389f5e133ef
Mentah,Master_Dataset\Mentah\DS3_Guiana_DSC_2466.jpg,DS3_Guiana_DSC_2466.jpg,JPEG,5568,3712,1.5,0.3319067656993866,0.4693325459957123,0.3006032407283783,20d847dffa0b6368f996333e2ac6ea81
Mentah,Master_Dataset\Mentah\DS3_Guiana_DSC_2467.jpg,DS3_Guiana_DSC_2467.jpg,JPEG,5568,3712,1.5,0.3276827037334442,0.4664369225502014,0.292291522026062,380df8e0d2535814935b99f5042a5e1b
Mentah,Master_Dataset\Mentah\DS3_Guiana_DSC_2482.jpg,DS3_Guiana_DSC_2482.jpg,JPEG,5568,3712,1.5,0.3656666874885559,0.4041529893875122,0.3564673066139221,ab533990b777d776d7f2c1a0215d0b16
Mentah,Master_Dataset\Mentah\DS3_Guiana_DSC_2483.jpg,DS3_Guiana_DSC_2483.jpg,JPEG,5568,3712,1.5,0.3745537996292114,0.41434016823768616,0.3657771646976471,4cff3c85e01569cd211529988696db5f
Mentah,Master_Dataset\Mentah\DS3_Guiana_DSC_2502.jpg,DS3_Guiana_DSC_2502.jpg,JPEG,5568,3712,1.5,0.4060443937778473,0.4650495946407318,0.4527926445007324,9b23de268e7d4e32bf6589bef890d1a6
Mentah,Master_Dataset\Mentah\DS3_Guiana_DSC_2503.jpg,DS3_Guiana_DSC_2503.jpg,JPEG,5568,3712,1.5,0.40557199716567993,0.4637978672981262,0.4516226351261139,1d15f6a9402459938811d93ed12c8c87
Mentah,Master_Dataset\Mentah\DS3_Guiana_DSC_2504.jpg,DS3_Guiana_DSC_2504.jpg,JPEG,5568,3712,1.5,0.39067500829696655,0.42169326543807983,0.38288965821266174,2b40b4e461f35812ab0986143ea99d13
Mentah,Master_Dataset\Mentah\DS3_Guiana_DSC_2505.jpg,DS3_Guiana_DSC_2505.jpg,JPEG,5568,3712,1.5,0.3823676109313965,0.41384851932525635,0.3747010827064514,805023bb93e1e567a1b36b92de532c49
Mentah,Master_Dataset\Mentah\DS3_Guiana_DSC_2506.jpg,DS3_Guiana_DSC_2506.jpg,JPEG,5568,3712,1.5,0.4023304879665375,0.4630744159221649,0.39931854605674744,0538661123a4eb8c4ddfdd775e5dac9f
Mentah,Master_Dataset\Mentah\DS3_Guiana_DSC_2507.jpg,DS3_Guiana_DSC_2507.jpg,JPEG,5568,3712,1.5,0.40109533071517944,0.45899102091789246,0.39758628606796265,d44fef26460a67a6b9565283b8e43dd0
Mentah,Master_Dataset\Mentah\DS3_Guiana_DSC_2508.jpg,DS3_Guiana_DSC_2508.jpg,JPEG,5568,3712,1.5,0.40295788645744324,0.46091121435165405,0.4000976085662842,6e97a0b8237c6889cbbf167a206c3220
Mentah,Master_Dataset\Mentah\DS3_Guiana_DSC_2514.jpg,DS3_Guiana_DSC_2514.jpg,JPEG,5568,3712,1.5,0.38404688239097595,0.43113669753074646,0.4079442024230957,f83fbeaf2fb81647d81759e5a721d008
Mentah,Master_Dataset\Mentah\DS3_Guiana_DSC_2515.jpg,DS3_Guiana_DSC_2515.jpg,JPEG,5568,3712,1.5,0.38172808289527893,0.42941588163375854,0.40626057982444763,e053aaaced55bca11bee3dc1871f0bab
Mentah,Master_Dataset\Mentah\DS3_Guiana_DSC_2516.jpg,DS3_Guiana_DSC_2516.jpg,JPEG,5568,3712,1.5,0.4375693202018738,0.44404691457748413,0.4253154695034027,6fd1824236a23e7f9e3243778d9233a2
Mentah,Master_Dataset\Mentah\DS3_Guiana_DSC_2517.jpg,DS3_Guiana_DSC_2517.jpg,JPEG,5568,3712,1.5,0.4355788826942444,0.4464949667453766,0.4252917468547821,794389a8db15cf795988664e54553aba
Mentah,Master_Dataset\Mentah\DS3_Guiana_DSC_2518.jpg,DS3_Guiana_DSC_2518.jpg,JPEG,5568,3712,1.5,0.41313880681991577,0.4116567373275757,0.40134909749031067,00a909fcea112c40c5437a9dc8514624
Mentah,Master_Dataset\Mentah\DS3_Guiana_DSC_2519.jpg,DS3_Guiana_DSC_2519.jpg,JPEG,5568,3712,1.5,0.4121060073375702,0.4118148386478424,0.4010162949562073,d3f93e64681933b9da776f1ae577b7ac
Mentah,Master_Dataset\Mentah\DS3_Guiana_DSC_2528.jpg,DS3_Guiana_DSC_2528.jpg,JPEG,5568,3712,1.5,0.4403878152370453,0.5729210376739502,0.45670804381370544,8800a631b68ca4990641b590bcd30b9f
Mentah,Master_Dataset\Mentah\DS3_Guiana_DSC_2529.jpg,DS3_Guiana_DSC_2529.jpg,JPEG,5568,3712,1.5,0.4455088973045349,0.5733608603477478,0.46163085103034973,d249acce450a9b9ff3898baa6cf6b253
Mentah,Master_Dataset\Mentah\DS3_Guiana_DSC_2530.jpg,DS3_Guiana_DSC_2530.jpg,JPEG,5568,3712,1.5,0.4750898480415344,0.533724844455719,0.4996749758720398,c6336d48ad9862d6e566b384cea6efe4
Mentah,Master_Dataset\Mentah\DS3_Guiana_DSC_2531.jpg,DS3_Guiana_DSC_2531.jpg,JPEG,5568,3712,1.5,0.4735458493232727,0.5332731604576111,0.5020914673805237,2a7d49f199dcacc0eeab10f725aef585
Mentah,Master_Dataset\Mentah\DS3_Guiana_DSC_2532.jpg,DS3_Guiana_DSC_2532.jpg,JPEG,5568,3712,1.5,0.4122639298439026,0.5058251619338989,0.45800504088401794,ac898639a27a805273876d6586c7d273
Mentah,Master_Dataset\Mentah\DS3_Guiana_DSC_2533.jpg,DS3_Guiana_DSC_2533.jpg,JPEG,5568,3712,1.5,0.41005054116249084,0.5034576058387756,0.4569324851036072,1f4b2ecde718eb6f0abfccf735194aed
Mentah,Master_Dataset\Mentah\DS3_Guiana_DSC_2534.jpg,DS3_Guiana_DSC_2534.jpg,JPEG,5568,3712,1.5,0.48696643114089966,0.5411922335624695,0.4818755090236664,fea493d5a129596b42272584ecc36da9
Mentah,Master_Dataset\Mentah\DS3_Guiana_DSC_2535.jpg,DS3_Guiana_DSC_2535.jpg,JPEG,5568,3712,1.5,0.48650938272476196,0.5428057312965393,0.48120546340942383,41e3d265e887cd027cf34b2c727f2c83
Mentah,Master_Dataset\Mentah\DS3_Guiana_DSC_2536.jpg,DS3_Guiana_DSC_2536.jpg,JPEG,5568,3712,1.5,0.38083893060684204,0.4189383089542389,0.38560017943382263,9f3f0dc8d24cac2251e488c43d8dc111
Mentah,Master_Dataset\Mentah\DS3_Guiana_DSC_2537.jpg,DS3_Guiana_DSC_2537.jpg,JPEG,5568,3712,1.5,0.39705538749694824,0.4338325262069702,0.4021332561969757,f480dfb1f38b681fa75bcab5b61f121f
Mentah,Master_Dataset\Mentah\DS3_Guiana_DSC_2538.jpg,DS3_Guiana_DSC_2538.jpg,JPEG,5568,3712,1.5,0.37225931882858276,0.41708144545555115,0.3816949129104614,0fe6e5d73a6c61f048acd4d2785034de
Mentah,Master_Dataset\Mentah\DS3_Guiana_DSC_2539.jpg,DS3_Guiana_DSC_2539.jpg,JPEG,5568,3712,1.5,0.3738430440425873,0.41866716742515564,0.38367918133735657,fee8c1e04afaab15fd8115b194a7dc06
Mentah,Master_Dataset\Mentah\DS3_Guiana_DSC_2540.jpg,DS3_Guiana_DSC_2540.jpg,JPEG,5568,3712,1.5,0.406633198261261,0.45537257194519043,0.4205317199230194,4b5717f08e238cd27cc6a960845bd882
Mentah,Master_Dataset\Mentah\DS3_Guiana_DSC_2541.jpg,DS3_Guiana_DSC_2541.jpg,JPEG,5568,3712,1.5,0.40544864535331726,0.4534449875354767,0.4190613031387329,cc199a6985ed81b2efb6563458edcb5c
Mentah,Master_Dataset\Mentah\DS3_Guiana_DSC_2542.jpg,DS3_Guiana_DSC_2542.jpg,JPEG,5568,3712,1.5,0.2928643226623535,0.3288780152797699,0.2918221950531006,16ec4fbbb8ee1ee9f6dc705215676a56
Mentah,Master_Dataset\Mentah\DS3_Guiana_DSC_2543.jpg,DS3_Guiana_DSC_2543.jpg,JPEG,5568,3712,1.5,0.28558292984962463,0.3223196566104889,0.2841719090938568,1a9de6139b46c057fb1edd2cf6897589
Mentah,Master_Dataset\Mentah\DS3_Guiana_DSC_2544.jpg,DS3_Guiana_DSC_2544.jpg,JPEG,5568,3712,1.5,0.2373344749212265,0.25447580218315125,0.23691779375076294,af86bd2801a7078004d47153f59b9eb3
Mentah,Master_Dataset\Mentah\DS3_Guiana_DSC_2545.jpg,DS3_Guiana_DSC_2545.jpg,JPEG,5568,3712,1.5,0.22702716290950775,0.2439689338207245,0.22586138546466827,10fdf208d6a9a4554ac33a4cc7e664d9
Mentah,Master_Dataset\Mentah\DS3_Guiana_DSC_2546.jpg,DS3_Guiana_DSC_2546.jpg,JPEG,5568,3712,1.5,0.2439001202583313,0.27648836374282837,0.2615201473236084,9f0ce448a2af2d0599c0d9305f0530b7
Mentah,Master_Dataset\Mentah\DS3_Guiana_DSC_2547.jpg,DS3_Guiana_DSC_2547.jpg,JPEG,5568,3712,1.5,0.2432040423154831,0.2754896879196167,0.2609579563140869,9ec111adefdda7694ca3844944c03ffe
Mentah,Master_Dataset\Mentah\DS3_Guiana_DSC_2548.jpg,DS3_Guiana_DSC_2548.jpg,JPEG,5568,3712,1.5,0.26553118228912354,0.29440778493881226,0.27536553144454956,c76c478de4c587c865a24437d9b826ff
Mentah,Master_Dataset\Mentah\DS3_Guiana_DSC_2549.jpg,DS3_Guiana_DSC_2549.jpg,JPEG,5568,3712,1.5,0.2643824517726898,0.2945830821990967,0.2733711302280426,d02c5a8f6b9694d6ef3e49f71d4324c8
Mentah,Master_Dataset\Mentah\DS3_Guiana_DSC_2550.jpg,DS3_Guiana_DSC_2550.jpg,JPEG,5568,3712,1.5,0.5308036804199219,0.6183950304985046,0.6158159375190735,71e6fda5f7e415ecce30913cead04f83
Mentah,Master_Dataset\Mentah\DS3_Guiana_DSC_2551.jpg,DS3_Guiana_DSC_2551.jpg,JPEG,5568,3712,1.5,0.5326444506645203,0.619275689125061,0.6170889139175415,6e7f1fe357a9953b36914f77d3c793d5
Mentah,Master_Dataset\Mentah\DS3_Guiana_DSC_2552.jpg,DS3_Guiana_DSC_2552.jpg,JPEG,5568,3712,1.5,0.3968121111392975,0.5221786499023438,0.42894887924194336,b0c01df39567480ea31ce7543330ad4c
Mentah,Master_Dataset\Mentah\DS3_Guiana_DSC_2553.jpg,DS3_Guiana_DSC_2553.jpg,JPEG,5568,3712,1.5,0.36451074481010437,0.491606742143631,0.390678346157074,2d93354ac5101b26a4434787b61d84a6
Mentah,Master_Dataset\Mentah\DS3_Guiana_DSC_2554.jpg,DS3_Guiana_DSC_2554.jpg,JPEG,5568,3712,1.5,0.36174607276916504,0.39575308561325073,0.3742627799510956,b61755748720f28c34cb9f01a4846494
Mentah,Master_Dataset\Mentah\DS3_Guiana_DSC_2555.jpg,DS3_Guiana_DSC_2555.jpg,JPEG,5568,3712,1.5,0.3645021319389343,0.3983335793018341,0.37666478753089905,984e2e39cce7700b3ac5110da58bc9f5
Mentah,Master_Dataset\Mentah\DS3_Guiana_DSC_2556.jpg,DS3_Guiana_DSC_2556.jpg,JPEG,5568,3712,1.5,0.32619720697402954,0.3621602952480316,0.3467867374420166,258378574f5566fc67f9bc7877834283
Mentah,Master_Dataset\Mentah\DS3_Guiana_DSC_2557.jpg,DS3_Guiana_DSC_2557.jpg,JPEG,5568,3712,1.5,0.3238067924976349,0.35920092463493347,0.34396103024482727,753f6f557f3170fa681bae5063f72bbc
Mentah,Master_Dataset\Mentah\DS3_Guiana_DSC_2564.jpg,DS3_Guiana_DSC_2564.jpg,JPEG,5568,3712,1.5,0.3248864710330963,0.45002761483192444,0.3306845724582672,b67ae6578607044d181fbbcf357dce2e
Mentah,Master_Dataset\Mentah\DS3_Guiana_DSC_2565.jpg,DS3_Guiana_DSC_2565.jpg,JPEG,5568,3712,1.5,0.3273634612560272,0.4519258737564087,0.3364761471748352,9b3276d93b92aef62a3602f51c2f309a
Mentah,Master_Dataset\Mentah\DS3_Guiana_DSC_2566.jpg,DS3_Guiana_DSC_2566.jpg,JPEG,5568,3712,1.5,0.3802059590816498,0.4512726068496704,0.41677042841911316,02d6c25b11bbbb4c0c3e57c01b01d4f2
Mentah,Master_Dataset\Mentah\DS3_Guiana_DSC_2567.jpg,DS3_Guiana_DSC_2567.jpg,JPEG,5568,3712,1.5,0.3849242627620697,0.45514538884162903,0.42421895265579224,2febd2330f16252751d8eb42d84eb17c
Mentah,Master_Dataset\Mentah\DS3_Guiana_DSC_2568.jpg,DS3_Guiana_DSC_2568.jpg,JPEG,5568,3712,1.5,0.17717412114143372,0.21439188718795776,0.1906072199344635,5b0facd931dc0b6e98aaee8c7490172c
Mentah,Master_Dataset\Mentah\DS3_Guiana_DSC_2571.jpg,DS3_Guiana_DSC_2571.jpg,JPEG,5568,3712,1.5,0.45830005407333374,0.499124675989151,0.5239866971969604,08ac0ce77990205b6b121d19c9b45e6a
Mentah,Master_Dataset\Mentah\DS3_Guiana_DSC_2573.jpg,DS3_Guiana_DSC_2573.jpg,JPEG,5568,3712,1.5,0.40452197194099426,0.505587637424469,0.4247240126132965,a5655ef50861d5c1a9cebe372be4886d
Mentah,Master_Dataset\Mentah\DS3_Guiana_DSC_2574.jpg,DS3_Guiana_DSC_2574.jpg,JPEG,5568,3712,1.5,0.39163416624069214,0.4964695870876312,0.41137203574180603,90ee443f48bd04bbca1394f255d2aec1
Mentah,Master_Dataset\Mentah\DS3_Guiana_DSC_2575.jpg,DS3_Guiana_DSC_2575.jpg,JPEG,5568,3712,1.5,0.4523739218711853,0.49717336893081665,0.5129237174987793,fc64cabaf2340e2adaa1873f3c9d95cc
Mentah,Master_Dataset\Mentah\DS3_Guiana_DSC_2577.jpg,DS3_Guiana_DSC_2577.jpg,JPEG,5568,3712,1.5,0.41463178396224976,0.48371797800064087,0.435347318649292,31d3d81626125ae3a35b19e0fec87494
Mentah,Master_Dataset\Mentah\DS3_Guiana_DSC_2578.jpg,DS3_Guiana_DSC_2578.jpg,JPEG,5568,3712,1.5,0.41423994302749634,0.4783554673194885,0.43545886874198914,394b11fa950bf3a152b24135e8c988bf
Mentah,Master_Dataset\Mentah\DS3_Guiana_DSC_2581.jpg,DS3_Guiana_DSC_2581.jpg,JPEG,5568,3712,1.5,0.417222797870636,0.48938220739364624,0.44990941882133484,e5055daca873b9e68b8ebd3fed3060a7
Mentah,Master_Dataset\Mentah\DS3_Guiana_DSC_2582.jpg,DS3_Guiana_DSC_2582.jpg,JPEG,5568,3712,1.5,0.42016109824180603,0.4915461540222168,0.45262107253074646,88f413691f416faf69d28fbfe997ebc3
Mentah,Master_Dataset\Mentah\DS3_Guiana_DSC_2585.jpg,DS3_Guiana_DSC_2585.jpg,JPEG,5568,3712,1.5,0.30530276894569397,0.41544046998023987,0.2808864414691925,3159fe08612ef5da48ec43cdce68a6d0
Mentah,Master_Dataset\Mentah\DS3_Guiana_DSC_2586.jpg,DS3_Guiana_DSC_2586.jpg,JPEG,5568,3712,1.5,0.31178349256515503,0.4205436110496521,0.2885800898075104,e638cd835c991f8892cca555fd155aee
Mentah,Master_Dataset\Mentah\DS3_Guiana_DSC_2587.jpg,DS3_Guiana_DSC_2587.jpg,JPEG,5568,3712,1.5,0.34019023180007935,0.4649665951728821,0.31698888540267944,c289b28507a95cc2a676e0c84a930cfe
Mentah,Master_Dataset\Mentah\DS3_Guiana_DSC_2588.jpg,DS3_Guiana_DSC_2588.jpg,JPEG,5568,3712,1.5,0.3372677266597748,0.46347877383232117,0.309553325176239,f30da3e218137fb4b61ec044eeceb6d9
Mentah,Master_Dataset\Mentah\DS3_Guiana_DSC_2589.jpg,DS3_Guiana_DSC_2589.jpg,JPEG,5568,3712,1.5,0.34444305300712585,0.4767485558986664,0.3309765160083771,2bbe5d902a5bda8a728605c3ad6448a1
Mentah,Master_Dataset\Mentah\DS3_Guiana_DSC_2590.jpg,DS3_Guiana_DSC_2590.jpg,JPEG,5568,3712,1.5,0.3491404354572296,0.48423439264297485,0.33646759390830994,ed52f92b2d5d6d295003d52c7aa248df
Mentah,Master_Dataset\Mentah\DS3_Guiana_DSC_2591.jpg,DS3_Guiana_DSC_2591.jpg,JPEG,5568,3712,1.5,0.31659671664237976,0.4156404733657837,0.3338072597980499,ddac176202e147082efaa3e437c17d1b
Mentah,Master_Dataset\Mentah\DS3_Guiana_DSC_2592.jpg,DS3_Guiana_DSC_2592.jpg,JPEG,5568,3712,1.5,0.3190067410469055,0.4186664819717407,0.3406677842140198,cf416afffc2e7faed689d34cfd9bdbfd
Mentah,Master_Dataset\Mentah\DS3_Guiana_DSC_2593.jpg,DS3_Guiana_DSC_2593.jpg,JPEG,5568,3712,1.5,0.36848196387290955,0.511600136756897,0.36047178506851196,ed6943af9ace340019622b78c0bf0243
Mentah,Master_Dataset\Mentah\DS3_Guiana_DSC_2594.jpg,DS3_Guiana_DSC_2594.jpg,JPEG,5568,3712,1.5,0.3696533143520355,0.5148609280586243,0.3603479564189911,fc3f37a8427033641cb792b978656b80
Mentah,Master_Dataset\Mentah\DS3_Guiana_DSC_2595.jpg,DS3_Guiana_DSC_2595.jpg,JPEG,5568,3712,1.5,0.34276196360588074,0.4535353481769562,0.3435337543487549,a78c52bbe1d30336002f2aef096a97d4
Mentah,Master_Dataset\Mentah\DS3_Guiana_DSC_2596.jpg,DS3_Guiana_DSC_2596.jpg,JPEG,5568,3712,1.5,0.34666845202445984,0.45715343952178955,0.3465944528579712,590f88d5fe959fe6d8eae18754c7881f
Mentah,Master_Dataset\Mentah\DS3_Guiana_DSC_2597.jpg,DS3_Guiana_DSC_2597.jpg,JPEG,5568,3712,1.5,0.39492765069007874,0.50312340259552,0.4175632894039154,9a7cd814dc010f8681c4c08a130c1c66
Mentah,Master_Dataset\Mentah\DS3_Guiana_DSC_2598.jpg,DS3_Guiana_DSC_2598.jpg,JPEG,5568,3712,1.5,0.39383381605148315,0.5007830262184143,0.41788142919540405,8b19e89006eedf1c51c877353b013401
Mentah,Master_Dataset\Mentah\DS3_Guiana_DSC_2599.jpg,DS3_Guiana_DSC_2599.jpg,JPEG,5568,3712,1.5,0.37688490748405457,0.49283120036125183,0.37314435839653015,5de09723d95b316b98abc5c80eac3f34
Mentah,Master_Dataset\Mentah\DS3_Guiana_DSC_2600.jpg,DS3_Guiana_DSC_2600.jpg,JPEG,5568,3712,1.5,0.3777494430541992,0.4942401945590973,0.3730963468551636,e5eb10262e0c6cc700608e3f458ac3cf
Mentah,Master_Dataset\Mentah\DS3_Guiana_DSC_2601.jpg,DS3_Guiana_DSC_2601.jpg,JPEG,5568,3712,1.5,0.36855751276016235,0.4392060339450836,0.41525086760520935,677113d9afca87b5f825b68a1453d5c6
Mentah,Master_Dataset\Mentah\DS3_Guiana_DSC_2602.jpg,DS3_Guiana_DSC_2602.jpg,JPEG,5568,3712,1.5,0.3696180284023285,0.44486501812934875,0.4184560179710388,1b7b22f5c0200cdf2d02b45cd91986fd
Mentah,Master_Dataset\Mentah\DS3_Guiana_DSC_2603.jpg,DS3_Guiana_DSC_2603.jpg,JPEG,5568,3712,1.5,0.3133845031261444,0.3720855712890625,0.3340769410133362,3596ad2dda4e39e379542c0f707d455d
Mentah,Master_Dataset\Mentah\DS3_Guiana_DSC_2604.jpg,DS3_Guiana_DSC_2604.jpg,JPEG,5568,3712,1.5,0.3287193477153778,0.3842264413833618,0.351100891828537,a935c9b1259abaaa170623867d918ff9
Mentah,Master_Dataset\Mentah\DS3_Guiana_DSC_2605.jpg,DS3_Guiana_DSC_2605.jpg,JPEG,5568,3712,1.5,0.3448711633682251,0.45398280024528503,0.3494023382663727,b2854aa50022ede22ec75468b5e075ab
Mentah,Master_Dataset\Mentah\DS3_Guiana_DSC_2606.jpg,DS3_Guiana_DSC_2606.jpg,JPEG,5568,3712,1.5,0.3513002395629883,0.4590499997138977,0.3553982675075531,5e801b5542bf2c49a2436d1ec8ac620c
Mentah,Master_Dataset\Mentah\DS3_Guiana_DSC_2607.jpg,DS3_Guiana_DSC_2607.jpg,JPEG,5568,3712,1.5,0.3636634051799774,0.50954669713974,0.3580370247364044,7401064c9ab443846f473c23cbd0b0de
Mentah,Master_Dataset\Mentah\DS3_Guiana_DSC_2608.jpg,DS3_Guiana_DSC_2608.jpg,JPEG,5568,3712,1.5,0.36105477809906006,0.5064694285392761,0.4014527201652527,d26ca89fd537d3ffddf7e36cb5e516a6
Mentah,Master_Dataset\Mentah\DS3_Guiana_DSC_2609.jpg,DS3_Guiana_DSC_2609.jpg,JPEG,5568,3712,1.5,0.3621979057788849,0.5070478916168213,0.4035061001777649,2dfd40c3d629fe49b060a7c36d60d4c8
Mentah,Master_Dataset\Mentah\DS3_Guiana_DSC_2610.jpg,DS3_Guiana_DSC_2610.jpg,JPEG,5568,3712,1.5,0.38294899463653564,0.4798305332660675,0.40350642800331116,63109c7442e5b985407345984a287a3e
Mentah,Master_Dataset\Mentah\DS3_Guiana_DSC_2611.jpg,DS3_Guiana_DSC_2611.jpg,JPEG,5568,3712,1.5,0.37955135107040405,0.480509489774704,0.4039608836174011,3aa774a4524f0b01ef3017b0c7d05750
Mentah,Master_Dataset\Mentah\DS3_Guiana_DSC_2612.jpg,DS3_Guiana_DSC_2612.jpg,JPEG,5568,3712,1.5,0.47613993287086487,0.5137689113616943,0.516545832157135,ab43c18ef03ee273339c41e176471277
Mentah,Master_Dataset\Mentah\DS3_Guiana_DSC_2613.jpg,DS3_Guiana_DSC_2613.jpg,JPEG,5568,3712,1.5,0.47878357768058777,0.5155301094055176,0.5184293985366821,00ebf41bc521e1ac8a767d14c4bee1b1
Mentah,Master_Dataset\Mentah\DS3_Guiana_DSC_2616.jpg,DS3_Guiana_DSC_2616.jpg,JPEG,5568,3712,1.5,0.39830002188682556,0.42032596468925476,0.4056033790111542,5e0310b6700d4dbf11e8ac849548904c
Mentah,Master_Dataset\Mentah\DS3_Guiana_DSC_2617.jpg,DS3_Guiana_DSC_2617.jpg,JPEG,5568,3712,1.5,0.39172622561454773,0.4214182496070862,0.40737587213516235,ef2a86ea330bc8656ed279cd852f2826
Mentah,Master_Dataset\Mentah\DS3_Guiana_DSC_2618.jpg,DS3_Guiana_DSC_2618.jpg,JPEG,5568,3712,1.5,0.3967542052268982,0.3922826945781708,0.4009816348552704,738f32c7e7ed100132f3bf280c7aa55c
Mentah,Master_Dataset\Mentah\DS3_Guiana_DSC_2619.jpg,DS3_Guiana_DSC_2619.jpg,JPEG,5568,3712,1.5,0.3942299783229828,0.391422301530838,0.39627528190612793,7c60a53f2f93251d53868c926a32991a
Mentah,Master_Dataset\Mentah\DS3_Guiana_DSC_2620.jpg,DS3_Guiana_DSC_2620.jpg,JPEG,5568,3712,1.5,0.41612058877944946,0.42780715227127075,0.4369053244590759,08d07f8b77872675086118d8927d85b3
Mentah,Master_Dataset\Mentah\DS3_Guiana_DSC_2621.jpg,DS3_Guiana_DSC_2621.jpg,JPEG,5568,3712,1.5,0.4078157842159271,0.41933757066726685,0.428407222032547,883188a7b0a6c114330f694d2279b65b
Mentah,Master_Dataset\Mentah\DS3_Guiana_DSC_2622.jpg,DS3_Guiana_DSC_2622.jpg,JPEG,5568,3712,1.5,0.4112577438354492,0.4234200417995453,0.43268951773643494,b732343ce9f5d9e8d1cb8636deb055f7
Mentah,Master_Dataset\Mentah\DS3_Guiana_DSC_2637.jpg,DS3_Guiana_DSC_2637.jpg,JPEG,5568,3712,1.5,0.4572583734989166,0.5577303767204285,0.48470497131347656,de26e06597b194c1b2a3070f44e7e4d6
Mentah,Master_Dataset\Mentah\DS3_Guiana_DSC_2638.jpg,DS3_Guiana_DSC_2638.jpg,JPEG,5568,3712,1.5,0.45608606934547424,0.5584894418716431,0.48152825236320496,b6d59d8d0ce3ca13fabb9a39f5468642
Mentah,Master_Dataset\Mentah\DS3_Guiana_DSC_2639.jpg,DS3_Guiana_DSC_2639.jpg,JPEG,5568,3712,1.5,0.5699902772903442,0.5920104384422302,0.6034444570541382,bca8d35bbaa5b884e6ae3b3d57cbf62d
Mentah,Master_Dataset\Mentah\DS3_Guiana_DSC_2640.jpg,DS3_Guiana_DSC_2640.jpg,JPEG,5568,3712,1.5,0.5594979524612427,0.5828418135643005,0.5926921963691711,70b755b0f5dc6b4634b555ce750441b9
Mentah,Master_Dataset\Mentah\DS3_Guiana_DSC_2645.jpg,DS3_Guiana_DSC_2645.jpg,JPEG,5568,3712,1.5,0.5559040307998657,0.6107428669929504,0.5908654928207397,808d17899ae5421019fa9c3fb382f8c2
Mentah,Master_Dataset\Mentah\DS3_Guiana_DSC_2646.jpg,DS3_Guiana_DSC_2646.jpg,JPEG,5568,3712,1.5,0.5685514807701111,0.6074860692024231,0.6038500666618347,863b450394d41c492d50e830c1fddb4b
Mentah,Master_Dataset\Mentah\DS3_Guiana_DSC_2647.jpg,DS3_Guiana_DSC_2647.jpg,JPEG,5568,3712,1.5,0.5559250116348267,0.5976208448410034,0.5910007357597351,c723f9b2d63ff76b20a60cfbca58da3c
